2026-08-16 02:18:02.938 | DEBUG    | androguard.core.axml:__init__:1136 - AXMLPrinter
2026-08-16 02:18:02.938 | DEBUG    | androguard.core.axml:__init__:449 - AXMLParser
2026-08-16 02:18:02.938 | DEBUG    | androguard.core.axml:__init__:482 - FIRST HEADER <ARSCHeader idx='0x00000000' type='3' header_size='8' size='32260'>
2026-08-16 02:18:02.938 | DEBUG    | androguard.core.axml:__init__:540 - STRING_POOL <ARSCHeader idx='0x00000008' type='1' header_size='28' size='14652'>
2026-08-16 02:18:02.938 | DEBUG    | androguard.core.axml:is_valid:575 - True
2026-08-16 02:18:02.938 | DEBUG    | androguard.core.axml:_do_next:593 - M_EVENT -1
2026-08-16 02:18:02.938 | DEBUG    | androguard.core.axml:_do_next:608 - NEXT HEADER <ARSCHeader idx='0x00003944' type='384' header_size='8' size='192'>
2026-08-16 02:18:02.938 | DEBUG    | androguard.core.axml:_do_next:617 - AXML contains a RESOURCE MAP
2026-08-16 02:18:02.938 | DEBUG    | androguard.core.axml:_do_next:608 - NEXT HEADER <ARSCHeader idx='0x00003a04' type='256' header_size='16' size='24'>
2026-08-16 02:18:02.938 | DEBUG    | androguard.core.axml:_do_next:685 - Start of Namespace mapping: prefix 54: 'android' --> uri 174: 'http://schemas.android.com/apk/res/android'
2026-08-16 02:18:02.938 | DEBUG    | androguard.core.axml:_do_next:608 - NEXT HEADER <ARSCHeader idx='0x00003a1c' type='258' header_size='16' size='176'>
2026-08-16 02:18:02.938 | DEBUG    | androguard.core.axml:__init__:1146 - DEBUG ARSC TYPE 2
2026-08-16 02:18:02.938 | DEBUG    | androguard.core.axml:__init__:1167 - START_TAG: manifest (line=1)
2026-08-16 02:18:02.939 | DEBUG    | androguard.core.axml:getAttributeNamespace:981 - 0
2026-08-16 02:18:02.939 | DEBUG    | androguard.core.axml:getAttributeUri:968 - 0
2026-08-16 02:18:02.939 | DEBUG    | androguard.core.axml:getAttributeName:997 - 0
2026-08-16 02:18:02.939 | DEBUG    | androguard.core.axml:getAttributeValueType:1027 - 0
2026-08-16 02:18:02.939 | DEBUG    | androguard.core.axml:getAttributeValueData:1038 - 0
2026-08-16 02:18:02.943 | DEBUG    | androguard.core.axml:__init__:1195 - found an attribute: {http://schemas.android.com/apk/res/android}versionCode='b'1''
2026-08-16 02:18:02.943 | DEBUG    | androguard.core.axml:getAttributeNamespace:981 - 1
2026-08-16 02:18:02.943 | DEBUG    | androguard.core.axml:getAttributeUri:968 - 1
2026-08-16 02:18:02.943 | DEBUG    | androguard.core.axml:getAttributeName:997 - 1
2026-08-16 02:18:02.943 | DEBUG    | androguard.core.axml:getAttributeValueType:1027 - 1
2026-08-16 02:18:02.943 | DEBUG    | androguard.core.axml:getAttributeValueData:1038 - 1
2026-08-16 02:18:02.943 | DEBUG    | androguard.core.axml:getAttributeValue:1052 - 1
2026-08-16 02:18:02.943 | DEBUG    | androguard.core.axml:__init__:1195 - found an attribute: {http://schemas.android.com/apk/res/android}versionName='b'1.0''
2026-08-16 02:18:02.943 | DEBUG    | androguard.core.axml:getAttributeNamespace:981 - 2
2026-08-16 02:18:02.943 | DEBUG    | androguard.core.axml:getAttributeUri:968 - 2
2026-08-16 02:18:02.943 | DEBUG    | androguard.core.axml:getAttributeName:997 - 2
2026-08-16 02:18:02.943 | DEBUG    | androguard.core.axml:getAttributeValueType:1027 - 2
2026-08-16 02:18:02.943 | DEBUG    | androguard.core.axml:getAttributeValueData:1038 - 2
2026-08-16 02:18:02.943 | DEBUG    | androguard.core.axml:__init__:1195 - found an attribute: {http://schemas.android.com/apk/res/android}compileSdkVersion='b'35''
2026-08-16 02:18:02.943 | DEBUG    | androguard.core.axml:getAttributeNamespace:981 - 3
2026-08-16 02:18:02.943 | DEBUG    | androguard.core.axml:getAttributeUri:968 - 3
2026-08-16 02:18:02.943 | DEBUG    | androguard.core.axml:getAttributeName:997 - 3
2026-08-16 02:18:02.943 | DEBUG    | androguard.core.axml:getAttributeValueType:1027 - 3
2026-08-16 02:18:02.943 | DEBUG    | androguard.core.axml:getAttributeValueData:1038 - 3
2026-08-16 02:18:02.943 | DEBUG    | androguard.core.axml:getAttributeValue:1052 - 3
2026-08-16 02:18:02.943 | DEBUG    | androguard.core.axml:__init__:1195 - found an attribute: {http://schemas.android.com/apk/res/android}compileSdkVersionCodename='b'15''
2026-08-16 02:18:02.943 | DEBUG    | androguard.core.axml:getAttributeNamespace:981 - 4
2026-08-16 02:18:02.943 | DEBUG    | androguard.core.axml:getAttributeUri:968 - 4
2026-08-16 02:18:02.943 | DEBUG    | androguard.core.axml:getAttributeName:997 - 4
2026-08-16 02:18:02.943 | DEBUG    | androguard.core.axml:getAttributeValueType:1027 - 4
2026-08-16 02:18:02.943 | DEBUG    | androguard.core.axml:getAttributeValueData:1038 - 4
2026-08-16 02:18:02.943 | DEBUG    | androguard.core.axml:getAttributeValue:1052 - 4
2026-08-16 02:18:02.943 | DEBUG    | androguard.core.axml:__init__:1195 - found an attribute: package='b'io.system.system903''
2026-08-16 02:18:02.943 | DEBUG    | androguard.core.axml:getAttributeNamespace:981 - 5
2026-08-16 02:18:02.943 | DEBUG    | androguard.core.axml:getAttributeUri:968 - 5
2026-08-16 02:18:02.943 | DEBUG    | androguard.core.axml:getAttributeName:997 - 5
2026-08-16 02:18:02.943 | DEBUG    | androguard.core.axml:getAttributeValueType:1027 - 5
2026-08-16 02:18:02.943 | DEBUG    | androguard.core.axml:getAttributeValueData:1038 - 5
2026-08-16 02:18:02.943 | DEBUG    | androguard.core.axml:__init__:1195 - found an attribute: platformBuildVersionCode='b'35''
2026-08-16 02:18:02.943 | DEBUG    | androguard.core.axml:getAttributeNamespace:981 - 6
2026-08-16 02:18:02.943 | DEBUG    | androguard.core.axml:getAttributeUri:968 - 6
2026-08-16 02:18:02.943 | DEBUG    | androguard.core.axml:getAttributeName:997 - 6
2026-08-16 02:18:02.943 | DEBUG    | androguard.core.axml:getAttributeValueType:1027 - 6
2026-08-16 02:18:02.943 | DEBUG    | androguard.core.axml:getAttributeValueData:1038 - 6
2026-08-16 02:18:02.943 | DEBUG    | androguard.core.axml:__init__:1195 - found an attribute: platformBuildVersionName='b'15''
2026-08-16 02:18:02.943 | DEBUG    | androguard.core.axml:is_valid:575 - True
2026-08-16 02:18:02.943 | DEBUG    | androguard.core.axml:_do_next:593 - M_EVENT 2
2026-08-16 02:18:02.943 | DEBUG    | androguard.core.axml:_do_next:608 - NEXT HEADER <ARSCHeader idx='0x00003acc' type='258' header_size='16' size='76'>
2026-08-16 02:18:02.943 | DEBUG    | androguard.core.axml:__init__:1146 - DEBUG ARSC TYPE 2
2026-08-16 02:18:02.943 | DEBUG    | androguard.core.axml:__init__:1167 - START_TAG: uses-sdk (line=0)
2026-08-16 02:18:02.943 | DEBUG    | androguard.core.axml:getAttributeNamespace:981 - 0
2026-08-16 02:18:02.943 | DEBUG    | androguard.core.axml:getAttributeUri:968 - 0
2026-08-16 02:18:02.943 | DEBUG    | androguard.core.axml:getAttributeName:997 - 0
2026-08-16 02:18:02.943 | DEBUG    | androguard.core.axml:getAttributeValueType:1027 - 0
2026-08-16 02:18:02.943 | DEBUG    | androguard.core.axml:getAttributeValueData:1038 - 0
2026-08-16 02:18:02.943 | DEBUG    | androguard.core.axml:__init__:1195 - found an attribute: {http://schemas.android.com/apk/res/android}minSdkVersion='b'24''
2026-08-16 02:18:02.943 | DEBUG    | androguard.core.axml:getAttributeNamespace:981 - 1
2026-08-16 02:18:02.943 | DEBUG    | androguard.core.axml:getAttributeUri:968 - 1
2026-08-16 02:18:02.943 | DEBUG    | androguard.core.axml:getAttributeName:997 - 1
2026-08-16 02:18:02.943 | DEBUG    | androguard.core.axml:getAttributeValueType:1027 - 1
2026-08-16 02:18:02.943 | DEBUG    | androguard.core.axml:getAttributeValueData:1038 - 1
2026-08-16 02:18:02.943 | DEBUG    | androguard.core.axml:__init__:1195 - found an attribute: {http://schemas.android.com/apk/res/android}targetSdkVersion='b'35''
2026-08-16 02:18:02.943 | DEBUG    | androguard.core.axml:is_valid:575 - True
2026-08-16 02:18:02.943 | DEBUG    | androguard.core.axml:_do_next:593 - M_EVENT 2
2026-08-16 02:18:02.943 | DEBUG    | androguard.core.axml:_do_next:608 - NEXT HEADER <ARSCHeader idx='0x00003b18' type='259' header_size='16' size='24'>
2026-08-16 02:18:02.944 | DEBUG    | androguard.core.axml:__init__:1146 - DEBUG ARSC TYPE 3
2026-08-16 02:18:02.944 | DEBUG    | androguard.core.axml:is_valid:575 - True
2026-08-16 02:18:02.944 | DEBUG    | androguard.core.axml:_do_next:593 - M_EVENT 3
2026-08-16 02:18:02.944 | DEBUG    | androguard.core.axml:_do_next:608 - NEXT HEADER <ARSCHeader idx='0x00003b30' type='258' header_size='16' size='56'>
2026-08-16 02:18:02.944 | DEBUG    | androguard.core.axml:__init__:1146 - DEBUG ARSC TYPE 2
2026-08-16 02:18:02.944 | DEBUG    | androguard.core.axml:__init__:1167 - START_TAG: uses-permission (line=2)
2026-08-16 02:18:02.944 | DEBUG    | androguard.core.axml:getAttributeNamespace:981 - 0
2026-08-16 02:18:02.944 | DEBUG    | androguard.core.axml:getAttributeUri:968 - 0
2026-08-16 02:18:02.944 | DEBUG    | androguard.core.axml:getAttributeName:997 - 0
2026-08-16 02:18:02.944 | DEBUG    | androguard.core.axml:getAttributeValueType:1027 - 0
2026-08-16 02:18:02.944 | DEBUG    | androguard.core.axml:getAttributeValueData:1038 - 0
2026-08-16 02:18:02.944 | DEBUG    | androguard.core.axml:getAttributeValue:1052 - 0
2026-08-16 02:18:02.944 | DEBUG    | androguard.core.axml:__init__:1195 - found an attribute: {http://schemas.android.com/apk/res/android}name='b'android.permission.INTERNET''
2026-08-16 02:18:02.944 | DEBUG    | androguard.core.axml:is_valid:575 - True
2026-08-16 02:18:02.944 | DEBUG    | androguard.core.axml:_do_next:593 - M_EVENT 2
2026-08-16 02:18:02.944 | DEBUG    | androguard.core.axml:_do_next:608 - NEXT HEADER <ARSCHeader idx='0x00003b68' type='259' header_size='16' size='24'>
2026-08-16 02:18:02.944 | DEBUG    | androguard.core.axml:__init__:1146 - DEBUG ARSC TYPE 3
2026-08-16 02:18:02.944 | DEBUG    | androguard.core.axml:is_valid:575 - True
2026-08-16 02:18:02.944 | DEBUG    | androguard.core.axml:_do_next:593 - M_EVENT 3
2026-08-16 02:18:02.944 | DEBUG    | androguard.core.axml:_do_next:608 - NEXT HEADER <ARSCHeader idx='0x00003b80' type='258' header_size='16' size='56'>
2026-08-16 02:18:02.944 | DEBUG    | androguard.core.axml:__init__:1146 - DEBUG ARSC TYPE 2
2026-08-16 02:18:02.944 | DEBUG    | androguard.core.axml:__init__:1167 - START_TAG: uses-permission (line=3)
2026-08-16 02:18:02.944 | DEBUG    | androguard.core.axml:getAttributeNamespace:981 - 0
2026-08-16 02:18:02.944 | DEBUG    | androguard.core.axml:getAttributeUri:968 - 0
2026-08-16 02:18:02.944 | DEBUG    | androguard.core.axml:getAttributeName:997 - 0
2026-08-16 02:18:02.944 | DEBUG    | androguard.core.axml:getAttributeValueType:1027 - 0
2026-08-16 02:18:02.944 | DEBUG    | androguard.core.axml:getAttributeValueData:1038 - 0
2026-08-16 02:18:02.944 | DEBUG    | androguard.core.axml:getAttributeValue:1052 - 0
2026-08-16 02:18:02.944 | DEBUG    | androguard.core.axml:__init__:1195 - found an attribute: {http://schemas.android.com/apk/res/android}name='b'android.permission.RECEIVE_SMS''
2026-08-16 02:18:02.944 | DEBUG    | androguard.core.axml:is_valid:575 - True
2026-08-16 02:18:02.944 | DEBUG    | androguard.core.axml:_do_next:593 - M_EVENT 2
2026-08-16 02:18:02.944 | DEBUG    | androguard.core.axml:_do_next:608 - NEXT HEADER <ARSCHeader idx='0x00003bb8' type='259' header_size='16' size='24'>
2026-08-16 02:18:02.944 | DEBUG    | androguard.core.axml:__init__:1146 - DEBUG ARSC TYPE 3
2026-08-16 02:18:02.944 | DEBUG    | androguard.core.axml:is_valid:575 - True
2026-08-16 02:18:02.944 | DEBUG    | androguard.core.axml:_do_next:593 - M_EVENT 3
2026-08-16 02:18:02.944 | DEBUG    | androguard.core.axml:_do_next:608 - NEXT HEADER <ARSCHeader idx='0x00003bd0' type='258' header_size='16' size='56'>
2026-08-16 02:18:02.944 | DEBUG    | androguard.core.axml:__init__:1146 - DEBUG ARSC TYPE 2
2026-08-16 02:18:02.944 | DEBUG    | androguard.core.axml:__init__:1167 - START_TAG: uses-permission (line=4)
2026-08-16 02:18:02.944 | DEBUG    | androguard.core.axml:getAttributeNamespace:981 - 0
2026-08-16 02:18:02.944 | DEBUG    | androguard.core.axml:getAttributeUri:968 - 0
2026-08-16 02:18:02.944 | DEBUG    | androguard.core.axml:getAttributeName:997 - 0
2026-08-16 02:18:02.944 | DEBUG    | androguard.core.axml:getAttributeValueType:1027 - 0
2026-08-16 02:18:02.944 | DEBUG    | androguard.core.axml:getAttributeValueData:1038 - 0
2026-08-16 02:18:02.944 | DEBUG    | androguard.core.axml:getAttributeValue:1052 - 0
2026-08-16 02:18:02.944 | DEBUG    | androguard.core.axml:__init__:1195 - found an attribute: {http://schemas.android.com/apk/res/android}name='b'android.permission.READ_SMS''
2026-08-16 02:18:02.944 | DEBUG    | androguard.core.axml:is_valid:575 - True
2026-08-16 02:18:02.944 | DEBUG    | androguard.core.axml:_do_next:593 - M_EVENT 2
2026-08-16 02:18:02.944 | DEBUG    | androguard.core.axml:_do_next:608 - NEXT HEADER <ARSCHeader idx='0x00003c08' type='259' header_size='16' size='24'>
2026-08-16 02:18:02.944 | DEBUG    | androguard.core.axml:__init__:1146 - DEBUG ARSC TYPE 3
2026-08-16 02:18:02.944 | DEBUG    | androguard.core.axml:is_valid:575 - True
2026-08-16 02:18:02.944 | DEBUG    | androguard.core.axml:_do_next:593 - M_EVENT 3
2026-08-16 02:18:02.944 | DEBUG    | androguard.core.axml:_do_next:608 - NEXT HEADER <ARSCHeader idx='0x00003c20' type='258' header_size='16' size='56'>
2026-08-16 02:18:02.944 | DEBUG    | androguard.core.axml:__init__:1146 - DEBUG ARSC TYPE 2
2026-08-16 02:18:02.944 | DEBUG    | androguard.core.axml:__init__:1167 - START_TAG: uses-permission (line=5)
2026-08-16 02:18:02.944 | DEBUG    | androguard.core.axml:getAttributeNamespace:981 - 0
2026-08-16 02:18:02.944 | DEBUG    | androguard.core.axml:getAttributeUri:968 - 0
2026-08-16 02:18:02.944 | DEBUG    | androguard.core.axml:getAttributeName:997 - 0
2026-08-16 02:18:02.944 | DEBUG    | androguard.core.axml:getAttributeValueType:1027 - 0
2026-08-16 02:18:02.944 | DEBUG    | androguard.core.axml:getAttributeValueData:1038 - 0
2026-08-16 02:18:02.944 | DEBUG    | androguard.core.axml:getAttributeValue:1052 - 0
2026-08-16 02:18:02.944 | DEBUG    | androguard.core.axml:__init__:1195 - found an attribute: {http://schemas.android.com/apk/res/android}name='b'android.permission.SEND_SMS''
2026-08-16 02:18:02.944 | DEBUG    | androguard.core.axml:is_valid:575 - True
2026-08-16 02:18:02.944 | DEBUG    | androguard.core.axml:_do_next:593 - M_EVENT 2
2026-08-16 02:18:02.944 | DEBUG    | androguard.core.axml:_do_next:608 - NEXT HEADER <ARSCHeader idx='0x00003c58' type='259' header_size='16' size='24'>
2026-08-16 02:18:02.944 | DEBUG    | androguard.core.axml:__init__:1146 - DEBUG ARSC TYPE 3
2026-08-16 02:18:02.944 | DEBUG    | androguard.core.axml:is_valid:575 - True
2026-08-16 02:18:02.944 | DEBUG    | androguard.core.axml:_do_next:593 - M_EVENT 3
2026-08-16 02:18:02.944 | DEBUG    | androguard.core.axml:_do_next:608 - NEXT HEADER <ARSCHeader idx='0x00003c70' type='258' header_size='16' size='56'>
2026-08-16 02:18:02.944 | DEBUG    | androguard.core.axml:__init__:1146 - DEBUG ARSC TYPE 2
2026-08-16 02:18:02.944 | DEBUG    | androguard.core.axml:__init__:1167 - START_TAG: uses-permission (line=6)
2026-08-16 02:18:02.944 | DEBUG    | androguard.core.axml:getAttributeNamespace:981 - 0
2026-08-16 02:18:02.944 | DEBUG    | androguard.core.axml:getAttributeUri:968 - 0
2026-08-16 02:18:02.944 | DEBUG    | androguard.core.axml:getAttributeName:997 - 0
2026-08-16 02:18:02.944 | DEBUG    | androguard.core.axml:getAttributeValueType:1027 - 0
2026-08-16 02:18:02.944 | DEBUG    | androguard.core.axml:getAttributeValueData:1038 - 0
2026-08-16 02:18:02.944 | DEBUG    | androguard.core.axml:getAttributeValue:1052 - 0
2026-08-16 02:18:02.944 | DEBUG    | androguard.core.axml:__init__:1195 - found an attribute: {http://schemas.android.com/apk/res/android}name='b'android.permission.WRITE_SMS''
2026-08-16 02:18:02.944 | DEBUG    | androguard.core.axml:is_valid:575 - True
2026-08-16 02:18:02.944 | DEBUG    | androguard.core.axml:_do_next:593 - M_EVENT 2
2026-08-16 02:18:02.944 | DEBUG    | androguard.core.axml:_do_next:608 - NEXT HEADER <ARSCHeader idx='0x00003ca8' type='259' header_size='16' size='24'>
2026-08-16 02:18:02.944 | DEBUG    | androguard.core.axml:__init__:1146 - DEBUG ARSC TYPE 3
2026-08-16 02:18:02.944 | DEBUG    | androguard.core.axml:is_valid:575 - True
2026-08-16 02:18:02.944 | DEBUG    | androguard.core.axml:_do_next:593 - M_EVENT 3
2026-08-16 02:18:02.944 | DEBUG    | androguard.core.axml:_do_next:608 - NEXT HEADER <ARSCHeader idx='0x00003cc0' type='258' header_size='16' size='56'>
2026-08-16 02:18:02.944 | DEBUG    | androguard.core.axml:__init__:1146 - DEBUG ARSC TYPE 2
2026-08-16 02:18:02.944 | DEBUG    | androguard.core.axml:__init__:1167 - START_TAG: uses-permission (line=7)
2026-08-16 02:18:02.944 | DEBUG    | androguard.core.axml:getAttributeNamespace:981 - 0
2026-08-16 02:18:02.944 | DEBUG    | androguard.core.axml:getAttributeUri:968 - 0
2026-08-16 02:18:02.944 | DEBUG    | androguard.core.axml:getAttributeName:997 - 0
2026-08-16 02:18:02.944 | DEBUG    | androguard.core.axml:getAttributeValueType:1027 - 0
2026-08-16 02:18:02.944 | DEBUG    | androguard.core.axml:getAttributeValueData:1038 - 0
2026-08-16 02:18:02.944 | DEBUG    | androguard.core.axml:getAttributeValue:1052 - 0
2026-08-16 02:18:02.944 | DEBUG    | androguard.core.axml:__init__:1195 - found an attribute: {http://schemas.android.com/apk/res/android}name='b'android.permission.RECEIVE_WAP_PUSH''
2026-08-16 02:18:02.944 | DEBUG    | androguard.core.axml:is_valid:575 - True
2026-08-16 02:18:02.944 | DEBUG    | androguard.core.axml:_do_next:593 - M_EVENT 2
2026-08-16 02:18:02.944 | DEBUG    | androguard.core.axml:_do_next:608 - NEXT HEADER <ARSCHeader idx='0x00003cf8' type='259' header_size='16' size='24'>
2026-08-16 02:18:02.944 | DEBUG    | androguard.core.axml:__init__:1146 - DEBUG ARSC TYPE 3
2026-08-16 02:18:02.944 | DEBUG    | androguard.core.axml:is_valid:575 - True
2026-08-16 02:18:02.944 | DEBUG    | androguard.core.axml:_do_next:593 - M_EVENT 3
2026-08-16 02:18:02.944 | DEBUG    | androguard.core.axml:_do_next:608 - NEXT HEADER <ARSCHeader idx='0x00003d10' type='258' header_size='16' size='56'>
2026-08-16 02:18:02.944 | DEBUG    | androguard.core.axml:__init__:1146 - DEBUG ARSC TYPE 2
2026-08-16 02:18:02.944 | DEBUG    | androguard.core.axml:__init__:1167 - START_TAG: uses-permission (line=8)
2026-08-16 02:18:02.944 | DEBUG    | androguard.core.axml:getAttributeNamespace:981 - 0
2026-08-16 02:18:02.944 | DEBUG    | androguard.core.axml:getAttributeUri:968 - 0
2026-08-16 02:18:02.944 | DEBUG    | androguard.core.axml:getAttributeName:997 - 0
2026-08-16 02:18:02.944 | DEBUG    | androguard.core.axml:getAttributeValueType:1027 - 0
2026-08-16 02:18:02.944 | DEBUG    | androguard.core.axml:getAttributeValueData:1038 - 0
2026-08-16 02:18:02.944 | DEBUG    | androguard.core.axml:getAttributeValue:1052 - 0
2026-08-16 02:18:02.945 | DEBUG    | androguard.core.axml:__init__:1195 - found an attribute: {http://schemas.android.com/apk/res/android}name='b'android.permission.READ_CELL_BROADCASTS''
2026-08-16 02:18:02.945 | DEBUG    | androguard.core.axml:is_valid:575 - True
2026-08-16 02:18:02.945 | DEBUG    | androguard.core.axml:_do_next:593 - M_EVENT 2
2026-08-16 02:18:02.945 | DEBUG    | androguard.core.axml:_do_next:608 - NEXT HEADER <ARSCHeader idx='0x00003d48' type='259' header_size='16' size='24'>
2026-08-16 02:18:02.945 | DEBUG    | androguard.core.axml:__init__:1146 - DEBUG ARSC TYPE 3
2026-08-16 02:18:02.945 | DEBUG    | androguard.core.axml:is_valid:575 - True
2026-08-16 02:18:02.945 | DEBUG    | androguard.core.axml:_do_next:593 - M_EVENT 3
2026-08-16 02:18:02.945 | DEBUG    | androguard.core.axml:_do_next:608 - NEXT HEADER <ARSCHeader idx='0x00003d60' type='258' header_size='16' size='56'>
2026-08-16 02:18:02.945 | DEBUG    | androguard.core.axml:__init__:1146 - DEBUG ARSC TYPE 2
2026-08-16 02:18:02.945 | DEBUG    | androguard.core.axml:__init__:1167 - START_TAG: uses-permission (line=9)
2026-08-16 02:18:02.945 | DEBUG    | androguard.core.axml:getAttributeNamespace:981 - 0
2026-08-16 02:18:02.945 | DEBUG    | androguard.core.axml:getAttributeUri:968 - 0
2026-08-16 02:18:02.945 | DEBUG    | androguard.core.axml:getAttributeName:997 - 0
2026-08-16 02:18:02.945 | DEBUG    | androguard.core.axml:getAttributeValueType:1027 - 0
2026-08-16 02:18:02.945 | DEBUG    | androguard.core.axml:getAttributeValueData:1038 - 0
2026-08-16 02:18:02.945 | DEBUG    | androguard.core.axml:getAttributeValue:1052 - 0
2026-08-16 02:18:02.945 | DEBUG    | androguard.core.axml:__init__:1195 - found an attribute: {http://schemas.android.com/apk/res/android}name='b'android.permission.RECEIVE_BOOT_COMPLETED''
2026-08-16 02:18:02.945 | DEBUG    | androguard.core.axml:is_valid:575 - True
2026-08-16 02:18:02.945 | DEBUG    | androguard.core.axml:_do_next:593 - M_EVENT 2
2026-08-16 02:18:02.945 | DEBUG    | androguard.core.axml:_do_next:608 - NEXT HEADER <ARSCHeader idx='0x00003d98' type='259' header_size='16' size='24'>
2026-08-16 02:18:02.945 | DEBUG    | androguard.core.axml:__init__:1146 - DEBUG ARSC TYPE 3
2026-08-16 02:18:02.945 | DEBUG    | androguard.core.axml:is_valid:575 - True
2026-08-16 02:18:02.945 | DEBUG    | androguard.core.axml:_do_next:593 - M_EVENT 3
2026-08-16 02:18:02.945 | DEBUG    | androguard.core.axml:_do_next:608 - NEXT HEADER <ARSCHeader idx='0x00003db0' type='258' header_size='16' size='56'>
2026-08-16 02:18:02.945 | DEBUG    | androguard.core.axml:__init__:1146 - DEBUG ARSC TYPE 2
2026-08-16 02:18:02.945 | DEBUG    | androguard.core.axml:__init__:1167 - START_TAG: uses-permission (line=10)
2026-08-16 02:18:02.945 | DEBUG    | androguard.core.axml:getAttributeNamespace:981 - 0
2026-08-16 02:18:02.945 | DEBUG    | androguard.core.axml:getAttributeUri:968 - 0
2026-08-16 02:18:02.945 | DEBUG    | androguard.core.axml:getAttributeName:997 - 0
2026-08-16 02:18:02.945 | DEBUG    | androguard.core.axml:getAttributeValueType:1027 - 0
2026-08-16 02:18:02.945 | DEBUG    | androguard.core.axml:getAttributeValueData:1038 - 0
2026-08-16 02:18:02.945 | DEBUG    | androguard.core.axml:getAttributeValue:1052 - 0
2026-08-16 02:18:02.945 | DEBUG    | androguard.core.axml:__init__:1195 - found an attribute: {http://schemas.android.com/apk/res/android}name='b'android.permission.READ_PHONE_STATE''
2026-08-16 02:18:02.945 | DEBUG    | androguard.core.axml:is_valid:575 - True
2026-08-16 02:18:02.945 | DEBUG    | androguard.core.axml:_do_next:593 - M_EVENT 2
2026-08-16 02:18:02.945 | DEBUG    | androguard.core.axml:_do_next:608 - NEXT HEADER <ARSCHeader idx='0x00003de8' type='259' header_size='16' size='24'>
2026-08-16 02:18:02.945 | DEBUG    | androguard.core.axml:__init__:1146 - DEBUG ARSC TYPE 3
2026-08-16 02:18:02.945 | DEBUG    | androguard.core.axml:is_valid:575 - True
2026-08-16 02:18:02.945 | DEBUG    | androguard.core.axml:_do_next:593 - M_EVENT 3
2026-08-16 02:18:02.945 | DEBUG    | androguard.core.axml:_do_next:608 - NEXT HEADER <ARSCHeader idx='0x00003e00' type='258' header_size='16' size='56'>
2026-08-16 02:18:02.945 | DEBUG    | androguard.core.axml:__init__:1146 - DEBUG ARSC TYPE 2
2026-08-16 02:18:02.945 | DEBUG    | androguard.core.axml:__init__:1167 - START_TAG: uses-permission (line=11)
2026-08-16 02:18:02.945 | DEBUG    | androguard.core.axml:getAttributeNamespace:981 - 0
2026-08-16 02:18:02.945 | DEBUG    | androguard.core.axml:getAttributeUri:968 - 0
2026-08-16 02:18:02.945 | DEBUG    | androguard.core.axml:getAttributeName:997 - 0
2026-08-16 02:18:02.945 | DEBUG    | androguard.core.axml:getAttributeValueType:1027 - 0
2026-08-16 02:18:02.945 | DEBUG    | androguard.core.axml:getAttributeValueData:1038 - 0
2026-08-16 02:18:02.945 | DEBUG    | androguard.core.axml:getAttributeValue:1052 - 0
2026-08-16 02:18:02.945 | DEBUG    | androguard.core.axml:__init__:1195 - found an attribute: {http://schemas.android.com/apk/res/android}name='b'android.permission.READ_PHONE_NUMBERS''
2026-08-16 02:18:02.945 | DEBUG    | androguard.core.axml:is_valid:575 - True
2026-08-16 02:18:02.945 | DEBUG    | androguard.core.axml:_do_next:593 - M_EVENT 2
2026-08-16 02:18:02.945 | DEBUG    | androguard.core.axml:_do_next:608 - NEXT HEADER <ARSCHeader idx='0x00003e38' type='259' header_size='16' size='24'>
2026-08-16 02:18:02.945 | DEBUG    | androguard.core.axml:__init__:1146 - DEBUG ARSC TYPE 3
2026-08-16 02:18:02.945 | DEBUG    | androguard.core.axml:is_valid:575 - True
2026-08-16 02:18:02.945 | DEBUG    | androguard.core.axml:_do_next:593 - M_EVENT 3
2026-08-16 02:18:02.945 | DEBUG    | androguard.core.axml:_do_next:608 - NEXT HEADER <ARSCHeader idx='0x00003e50' type='258' header_size='16' size='56'>
2026-08-16 02:18:02.945 | DEBUG    | androguard.core.axml:__init__:1146 - DEBUG ARSC TYPE 2
2026-08-16 02:18:02.945 | DEBUG    | androguard.core.axml:__init__:1167 - START_TAG: uses-permission (line=12)
2026-08-16 02:18:02.945 | DEBUG    | androguard.core.axml:getAttributeNamespace:981 - 0
2026-08-16 02:18:02.945 | DEBUG    | androguard.core.axml:getAttributeUri:968 - 0
2026-08-16 02:18:02.945 | DEBUG    | androguard.core.axml:getAttributeName:997 - 0
2026-08-16 02:18:02.945 | DEBUG    | androguard.core.axml:getAttributeValueType:1027 - 0
2026-08-16 02:18:02.945 | DEBUG    | androguard.core.axml:getAttributeValueData:1038 - 0
2026-08-16 02:18:02.945 | DEBUG    | androguard.core.axml:getAttributeValue:1052 - 0
2026-08-16 02:18:02.945 | DEBUG    | androguard.core.axml:__init__:1195 - found an attribute: {http://schemas.android.com/apk/res/android}name='b'android.permission.CALL_PHONE''
2026-08-16 02:18:02.945 | DEBUG    | androguard.core.axml:is_valid:575 - True
2026-08-16 02:18:02.945 | DEBUG    | androguard.core.axml:_do_next:593 - M_EVENT 2
2026-08-16 02:18:02.945 | DEBUG    | androguard.core.axml:_do_next:608 - NEXT HEADER <ARSCHeader idx='0x00003e88' type='259' header_size='16' size='24'>
2026-08-16 02:18:02.945 | DEBUG    | androguard.core.axml:__init__:1146 - DEBUG ARSC TYPE 3
2026-08-16 02:18:02.945 | DEBUG    | androguard.core.axml:is_valid:575 - True
2026-08-16 02:18:02.945 | DEBUG    | androguard.core.axml:_do_next:593 - M_EVENT 3
2026-08-16 02:18:02.945 | DEBUG    | androguard.core.axml:_do_next:608 - NEXT HEADER <ARSCHeader idx='0x00003ea0' type='258' header_size='16' size='56'>
2026-08-16 02:18:02.945 | DEBUG    | androguard.core.axml:__init__:1146 - DEBUG ARSC TYPE 2
2026-08-16 02:18:02.945 | DEBUG    | androguard.core.axml:__init__:1167 - START_TAG: uses-permission (line=13)
2026-08-16 02:18:02.945 | DEBUG    | androguard.core.axml:getAttributeNamespace:981 - 0
2026-08-16 02:18:02.945 | DEBUG    | androguard.core.axml:getAttributeUri:968 - 0
2026-08-16 02:18:02.945 | DEBUG    | androguard.core.axml:getAttributeName:997 - 0
2026-08-16 02:18:02.945 | DEBUG    | androguard.core.axml:getAttributeValueType:1027 - 0
2026-08-16 02:18:02.945 | DEBUG    | androguard.core.axml:getAttributeValueData:1038 - 0
2026-08-16 02:18:02.945 | DEBUG    | androguard.core.axml:getAttributeValue:1052 - 0
2026-08-16 02:18:02.945 | DEBUG    | androguard.core.axml:__init__:1195 - found an attribute: {http://schemas.android.com/apk/res/android}name='b'android.permission.REQUEST_IGNORE_BATTERY_OPTIMIZATIONS''
2026-08-16 02:18:02.945 | DEBUG    | androguard.core.axml:is_valid:575 - True
2026-08-16 02:18:02.945 | DEBUG    | androguard.core.axml:_do_next:593 - M_EVENT 2
2026-08-16 02:18:02.945 | DEBUG    | androguard.core.axml:_do_next:608 - NEXT HEADER <ARSCHeader idx='0x00003ed8' type='259' header_size='16' size='24'>
2026-08-16 02:18:02.945 | DEBUG    | androguard.core.axml:__init__:1146 - DEBUG ARSC TYPE 3
2026-08-16 02:18:02.945 | DEBUG    | androguard.core.axml:is_valid:575 - True
2026-08-16 02:18:02.945 | DEBUG    | androguard.core.axml:_do_next:593 - M_EVENT 3
2026-08-16 02:18:02.945 | DEBUG    | androguard.core.axml:_do_next:608 - NEXT HEADER <ARSCHeader idx='0x00003ef0' type='258' header_size='16' size='56'>
2026-08-16 02:18:02.945 | DEBUG    | androguard.core.axml:__init__:1146 - DEBUG ARSC TYPE 2
2026-08-16 02:18:02.945 | DEBUG    | androguard.core.axml:__init__:1167 - START_TAG: uses-permission (line=14)
2026-08-16 02:18:02.945 | DEBUG    | androguard.core.axml:getAttributeNamespace:981 - 0
2026-08-16 02:18:02.945 | DEBUG    | androguard.core.axml:getAttributeUri:968 - 0
2026-08-16 02:18:02.945 | DEBUG    | androguard.core.axml:getAttributeName:997 - 0
2026-08-16 02:18:02.945 | DEBUG    | androguard.core.axml:getAttributeValueType:1027 - 0
2026-08-16 02:18:02.945 | DEBUG    | androguard.core.axml:getAttributeValueData:1038 - 0
2026-08-16 02:18:02.945 | DEBUG    | androguard.core.axml:getAttributeValue:1052 - 0
2026-08-16 02:18:02.945 | DEBUG    | androguard.core.axml:__init__:1195 - found an attribute: {http://schemas.android.com/apk/res/android}name='b'android.permission.ACCESS_NETWORK_STATE''
2026-08-16 02:18:02.945 | DEBUG    | androguard.core.axml:is_valid:575 - True
2026-08-16 02:18:02.945 | DEBUG    | androguard.core.axml:_do_next:593 - M_EVENT 2
2026-08-16 02:18:02.945 | DEBUG    | androguard.core.axml:_do_next:608 - NEXT HEADER <ARSCHeader idx='0x00003f28' type='259' header_size='16' size='24'>
2026-08-16 02:18:02.945 | DEBUG    | androguard.core.axml:__init__:1146 - DEBUG ARSC TYPE 3
2026-08-16 02:18:02.945 | DEBUG    | androguard.core.axml:is_valid:575 - True
2026-08-16 02:18:02.945 | DEBUG    | androguard.core.axml:_do_next:593 - M_EVENT 3
2026-08-16 02:18:02.945 | DEBUG    | androguard.core.axml:_do_next:608 - NEXT HEADER <ARSCHeader idx='0x00003f40' type='258' header_size='16' size='56'>
2026-08-16 02:18:02.946 | DEBUG    | androguard.core.axml:__init__:1146 - DEBUG ARSC TYPE 2
2026-08-16 02:18:02.946 | DEBUG    | androguard.core.axml:__init__:1167 - START_TAG: uses-permission (line=15)
2026-08-16 02:18:02.946 | DEBUG    | androguard.core.axml:getAttributeNamespace:981 - 0
2026-08-16 02:18:02.946 | DEBUG    | androguard.core.axml:getAttributeUri:968 - 0
2026-08-16 02:18:02.946 | DEBUG    | androguard.core.axml:getAttributeName:997 - 0
2026-08-16 02:18:02.946 | DEBUG    | androguard.core.axml:getAttributeValueType:1027 - 0
2026-08-16 02:18:02.946 | DEBUG    | androguard.core.axml:getAttributeValueData:1038 - 0
2026-08-16 02:18:02.946 | DEBUG    | androguard.core.axml:getAttributeValue:1052 - 0
2026-08-16 02:18:02.946 | DEBUG    | androguard.core.axml:__init__:1195 - found an attribute: {http://schemas.android.com/apk/res/android}name='b'android.permission.WAKE_LOCK''
2026-08-16 02:18:02.946 | DEBUG    | androguard.core.axml:is_valid:575 - True
2026-08-16 02:18:02.946 | DEBUG    | androguard.core.axml:_do_next:593 - M_EVENT 2
2026-08-16 02:18:02.946 | DEBUG    | androguard.core.axml:_do_next:608 - NEXT HEADER <ARSCHeader idx='0x00003f78' type='259' header_size='16' size='24'>
2026-08-16 02:18:02.946 | DEBUG    | androguard.core.axml:__init__:1146 - DEBUG ARSC TYPE 3
2026-08-16 02:18:02.946 | DEBUG    | androguard.core.axml:is_valid:575 - True
2026-08-16 02:18:02.946 | DEBUG    | androguard.core.axml:_do_next:593 - M_EVENT 3
2026-08-16 02:18:02.946 | DEBUG    | androguard.core.axml:_do_next:608 - NEXT HEADER <ARSCHeader idx='0x00003f90' type='258' header_size='16' size='56'>
2026-08-16 02:18:02.946 | DEBUG    | androguard.core.axml:__init__:1146 - DEBUG ARSC TYPE 2
2026-08-16 02:18:02.946 | DEBUG    | androguard.core.axml:__init__:1167 - START_TAG: uses-permission (line=16)
2026-08-16 02:18:02.946 | DEBUG    | androguard.core.axml:getAttributeNamespace:981 - 0
2026-08-16 02:18:02.946 | DEBUG    | androguard.core.axml:getAttributeUri:968 - 0
2026-08-16 02:18:02.946 | DEBUG    | androguard.core.axml:getAttributeName:997 - 0
2026-08-16 02:18:02.946 | DEBUG    | androguard.core.axml:getAttributeValueType:1027 - 0
2026-08-16 02:18:02.946 | DEBUG    | androguard.core.axml:getAttributeValueData:1038 - 0
2026-08-16 02:18:02.946 | DEBUG    | androguard.core.axml:getAttributeValue:1052 - 0
2026-08-16 02:18:02.946 | DEBUG    | androguard.core.axml:__init__:1195 - found an attribute: {http://schemas.android.com/apk/res/android}name='b'android.permission.DISABLE_KEYGUARD''
2026-08-16 02:18:02.946 | DEBUG    | androguard.core.axml:is_valid:575 - True
2026-08-16 02:18:02.946 | DEBUG    | androguard.core.axml:_do_next:593 - M_EVENT 2
2026-08-16 02:18:02.946 | DEBUG    | androguard.core.axml:_do_next:608 - NEXT HEADER <ARSCHeader idx='0x00003fc8' type='259' header_size='16' size='24'>
2026-08-16 02:18:02.946 | DEBUG    | androguard.core.axml:__init__:1146 - DEBUG ARSC TYPE 3
2026-08-16 02:18:02.946 | DEBUG    | androguard.core.axml:is_valid:575 - True
2026-08-16 02:18:02.946 | DEBUG    | androguard.core.axml:_do_next:593 - M_EVENT 3
2026-08-16 02:18:02.946 | DEBUG    | androguard.core.axml:_do_next:608 - NEXT HEADER <ARSCHeader idx='0x00003fe0' type='258' header_size='16' size='56'>
2026-08-16 02:18:02.946 | DEBUG    | androguard.core.axml:__init__:1146 - DEBUG ARSC TYPE 2
2026-08-16 02:18:02.946 | DEBUG    | androguard.core.axml:__init__:1167 - START_TAG: uses-permission (line=17)
2026-08-16 02:18:02.946 | DEBUG    | androguard.core.axml:getAttributeNamespace:981 - 0
2026-08-16 02:18:02.946 | DEBUG    | androguard.core.axml:getAttributeUri:968 - 0
2026-08-16 02:18:02.946 | DEBUG    | androguard.core.axml:getAttributeName:997 - 0
2026-08-16 02:18:02.946 | DEBUG    | androguard.core.axml:getAttributeValueType:1027 - 0
2026-08-16 02:18:02.946 | DEBUG    | androguard.core.axml:getAttributeValueData:1038 - 0
2026-08-16 02:18:02.946 | DEBUG    | androguard.core.axml:getAttributeValue:1052 - 0
2026-08-16 02:18:02.946 | DEBUG    | androguard.core.axml:__init__:1195 - found an attribute: {http://schemas.android.com/apk/res/android}name='b'android.permission.FOREGROUND_SERVICE''
2026-08-16 02:18:02.946 | DEBUG    | androguard.core.axml:is_valid:575 - True
2026-08-16 02:18:02.946 | DEBUG    | androguard.core.axml:_do_next:593 - M_EVENT 2
2026-08-16 02:18:02.946 | DEBUG    | androguard.core.axml:_do_next:608 - NEXT HEADER <ARSCHeader idx='0x00004018' type='259' header_size='16' size='24'>
2026-08-16 02:18:02.946 | DEBUG    | androguard.core.axml:__init__:1146 - DEBUG ARSC TYPE 3
2026-08-16 02:18:02.946 | DEBUG    | androguard.core.axml:is_valid:575 - True
2026-08-16 02:18:02.946 | DEBUG    | androguard.core.axml:_do_next:593 - M_EVENT 3
2026-08-16 02:18:02.946 | DEBUG    | androguard.core.axml:_do_next:608 - NEXT HEADER <ARSCHeader idx='0x00004030' type='258' header_size='16' size='56'>
2026-08-16 02:18:02.946 | DEBUG    | androguard.core.axml:__init__:1146 - DEBUG ARSC TYPE 2
2026-08-16 02:18:02.946 | DEBUG    | androguard.core.axml:__init__:1167 - START_TAG: uses-permission (line=18)
2026-08-16 02:18:02.946 | DEBUG    | androguard.core.axml:getAttributeNamespace:981 - 0
2026-08-16 02:18:02.946 | DEBUG    | androguard.core.axml:getAttributeUri:968 - 0
2026-08-16 02:18:02.946 | DEBUG    | androguard.core.axml:getAttributeName:997 - 0
2026-08-16 02:18:02.946 | DEBUG    | androguard.core.axml:getAttributeValueType:1027 - 0
2026-08-16 02:18:02.946 | DEBUG    | androguard.core.axml:getAttributeValueData:1038 - 0
2026-08-16 02:18:02.946 | DEBUG    | androguard.core.axml:getAttributeValue:1052 - 0
2026-08-16 02:18:02.946 | DEBUG    | androguard.core.axml:__init__:1195 - found an attribute: {http://schemas.android.com/apk/res/android}name='b'android.permission.SCHEDULE_EXACT_ALARM''
2026-08-16 02:18:02.946 | DEBUG    | androguard.core.axml:is_valid:575 - True
2026-08-16 02:18:02.946 | DEBUG    | androguard.core.axml:_do_next:593 - M_EVENT 2
2026-08-16 02:18:02.946 | DEBUG    | androguard.core.axml:_do_next:608 - NEXT HEADER <ARSCHeader idx='0x00004068' type='259' header_size='16' size='24'>
2026-08-16 02:18:02.946 | DEBUG    | androguard.core.axml:__init__:1146 - DEBUG ARSC TYPE 3
2026-08-16 02:18:02.946 | DEBUG    | androguard.core.axml:is_valid:575 - True
2026-08-16 02:18:02.946 | DEBUG    | androguard.core.axml:_do_next:593 - M_EVENT 3
2026-08-16 02:18:02.946 | DEBUG    | androguard.core.axml:_do_next:608 - NEXT HEADER <ARSCHeader idx='0x00004080' type='258' header_size='16' size='56'>
2026-08-16 02:18:02.946 | DEBUG    | androguard.core.axml:__init__:1146 - DEBUG ARSC TYPE 2
2026-08-16 02:18:02.946 | DEBUG    | androguard.core.axml:__init__:1167 - START_TAG: uses-permission (line=19)
2026-08-16 02:18:02.946 | DEBUG    | androguard.core.axml:getAttributeNamespace:981 - 0
2026-08-16 02:18:02.946 | DEBUG    | androguard.core.axml:getAttributeUri:968 - 0
2026-08-16 02:18:02.946 | DEBUG    | androguard.core.axml:getAttributeName:997 - 0
2026-08-16 02:18:02.946 | DEBUG    | androguard.core.axml:getAttributeValueType:1027 - 0
2026-08-16 02:18:02.946 | DEBUG    | androguard.core.axml:getAttributeValueData:1038 - 0
2026-08-16 02:18:02.946 | DEBUG    | androguard.core.axml:getAttributeValue:1052 - 0
2026-08-16 02:18:02.946 | DEBUG    | androguard.core.axml:__init__:1195 - found an attribute: {http://schemas.android.com/apk/res/android}name='b'android.permission.USE_EXACT_ALARM''
2026-08-16 02:18:02.946 | DEBUG    | androguard.core.axml:is_valid:575 - True
2026-08-16 02:18:02.946 | DEBUG    | androguard.core.axml:_do_next:593 - M_EVENT 2
2026-08-16 02:18:02.946 | DEBUG    | androguard.core.axml:_do_next:608 - NEXT HEADER <ARSCHeader idx='0x000040b8' type='259' header_size='16' size='24'>
2026-08-16 02:18:02.946 | DEBUG    | androguard.core.axml:__init__:1146 - DEBUG ARSC TYPE 3
2026-08-16 02:18:02.946 | DEBUG    | androguard.core.axml:is_valid:575 - True
2026-08-16 02:18:02.946 | DEBUG    | androguard.core.axml:_do_next:593 - M_EVENT 3
2026-08-16 02:18:02.946 | DEBUG    | androguard.core.axml:_do_next:608 - NEXT HEADER <ARSCHeader idx='0x000040d0' type='258' header_size='16' size='56'>
2026-08-16 02:18:02.946 | DEBUG    | androguard.core.axml:__init__:1146 - DEBUG ARSC TYPE 2
2026-08-16 02:18:02.946 | DEBUG    | androguard.core.axml:__init__:1167 - START_TAG: uses-permission (line=20)
2026-08-16 02:18:02.946 | DEBUG    | androguard.core.axml:getAttributeNamespace:981 - 0
2026-08-16 02:18:02.946 | DEBUG    | androguard.core.axml:getAttributeUri:968 - 0
2026-08-16 02:18:02.946 | DEBUG    | androguard.core.axml:getAttributeName:997 - 0
2026-08-16 02:18:02.946 | DEBUG    | androguard.core.axml:getAttributeValueType:1027 - 0
2026-08-16 02:18:02.946 | DEBUG    | androguard.core.axml:getAttributeValueData:1038 - 0
2026-08-16 02:18:02.946 | DEBUG    | androguard.core.axml:getAttributeValue:1052 - 0
2026-08-16 02:18:02.946 | DEBUG    | androguard.core.axml:__init__:1195 - found an attribute: {http://schemas.android.com/apk/res/android}name='b'android.permission.FOREGROUND_SERVICE_DATA_SYNC''
2026-08-16 02:18:02.946 | DEBUG    | androguard.core.axml:is_valid:575 - True
2026-08-16 02:18:02.946 | DEBUG    | androguard.core.axml:_do_next:593 - M_EVENT 2
2026-08-16 02:18:02.946 | DEBUG    | androguard.core.axml:_do_next:608 - NEXT HEADER <ARSCHeader idx='0x00004108' type='259' header_size='16' size='24'>
2026-08-16 02:18:02.946 | DEBUG    | androguard.core.axml:__init__:1146 - DEBUG ARSC TYPE 3
2026-08-16 02:18:02.946 | DEBUG    | androguard.core.axml:is_valid:575 - True
2026-08-16 02:18:02.946 | DEBUG    | androguard.core.axml:_do_next:593 - M_EVENT 3
2026-08-16 02:18:02.946 | DEBUG    | androguard.core.axml:_do_next:608 - NEXT HEADER <ARSCHeader idx='0x00004120' type='258' header_size='16' size='56'>
2026-08-16 02:18:02.946 | DEBUG    | androguard.core.axml:__init__:1146 - DEBUG ARSC TYPE 2
2026-08-16 02:18:02.946 | DEBUG    | androguard.core.axml:__init__:1167 - START_TAG: uses-permission (line=21)
2026-08-16 02:18:02.946 | DEBUG    | androguard.core.axml:getAttributeNamespace:981 - 0
2026-08-16 02:18:02.946 | DEBUG    | androguard.core.axml:getAttributeUri:968 - 0
2026-08-16 02:18:02.946 | DEBUG    | androguard.core.axml:getAttributeName:997 - 0
2026-08-16 02:18:02.946 | DEBUG    | androguard.core.axml:getAttributeValueType:1027 - 0
2026-08-16 02:18:02.946 | DEBUG    | androguard.core.axml:getAttributeValueData:1038 - 0
2026-08-16 02:18:02.946 | DEBUG    | androguard.core.axml:getAttributeValue:1052 - 0
2026-08-16 02:18:02.946 | DEBUG    | androguard.core.axml:__init__:1195 - found an attribute: {http://schemas.android.com/apk/res/android}name='b'android.permission.FOREGROUND_SERVICE_MEDIA_PROJECTION''
2026-08-16 02:18:02.946 | DEBUG    | androguard.core.axml:is_valid:575 - True
2026-08-16 02:18:02.946 | DEBUG    | androguard.core.axml:_do_next:593 - M_EVENT 2
2026-08-16 02:18:02.946 | DEBUG    | androguard.core.axml:_do_next:608 - NEXT HEADER <ARSCHeader idx='0x00004158' type='259' header_size='16' size='24'>
2026-08-16 02:18:02.946 | DEBUG    | androguard.core.axml:__init__:1146 - DEBUG ARSC TYPE 3
2026-08-16 02:18:02.946 | DEBUG    | androguard.core.axml:is_valid:575 - True
2026-08-16 02:18:02.946 | DEBUG    | androguard.core.axml:_do_next:593 - M_EVENT 3
2026-08-16 02:18:02.946 | DEBUG    | androguard.core.axml:_do_next:608 - NEXT HEADER <ARSCHeader idx='0x00004170' type='258' header_size='16' size='56'>
2026-08-16 02:18:02.946 | DEBUG    | androguard.core.axml:__init__:1146 - DEBUG ARSC TYPE 2
2026-08-16 02:18:02.946 | DEBUG    | androguard.core.axml:__init__:1167 - START_TAG: uses-permission (line=22)
2026-08-16 02:18:02.946 | DEBUG    | androguard.core.axml:getAttributeNamespace:981 - 0
2026-08-16 02:18:02.947 | DEBUG    | androguard.core.axml:getAttributeUri:968 - 0
2026-08-16 02:18:02.947 | DEBUG    | androguard.core.axml:getAttributeName:997 - 0
2026-08-16 02:18:02.947 | DEBUG    | androguard.core.axml:getAttributeValueType:1027 - 0
2026-08-16 02:18:02.947 | DEBUG    | androguard.core.axml:getAttributeValueData:1038 - 0
2026-08-16 02:18:02.947 | DEBUG    | androguard.core.axml:getAttributeValue:1052 - 0
2026-08-16 02:18:02.947 | DEBUG    | androguard.core.axml:__init__:1195 - found an attribute: {http://schemas.android.com/apk/res/android}name='b'android.permission.POST_NOTIFICATIONS''
2026-08-16 02:18:02.947 | DEBUG    | androguard.core.axml:is_valid:575 - True
2026-08-16 02:18:02.947 | DEBUG    | androguard.core.axml:_do_next:593 - M_EVENT 2
2026-08-16 02:18:02.947 | DEBUG    | androguard.core.axml:_do_next:608 - NEXT HEADER <ARSCHeader idx='0x000041a8' type='259' header_size='16' size='24'>
2026-08-16 02:18:02.947 | DEBUG    | androguard.core.axml:__init__:1146 - DEBUG ARSC TYPE 3
2026-08-16 02:18:02.947 | DEBUG    | androguard.core.axml:is_valid:575 - True
2026-08-16 02:18:02.947 | DEBUG    | androguard.core.axml:_do_next:593 - M_EVENT 3
2026-08-16 02:18:02.947 | DEBUG    | androguard.core.axml:_do_next:608 - NEXT HEADER <ARSCHeader idx='0x000041c0' type='258' header_size='16' size='56'>
2026-08-16 02:18:02.947 | DEBUG    | androguard.core.axml:__init__:1146 - DEBUG ARSC TYPE 2
2026-08-16 02:18:02.947 | DEBUG    | androguard.core.axml:__init__:1167 - START_TAG: uses-permission (line=23)
2026-08-16 02:18:02.947 | DEBUG    | androguard.core.axml:getAttributeNamespace:981 - 0
2026-08-16 02:18:02.947 | DEBUG    | androguard.core.axml:getAttributeUri:968 - 0
2026-08-16 02:18:02.947 | DEBUG    | androguard.core.axml:getAttributeName:997 - 0
2026-08-16 02:18:02.947 | DEBUG    | androguard.core.axml:getAttributeValueType:1027 - 0
2026-08-16 02:18:02.947 | DEBUG    | androguard.core.axml:getAttributeValueData:1038 - 0
2026-08-16 02:18:02.947 | DEBUG    | androguard.core.axml:getAttributeValue:1052 - 0
2026-08-16 02:18:02.947 | DEBUG    | androguard.core.axml:__init__:1195 - found an attribute: {http://schemas.android.com/apk/res/android}name='b'android.permission.FOREGROUND_SERVICE_SPECIAL_USE''
2026-08-16 02:18:02.947 | DEBUG    | androguard.core.axml:is_valid:575 - True
2026-08-16 02:18:02.947 | DEBUG    | androguard.core.axml:_do_next:593 - M_EVENT 2
2026-08-16 02:18:02.947 | DEBUG    | androguard.core.axml:_do_next:608 - NEXT HEADER <ARSCHeader idx='0x000041f8' type='259' header_size='16' size='24'>
2026-08-16 02:18:02.947 | DEBUG    | androguard.core.axml:__init__:1146 - DEBUG ARSC TYPE 3
2026-08-16 02:18:02.947 | DEBUG    | androguard.core.axml:is_valid:575 - True
2026-08-16 02:18:02.947 | DEBUG    | androguard.core.axml:_do_next:593 - M_EVENT 3
2026-08-16 02:18:02.947 | DEBUG    | androguard.core.axml:_do_next:608 - NEXT HEADER <ARSCHeader idx='0x00004210' type='258' header_size='16' size='56'>
2026-08-16 02:18:02.947 | DEBUG    | androguard.core.axml:__init__:1146 - DEBUG ARSC TYPE 2
2026-08-16 02:18:02.947 | DEBUG    | androguard.core.axml:__init__:1167 - START_TAG: uses-permission (line=24)
2026-08-16 02:18:02.947 | DEBUG    | androguard.core.axml:getAttributeNamespace:981 - 0
2026-08-16 02:18:02.947 | DEBUG    | androguard.core.axml:getAttributeUri:968 - 0
2026-08-16 02:18:02.947 | DEBUG    | androguard.core.axml:getAttributeName:997 - 0
2026-08-16 02:18:02.947 | DEBUG    | androguard.core.axml:getAttributeValueType:1027 - 0
2026-08-16 02:18:02.947 | DEBUG    | androguard.core.axml:getAttributeValueData:1038 - 0
2026-08-16 02:18:02.947 | DEBUG    | androguard.core.axml:getAttributeValue:1052 - 0
2026-08-16 02:18:02.947 | DEBUG    | androguard.core.axml:__init__:1195 - found an attribute: {http://schemas.android.com/apk/res/android}name='b'android.permission.USE_FULL_SCREEN_INTENT''
2026-08-16 02:18:02.947 | DEBUG    | androguard.core.axml:is_valid:575 - True
2026-08-16 02:18:02.947 | DEBUG    | androguard.core.axml:_do_next:593 - M_EVENT 2
2026-08-16 02:18:02.947 | DEBUG    | androguard.core.axml:_do_next:608 - NEXT HEADER <ARSCHeader idx='0x00004248' type='259' header_size='16' size='24'>
2026-08-16 02:18:02.947 | DEBUG    | androguard.core.axml:__init__:1146 - DEBUG ARSC TYPE 3
2026-08-16 02:18:02.947 | DEBUG    | androguard.core.axml:is_valid:575 - True
2026-08-16 02:18:02.947 | DEBUG    | androguard.core.axml:_do_next:593 - M_EVENT 3
2026-08-16 02:18:02.947 | DEBUG    | androguard.core.axml:_do_next:608 - NEXT HEADER <ARSCHeader idx='0x00004260' type='258' header_size='16' size='56'>
2026-08-16 02:18:02.947 | DEBUG    | androguard.core.axml:__init__:1146 - DEBUG ARSC TYPE 2
2026-08-16 02:18:02.947 | DEBUG    | androguard.core.axml:__init__:1167 - START_TAG: uses-permission (line=25)
2026-08-16 02:18:02.947 | DEBUG    | androguard.core.axml:getAttributeNamespace:981 - 0
2026-08-16 02:18:02.947 | DEBUG    | androguard.core.axml:getAttributeUri:968 - 0
2026-08-16 02:18:02.947 | DEBUG    | androguard.core.axml:getAttributeName:997 - 0
2026-08-16 02:18:02.947 | DEBUG    | androguard.core.axml:getAttributeValueType:1027 - 0
2026-08-16 02:18:02.947 | DEBUG    | androguard.core.axml:getAttributeValueData:1038 - 0
2026-08-16 02:18:02.947 | DEBUG    | androguard.core.axml:getAttributeValue:1052 - 0
2026-08-16 02:18:02.947 | DEBUG    | androguard.core.axml:__init__:1195 - found an attribute: {http://schemas.android.com/apk/res/android}name='b'android.permission.TURN_SCREEN_ON''
2026-08-16 02:18:02.947 | DEBUG    | androguard.core.axml:is_valid:575 - True
2026-08-16 02:18:02.947 | DEBUG    | androguard.core.axml:_do_next:593 - M_EVENT 2
2026-08-16 02:18:02.947 | DEBUG    | androguard.core.axml:_do_next:608 - NEXT HEADER <ARSCHeader idx='0x00004298' type='259' header_size='16' size='24'>
2026-08-16 02:18:02.947 | DEBUG    | androguard.core.axml:__init__:1146 - DEBUG ARSC TYPE 3
2026-08-16 02:18:02.947 | DEBUG    | androguard.core.axml:is_valid:575 - True
2026-08-16 02:18:02.947 | DEBUG    | androguard.core.axml:_do_next:593 - M_EVENT 3
2026-08-16 02:18:02.947 | DEBUG    | androguard.core.axml:_do_next:608 - NEXT HEADER <ARSCHeader idx='0x000042b0' type='258' header_size='16' size='56'>
2026-08-16 02:18:02.947 | DEBUG    | androguard.core.axml:__init__:1146 - DEBUG ARSC TYPE 2
2026-08-16 02:18:02.947 | DEBUG    | androguard.core.axml:__init__:1167 - START_TAG: uses-permission (line=26)
2026-08-16 02:18:02.947 | DEBUG    | androguard.core.axml:getAttributeNamespace:981 - 0
2026-08-16 02:18:02.947 | DEBUG    | androguard.core.axml:getAttributeUri:968 - 0
2026-08-16 02:18:02.947 | DEBUG    | androguard.core.axml:getAttributeName:997 - 0
2026-08-16 02:18:02.947 | DEBUG    | androguard.core.axml:getAttributeValueType:1027 - 0
2026-08-16 02:18:02.947 | DEBUG    | androguard.core.axml:getAttributeValueData:1038 - 0
2026-08-16 02:18:02.947 | DEBUG    | androguard.core.axml:getAttributeValue:1052 - 0
2026-08-16 02:18:02.947 | DEBUG    | androguard.core.axml:__init__:1195 - found an attribute: {http://schemas.android.com/apk/res/android}name='b'android.permission.SYSTEM_ALERT_WINDOW''
2026-08-16 02:18:02.947 | DEBUG    | androguard.core.axml:is_valid:575 - True
2026-08-16 02:18:02.947 | DEBUG    | androguard.core.axml:_do_next:593 - M_EVENT 2
2026-08-16 02:18:02.947 | DEBUG    | androguard.core.axml:_do_next:608 - NEXT HEADER <ARSCHeader idx='0x000042e8' type='259' header_size='16' size='24'>
2026-08-16 02:18:02.947 | DEBUG    | androguard.core.axml:__init__:1146 - DEBUG ARSC TYPE 3
2026-08-16 02:18:02.947 | DEBUG    | androguard.core.axml:is_valid:575 - True
2026-08-16 02:18:02.947 | DEBUG    | androguard.core.axml:_do_next:593 - M_EVENT 3
2026-08-16 02:18:02.947 | DEBUG    | androguard.core.axml:_do_next:608 - NEXT HEADER <ARSCHeader idx='0x00004300' type='258' header_size='16' size='56'>
2026-08-16 02:18:02.947 | DEBUG    | androguard.core.axml:__init__:1146 - DEBUG ARSC TYPE 2
2026-08-16 02:18:02.947 | DEBUG    | androguard.core.axml:__init__:1167 - START_TAG: uses-permission (line=27)
2026-08-16 02:18:02.947 | DEBUG    | androguard.core.axml:getAttributeNamespace:981 - 0
2026-08-16 02:18:02.947 | DEBUG    | androguard.core.axml:getAttributeUri:968 - 0
2026-08-16 02:18:02.947 | DEBUG    | androguard.core.axml:getAttributeName:997 - 0
2026-08-16 02:18:02.947 | DEBUG    | androguard.core.axml:getAttributeValueType:1027 - 0
2026-08-16 02:18:02.947 | DEBUG    | androguard.core.axml:getAttributeValueData:1038 - 0
2026-08-16 02:18:02.947 | DEBUG    | androguard.core.axml:getAttributeValue:1052 - 0
2026-08-16 02:18:02.947 | DEBUG    | androguard.core.axml:__init__:1195 - found an attribute: {http://schemas.android.com/apk/res/android}name='b'android.permission.READ_CONTACTS''
2026-08-16 02:18:02.947 | DEBUG    | androguard.core.axml:is_valid:575 - True
2026-08-16 02:18:02.947 | DEBUG    | androguard.core.axml:_do_next:593 - M_EVENT 2
2026-08-16 02:18:02.947 | DEBUG    | androguard.core.axml:_do_next:608 - NEXT HEADER <ARSCHeader idx='0x00004338' type='259' header_size='16' size='24'>
2026-08-16 02:18:02.947 | DEBUG    | androguard.core.axml:__init__:1146 - DEBUG ARSC TYPE 3
2026-08-16 02:18:02.947 | DEBUG    | androguard.core.axml:is_valid:575 - True
2026-08-16 02:18:02.947 | DEBUG    | androguard.core.axml:_do_next:593 - M_EVENT 3
2026-08-16 02:18:02.947 | DEBUG    | androguard.core.axml:_do_next:608 - NEXT HEADER <ARSCHeader idx='0x00004350' type='258' header_size='16' size='56'>
2026-08-16 02:18:02.947 | DEBUG    | androguard.core.axml:__init__:1146 - DEBUG ARSC TYPE 2
2026-08-16 02:18:02.947 | DEBUG    | androguard.core.axml:__init__:1167 - START_TAG: uses-permission (line=28)
2026-08-16 02:18:02.947 | DEBUG    | androguard.core.axml:getAttributeNamespace:981 - 0
2026-08-16 02:18:02.947 | DEBUG    | androguard.core.axml:getAttributeUri:968 - 0
2026-08-16 02:18:02.947 | DEBUG    | androguard.core.axml:getAttributeName:997 - 0
2026-08-16 02:18:02.947 | DEBUG    | androguard.core.axml:getAttributeValueType:1027 - 0
2026-08-16 02:18:02.947 | DEBUG    | androguard.core.axml:getAttributeValueData:1038 - 0
2026-08-16 02:18:02.947 | DEBUG    | androguard.core.axml:getAttributeValue:1052 - 0
2026-08-16 02:18:02.947 | DEBUG    | androguard.core.axml:__init__:1195 - found an attribute: {http://schemas.android.com/apk/res/android}name='b'android.permission.READ_CALL_LOG''
2026-08-16 02:18:02.947 | DEBUG    | androguard.core.axml:is_valid:575 - True
2026-08-16 02:18:02.947 | DEBUG    | androguard.core.axml:_do_next:593 - M_EVENT 2
2026-08-16 02:18:02.947 | DEBUG    | androguard.core.axml:_do_next:608 - NEXT HEADER <ARSCHeader idx='0x00004388' type='259' header_size='16' size='24'>
2026-08-16 02:18:02.947 | DEBUG    | androguard.core.axml:__init__:1146 - DEBUG ARSC TYPE 3
2026-08-16 02:18:02.947 | DEBUG    | androguard.core.axml:is_valid:575 - True
2026-08-16 02:18:02.947 | DEBUG    | androguard.core.axml:_do_next:593 - M_EVENT 3
2026-08-16 02:18:02.947 | DEBUG    | androguard.core.axml:_do_next:608 - NEXT HEADER <ARSCHeader idx='0x000043a0' type='258' header_size='16' size='56'>
2026-08-16 02:18:02.947 | DEBUG    | androguard.core.axml:__init__:1146 - DEBUG ARSC TYPE 2
2026-08-16 02:18:02.947 | DEBUG    | androguard.core.axml:__init__:1167 - START_TAG: uses-permission (line=29)
2026-08-16 02:18:02.947 | DEBUG    | androguard.core.axml:getAttributeNamespace:981 - 0
2026-08-16 02:18:02.947 | DEBUG    | androguard.core.axml:getAttributeUri:968 - 0
2026-08-16 02:18:02.947 | DEBUG    | androguard.core.axml:getAttributeName:997 - 0
2026-08-16 02:18:02.947 | DEBUG    | androguard.core.axml:getAttributeValueType:1027 - 0
2026-08-16 02:18:02.947 | DEBUG    | androguard.core.axml:getAttributeValueData:1038 - 0
2026-08-16 02:18:02.947 | DEBUG    | androguard.core.axml:getAttributeValue:1052 - 0
2026-08-16 02:18:02.947 | DEBUG    | androguard.core.axml:__init__:1195 - found an attribute: {http://schemas.android.com/apk/res/android}name='b'android.permission.CAMERA''
2026-08-16 02:18:02.948 | DEBUG    | androguard.core.axml:is_valid:575 - True
2026-08-16 02:18:02.948 | DEBUG    | androguard.core.axml:_do_next:593 - M_EVENT 2
2026-08-16 02:18:02.948 | DEBUG    | androguard.core.axml:_do_next:608 - NEXT HEADER <ARSCHeader idx='0x000043d8' type='259' header_size='16' size='24'>
2026-08-16 02:18:02.948 | DEBUG    | androguard.core.axml:__init__:1146 - DEBUG ARSC TYPE 3
2026-08-16 02:18:02.948 | DEBUG    | androguard.core.axml:is_valid:575 - True
2026-08-16 02:18:02.948 | DEBUG    | androguard.core.axml:_do_next:593 - M_EVENT 3
2026-08-16 02:18:02.948 | DEBUG    | androguard.core.axml:_do_next:608 - NEXT HEADER <ARSCHeader idx='0x000043f0' type='258' header_size='16' size='76'>
2026-08-16 02:18:02.948 | DEBUG    | androguard.core.axml:__init__:1146 - DEBUG ARSC TYPE 2
2026-08-16 02:18:02.948 | DEBUG    | androguard.core.axml:__init__:1167 - START_TAG: uses-feature (line=30)
2026-08-16 02:18:02.948 | DEBUG    | androguard.core.axml:getAttributeNamespace:981 - 0
2026-08-16 02:18:02.948 | DEBUG    | androguard.core.axml:getAttributeUri:968 - 0
2026-08-16 02:18:02.948 | DEBUG    | androguard.core.axml:getAttributeName:997 - 0
2026-08-16 02:18:02.948 | DEBUG    | androguard.core.axml:getAttributeValueType:1027 - 0
2026-08-16 02:18:02.948 | DEBUG    | androguard.core.axml:getAttributeValueData:1038 - 0
2026-08-16 02:18:02.948 | DEBUG    | androguard.core.axml:getAttributeValue:1052 - 0
2026-08-16 02:18:02.948 | DEBUG    | androguard.core.axml:__init__:1195 - found an attribute: {http://schemas.android.com/apk/res/android}name='b'android.hardware.camera''
2026-08-16 02:18:02.948 | DEBUG    | androguard.core.axml:getAttributeNamespace:981 - 1
2026-08-16 02:18:02.948 | DEBUG    | androguard.core.axml:getAttributeUri:968 - 1
2026-08-16 02:18:02.948 | DEBUG    | androguard.core.axml:getAttributeName:997 - 1
2026-08-16 02:18:02.948 | DEBUG    | androguard.core.axml:getAttributeValueType:1027 - 1
2026-08-16 02:18:02.948 | DEBUG    | androguard.core.axml:getAttributeValueData:1038 - 1
2026-08-16 02:18:02.948 | DEBUG    | androguard.core.axml:__init__:1195 - found an attribute: {http://schemas.android.com/apk/res/android}required='b'false''
2026-08-16 02:18:02.948 | DEBUG    | androguard.core.axml:is_valid:575 - True
2026-08-16 02:18:02.948 | DEBUG    | androguard.core.axml:_do_next:593 - M_EVENT 2
2026-08-16 02:18:02.948 | DEBUG    | androguard.core.axml:_do_next:608 - NEXT HEADER <ARSCHeader idx='0x0000443c' type='259' header_size='16' size='24'>
2026-08-16 02:18:02.948 | DEBUG    | androguard.core.axml:__init__:1146 - DEBUG ARSC TYPE 3
2026-08-16 02:18:02.948 | DEBUG    | androguard.core.axml:is_valid:575 - True
2026-08-16 02:18:02.948 | DEBUG    | androguard.core.axml:_do_next:593 - M_EVENT 3
2026-08-16 02:18:02.948 | DEBUG    | androguard.core.axml:_do_next:608 - NEXT HEADER <ARSCHeader idx='0x00004454' type='258' header_size='16' size='76'>
2026-08-16 02:18:02.948 | DEBUG    | androguard.core.axml:__init__:1146 - DEBUG ARSC TYPE 2
2026-08-16 02:18:02.948 | DEBUG    | androguard.core.axml:__init__:1167 - START_TAG: uses-feature (line=31)
2026-08-16 02:18:02.948 | DEBUG    | androguard.core.axml:getAttributeNamespace:981 - 0
2026-08-16 02:18:02.948 | DEBUG    | androguard.core.axml:getAttributeUri:968 - 0
2026-08-16 02:18:02.948 | DEBUG    | androguard.core.axml:getAttributeName:997 - 0
2026-08-16 02:18:02.948 | DEBUG    | androguard.core.axml:getAttributeValueType:1027 - 0
2026-08-16 02:18:02.948 | DEBUG    | androguard.core.axml:getAttributeValueData:1038 - 0
2026-08-16 02:18:02.948 | DEBUG    | androguard.core.axml:getAttributeValue:1052 - 0
2026-08-16 02:18:02.948 | DEBUG    | androguard.core.axml:__init__:1195 - found an attribute: {http://schemas.android.com/apk/res/android}name='b'android.hardware.camera.autofocus''
2026-08-16 02:18:02.948 | DEBUG    | androguard.core.axml:getAttributeNamespace:981 - 1
2026-08-16 02:18:02.948 | DEBUG    | androguard.core.axml:getAttributeUri:968 - 1
2026-08-16 02:18:02.948 | DEBUG    | androguard.core.axml:getAttributeName:997 - 1
2026-08-16 02:18:02.948 | DEBUG    | androguard.core.axml:getAttributeValueType:1027 - 1
2026-08-16 02:18:02.948 | DEBUG    | androguard.core.axml:getAttributeValueData:1038 - 1
2026-08-16 02:18:02.948 | DEBUG    | androguard.core.axml:__init__:1195 - found an attribute: {http://schemas.android.com/apk/res/android}required='b'false''
2026-08-16 02:18:02.948 | DEBUG    | androguard.core.axml:is_valid:575 - True
2026-08-16 02:18:02.948 | DEBUG    | androguard.core.axml:_do_next:593 - M_EVENT 2
2026-08-16 02:18:02.948 | DEBUG    | androguard.core.axml:_do_next:608 - NEXT HEADER <ARSCHeader idx='0x000044a0' type='259' header_size='16' size='24'>
2026-08-16 02:18:02.948 | DEBUG    | androguard.core.axml:__init__:1146 - DEBUG ARSC TYPE 3
2026-08-16 02:18:02.948 | DEBUG    | androguard.core.axml:is_valid:575 - True
2026-08-16 02:18:02.948 | DEBUG    | androguard.core.axml:_do_next:593 - M_EVENT 3
2026-08-16 02:18:02.948 | DEBUG    | androguard.core.axml:_do_next:608 - NEXT HEADER <ARSCHeader idx='0x000044b8' type='258' header_size='16' size='56'>
2026-08-16 02:18:02.948 | DEBUG    | androguard.core.axml:__init__:1146 - DEBUG ARSC TYPE 2
2026-08-16 02:18:02.948 | DEBUG    | androguard.core.axml:__init__:1167 - START_TAG: uses-permission (line=32)
2026-08-16 02:18:02.948 | DEBUG    | androguard.core.axml:getAttributeNamespace:981 - 0
2026-08-16 02:18:02.948 | DEBUG    | androguard.core.axml:getAttributeUri:968 - 0
2026-08-16 02:18:02.948 | DEBUG    | androguard.core.axml:getAttributeName:997 - 0
2026-08-16 02:18:02.948 | DEBUG    | androguard.core.axml:getAttributeValueType:1027 - 0
2026-08-16 02:18:02.948 | DEBUG    | androguard.core.axml:getAttributeValueData:1038 - 0
2026-08-16 02:18:02.948 | DEBUG    | androguard.core.axml:getAttributeValue:1052 - 0
2026-08-16 02:18:02.948 | DEBUG    | androguard.core.axml:__init__:1195 - found an attribute: {http://schemas.android.com/apk/res/android}name='b'android.permission.QUERY_ALL_PACKAGES''
2026-08-16 02:18:02.948 | DEBUG    | androguard.core.axml:is_valid:575 - True
2026-08-16 02:18:02.948 | DEBUG    | androguard.core.axml:_do_next:593 - M_EVENT 2
2026-08-16 02:18:02.948 | DEBUG    | androguard.core.axml:_do_next:608 - NEXT HEADER <ARSCHeader idx='0x000044f0' type='259' header_size='16' size='24'>
2026-08-16 02:18:02.948 | DEBUG    | androguard.core.axml:__init__:1146 - DEBUG ARSC TYPE 3
2026-08-16 02:18:02.948 | DEBUG    | androguard.core.axml:is_valid:575 - True
2026-08-16 02:18:02.948 | DEBUG    | androguard.core.axml:_do_next:593 - M_EVENT 3
2026-08-16 02:18:02.948 | DEBUG    | androguard.core.axml:_do_next:608 - NEXT HEADER <ARSCHeader idx='0x00004508' type='258' header_size='16' size='36'>
2026-08-16 02:18:02.948 | DEBUG    | androguard.core.axml:__init__:1146 - DEBUG ARSC TYPE 2
2026-08-16 02:18:02.948 | DEBUG    | androguard.core.axml:__init__:1167 - START_TAG: queries (line=33)
2026-08-16 02:18:02.948 | DEBUG    | androguard.core.axml:is_valid:575 - True
2026-08-16 02:18:02.948 | DEBUG    | androguard.core.axml:_do_next:593 - M_EVENT 2
2026-08-16 02:18:02.948 | DEBUG    | androguard.core.axml:_do_next:608 - NEXT HEADER <ARSCHeader idx='0x0000452c' type='258' header_size='16' size='36'>
2026-08-16 02:18:02.948 | DEBUG    | androguard.core.axml:__init__:1146 - DEBUG ARSC TYPE 2
2026-08-16 02:18:02.948 | DEBUG    | androguard.core.axml:__init__:1167 - START_TAG: intent (line=34)
2026-08-16 02:18:02.948 | DEBUG    | androguard.core.axml:is_valid:575 - True
2026-08-16 02:18:02.948 | DEBUG    | androguard.core.axml:_do_next:593 - M_EVENT 2
2026-08-16 02:18:02.948 | DEBUG    | androguard.core.axml:_do_next:608 - NEXT HEADER <ARSCHeader idx='0x00004550' type='258' header_size='16' size='56'>
2026-08-16 02:18:02.948 | DEBUG    | androguard.core.axml:__init__:1146 - DEBUG ARSC TYPE 2
2026-08-16 02:18:02.948 | DEBUG    | androguard.core.axml:__init__:1167 - START_TAG: action (line=35)
2026-08-16 02:18:02.948 | DEBUG    | androguard.core.axml:getAttributeNamespace:981 - 0
2026-08-16 02:18:02.948 | DEBUG    | androguard.core.axml:getAttributeUri:968 - 0
2026-08-16 02:18:02.948 | DEBUG    | androguard.core.axml:getAttributeName:997 - 0
2026-08-16 02:18:02.948 | DEBUG    | androguard.core.axml:getAttributeValueType:1027 - 0
2026-08-16 02:18:02.948 | DEBUG    | androguard.core.axml:getAttributeValueData:1038 - 0
2026-08-16 02:18:02.948 | DEBUG    | androguard.core.axml:getAttributeValue:1052 - 0
2026-08-16 02:18:02.948 | DEBUG    | androguard.core.axml:__init__:1195 - found an attribute: {http://schemas.android.com/apk/res/android}name='b'android.intent.action.VIEW''
2026-08-16 02:18:02.948 | DEBUG    | androguard.core.axml:is_valid:575 - True
2026-08-16 02:18:02.948 | DEBUG    | androguard.core.axml:_do_next:593 - M_EVENT 2
2026-08-16 02:18:02.948 | DEBUG    | androguard.core.axml:_do_next:608 - NEXT HEADER <ARSCHeader idx='0x00004588' type='259' header_size='16' size='24'>
2026-08-16 02:18:02.948 | DEBUG    | androguard.core.axml:__init__:1146 - DEBUG ARSC TYPE 3
2026-08-16 02:18:02.948 | DEBUG    | androguard.core.axml:is_valid:575 - True
2026-08-16 02:18:02.948 | DEBUG    | androguard.core.axml:_do_next:593 - M_EVENT 3
2026-08-16 02:18:02.948 | DEBUG    | androguard.core.axml:_do_next:608 - NEXT HEADER <ARSCHeader idx='0x000045a0' type='258' header_size='16' size='56'>
2026-08-16 02:18:02.948 | DEBUG    | androguard.core.axml:__init__:1146 - DEBUG ARSC TYPE 2
2026-08-16 02:18:02.948 | DEBUG    | androguard.core.axml:__init__:1167 - START_TAG: data (line=36)
2026-08-16 02:18:02.948 | DEBUG    | androguard.core.axml:getAttributeNamespace:981 - 0
2026-08-16 02:18:02.948 | DEBUG    | androguard.core.axml:getAttributeUri:968 - 0
2026-08-16 02:18:02.948 | DEBUG    | androguard.core.axml:getAttributeName:997 - 0
2026-08-16 02:18:02.948 | DEBUG    | androguard.core.axml:getAttributeValueType:1027 - 0
2026-08-16 02:18:02.948 | DEBUG    | androguard.core.axml:getAttributeValueData:1038 - 0
2026-08-16 02:18:02.948 | DEBUG    | androguard.core.axml:getAttributeValue:1052 - 0
2026-08-16 02:18:02.948 | DEBUG    | androguard.core.axml:__init__:1195 - found an attribute: {http://schemas.android.com/apk/res/android}scheme='b'http''
2026-08-16 02:18:02.948 | DEBUG    | androguard.core.axml:is_valid:575 - True
2026-08-16 02:18:02.948 | DEBUG    | androguard.core.axml:_do_next:593 - M_EVENT 2
2026-08-16 02:18:02.948 | DEBUG    | androguard.core.axml:_do_next:608 - NEXT HEADER <ARSCHeader idx='0x000045d8' type='259' header_size='16' size='24'>
2026-08-16 02:18:02.948 | DEBUG    | androguard.core.axml:__init__:1146 - DEBUG ARSC TYPE 3
2026-08-16 02:18:02.948 | DEBUG    | androguard.core.axml:is_valid:575 - True
2026-08-16 02:18:02.948 | DEBUG    | androguard.core.axml:_do_next:593 - M_EVENT 3
2026-08-16 02:18:02.948 | DEBUG    | androguard.core.axml:_do_next:608 - NEXT HEADER <ARSCHeader idx='0x000045f0' type='259' header_size='16' size='24'>
2026-08-16 02:18:02.948 | DEBUG    | androguard.core.axml:__init__:1146 - DEBUG ARSC TYPE 3
2026-08-16 02:18:02.948 | DEBUG    | androguard.core.axml:is_valid:575 - True
2026-08-16 02:18:02.948 | DEBUG    | androguard.core.axml:_do_next:593 - M_EVENT 3
2026-08-16 02:18:02.948 | DEBUG    | androguard.core.axml:_do_next:608 - NEXT HEADER <ARSCHeader idx='0x00004608' type='258' header_size='16' size='36'>
2026-08-16 02:18:02.948 | DEBUG    | androguard.core.axml:__init__:1146 - DEBUG ARSC TYPE 2
2026-08-16 02:18:02.948 | DEBUG    | androguard.core.axml:__init__:1167 - START_TAG: intent (line=38)
2026-08-16 02:18:02.948 | DEBUG    | androguard.core.axml:is_valid:575 - True
2026-08-16 02:18:02.949 | DEBUG    | androguard.core.axml:_do_next:593 - M_EVENT 2
2026-08-16 02:18:02.949 | DEBUG    | androguard.core.axml:_do_next:608 - NEXT HEADER <ARSCHeader idx='0x0000462c' type='258' header_size='16' size='56'>
2026-08-16 02:18:02.949 | DEBUG    | androguard.core.axml:__init__:1146 - DEBUG ARSC TYPE 2
2026-08-16 02:18:02.949 | DEBUG    | androguard.core.axml:__init__:1167 - START_TAG: action (line=39)
2026-08-16 02:18:02.949 | DEBUG    | androguard.core.axml:getAttributeNamespace:981 - 0
2026-08-16 02:18:02.949 | DEBUG    | androguard.core.axml:getAttributeUri:968 - 0
2026-08-16 02:18:02.949 | DEBUG    | androguard.core.axml:getAttributeName:997 - 0
2026-08-16 02:18:02.949 | DEBUG    | androguard.core.axml:getAttributeValueType:1027 - 0
2026-08-16 02:18:02.949 | DEBUG    | androguard.core.axml:getAttributeValueData:1038 - 0
2026-08-16 02:18:02.949 | DEBUG    | androguard.core.axml:getAttributeValue:1052 - 0
2026-08-16 02:18:02.949 | DEBUG    | androguard.core.axml:__init__:1195 - found an attribute: {http://schemas.android.com/apk/res/android}name='b'android.intent.action.DIAL''
2026-08-16 02:18:02.949 | DEBUG    | androguard.core.axml:is_valid:575 - True
2026-08-16 02:18:02.949 | DEBUG    | androguard.core.axml:_do_next:593 - M_EVENT 2
2026-08-16 02:18:02.949 | DEBUG    | androguard.core.axml:_do_next:608 - NEXT HEADER <ARSCHeader idx='0x00004664' type='259' header_size='16' size='24'>
2026-08-16 02:18:02.949 | DEBUG    | androguard.core.axml:__init__:1146 - DEBUG ARSC TYPE 3
2026-08-16 02:18:02.949 | DEBUG    | androguard.core.axml:is_valid:575 - True
2026-08-16 02:18:02.949 | DEBUG    | androguard.core.axml:_do_next:593 - M_EVENT 3
2026-08-16 02:18:02.949 | DEBUG    | androguard.core.axml:_do_next:608 - NEXT HEADER <ARSCHeader idx='0x0000467c' type='259' header_size='16' size='24'>
2026-08-16 02:18:02.949 | DEBUG    | androguard.core.axml:__init__:1146 - DEBUG ARSC TYPE 3
2026-08-16 02:18:02.949 | DEBUG    | androguard.core.axml:is_valid:575 - True
2026-08-16 02:18:02.949 | DEBUG    | androguard.core.axml:_do_next:593 - M_EVENT 3
2026-08-16 02:18:02.949 | DEBUG    | androguard.core.axml:_do_next:608 - NEXT HEADER <ARSCHeader idx='0x00004694' type='258' header_size='16' size='56'>
2026-08-16 02:18:02.949 | DEBUG    | androguard.core.axml:__init__:1146 - DEBUG ARSC TYPE 2
2026-08-16 02:18:02.949 | DEBUG    | androguard.core.axml:__init__:1167 - START_TAG: package (line=41)
2026-08-16 02:18:02.949 | DEBUG    | androguard.core.axml:getAttributeNamespace:981 - 0
2026-08-16 02:18:02.949 | DEBUG    | androguard.core.axml:getAttributeUri:968 - 0
2026-08-16 02:18:02.949 | DEBUG    | androguard.core.axml:getAttributeName:997 - 0
2026-08-16 02:18:02.949 | DEBUG    | androguard.core.axml:getAttributeValueType:1027 - 0
2026-08-16 02:18:02.949 | DEBUG    | androguard.core.axml:getAttributeValueData:1038 - 0
2026-08-16 02:18:02.949 | DEBUG    | androguard.core.axml:getAttributeValue:1052 - 0
2026-08-16 02:18:02.949 | DEBUG    | androguard.core.axml:__init__:1195 - found an attribute: {http://schemas.android.com/apk/res/android}name='b'org.telegram.messenger''
2026-08-16 02:18:02.949 | DEBUG    | androguard.core.axml:is_valid:575 - True
2026-08-16 02:18:02.949 | DEBUG    | androguard.core.axml:_do_next:593 - M_EVENT 2
2026-08-16 02:18:02.949 | DEBUG    | androguard.core.axml:_do_next:608 - NEXT HEADER <ARSCHeader idx='0x000046cc' type='259' header_size='16' size='24'>
2026-08-16 02:18:02.949 | DEBUG    | androguard.core.axml:__init__:1146 - DEBUG ARSC TYPE 3
2026-08-16 02:18:02.949 | DEBUG    | androguard.core.axml:is_valid:575 - True
2026-08-16 02:18:02.949 | DEBUG    | androguard.core.axml:_do_next:593 - M_EVENT 3
2026-08-16 02:18:02.949 | DEBUG    | androguard.core.axml:_do_next:608 - NEXT HEADER <ARSCHeader idx='0x000046e4' type='258' header_size='16' size='56'>
2026-08-16 02:18:02.949 | DEBUG    | androguard.core.axml:__init__:1146 - DEBUG ARSC TYPE 2
2026-08-16 02:18:02.949 | DEBUG    | androguard.core.axml:__init__:1167 - START_TAG: package (line=42)
2026-08-16 02:18:02.949 | DEBUG    | androguard.core.axml:getAttributeNamespace:981 - 0
2026-08-16 02:18:02.949 | DEBUG    | androguard.core.axml:getAttributeUri:968 - 0
2026-08-16 02:18:02.949 | DEBUG    | androguard.core.axml:getAttributeName:997 - 0
2026-08-16 02:18:02.949 | DEBUG    | androguard.core.axml:getAttributeValueType:1027 - 0
2026-08-16 02:18:02.949 | DEBUG    | androguard.core.axml:getAttributeValueData:1038 - 0
2026-08-16 02:18:02.949 | DEBUG    | androguard.core.axml:getAttributeValue:1052 - 0
2026-08-16 02:18:02.949 | DEBUG    | androguard.core.axml:__init__:1195 - found an attribute: {http://schemas.android.com/apk/res/android}name='b'com.whatsapp''
2026-08-16 02:18:02.949 | DEBUG    | androguard.core.axml:is_valid:575 - True
2026-08-16 02:18:02.949 | DEBUG    | androguard.core.axml:_do_next:593 - M_EVENT 2
2026-08-16 02:18:02.949 | DEBUG    | androguard.core.axml:_do_next:608 - NEXT HEADER <ARSCHeader idx='0x0000471c' type='259' header_size='16' size='24'>
2026-08-16 02:18:02.949 | DEBUG    | androguard.core.axml:__init__:1146 - DEBUG ARSC TYPE 3
2026-08-16 02:18:02.949 | DEBUG    | androguard.core.axml:is_valid:575 - True
2026-08-16 02:18:02.949 | DEBUG    | androguard.core.axml:_do_next:593 - M_EVENT 3
2026-08-16 02:18:02.949 | DEBUG    | androguard.core.axml:_do_next:608 - NEXT HEADER <ARSCHeader idx='0x00004734' type='258' header_size='16' size='56'>
2026-08-16 02:18:02.949 | DEBUG    | androguard.core.axml:__init__:1146 - DEBUG ARSC TYPE 2
2026-08-16 02:18:02.949 | DEBUG    | androguard.core.axml:__init__:1167 - START_TAG: package (line=43)
2026-08-16 02:18:02.949 | DEBUG    | androguard.core.axml:getAttributeNamespace:981 - 0
2026-08-16 02:18:02.949 | DEBUG    | androguard.core.axml:getAttributeUri:968 - 0
2026-08-16 02:18:02.949 | DEBUG    | androguard.core.axml:getAttributeName:997 - 0
2026-08-16 02:18:02.949 | DEBUG    | androguard.core.axml:getAttributeValueType:1027 - 0
2026-08-16 02:18:02.949 | DEBUG    | androguard.core.axml:getAttributeValueData:1038 - 0
2026-08-16 02:18:02.949 | DEBUG    | androguard.core.axml:getAttributeValue:1052 - 0
2026-08-16 02:18:02.949 | DEBUG    | androguard.core.axml:__init__:1195 - found an attribute: {http://schemas.android.com/apk/res/android}name='b'com.viber.voip''
2026-08-16 02:18:02.949 | DEBUG    | androguard.core.axml:is_valid:575 - True
2026-08-16 02:18:02.949 | DEBUG    | androguard.core.axml:_do_next:593 - M_EVENT 2
2026-08-16 02:18:02.949 | DEBUG    | androguard.core.axml:_do_next:608 - NEXT HEADER <ARSCHeader idx='0x0000476c' type='259' header_size='16' size='24'>
2026-08-16 02:18:02.949 | DEBUG    | androguard.core.axml:__init__:1146 - DEBUG ARSC TYPE 3
2026-08-16 02:18:02.949 | DEBUG    | androguard.core.axml:is_valid:575 - True
2026-08-16 02:18:02.949 | DEBUG    | androguard.core.axml:_do_next:593 - M_EVENT 3
2026-08-16 02:18:02.949 | DEBUG    | androguard.core.axml:_do_next:608 - NEXT HEADER <ARSCHeader idx='0x00004784' type='258' header_size='16' size='56'>
2026-08-16 02:18:02.949 | DEBUG    | androguard.core.axml:__init__:1146 - DEBUG ARSC TYPE 2
2026-08-16 02:18:02.949 | DEBUG    | androguard.core.axml:__init__:1167 - START_TAG: package (line=44)
2026-08-16 02:18:02.949 | DEBUG    | androguard.core.axml:getAttributeNamespace:981 - 0
2026-08-16 02:18:02.949 | DEBUG    | androguard.core.axml:getAttributeUri:968 - 0
2026-08-16 02:18:02.949 | DEBUG    | androguard.core.axml:getAttributeName:997 - 0
2026-08-16 02:18:02.949 | DEBUG    | androguard.core.axml:getAttributeValueType:1027 - 0
2026-08-16 02:18:02.949 | DEBUG    | androguard.core.axml:getAttributeValueData:1038 - 0
2026-08-16 02:18:02.949 | DEBUG    | androguard.core.axml:getAttributeValue:1052 - 0
2026-08-16 02:18:02.949 | DEBUG    | androguard.core.axml:__init__:1195 - found an attribute: {http://schemas.android.com/apk/res/android}name='b'com.facebook.katana''
2026-08-16 02:18:02.949 | DEBUG    | androguard.core.axml:is_valid:575 - True
2026-08-16 02:18:02.949 | DEBUG    | androguard.core.axml:_do_next:593 - M_EVENT 2
2026-08-16 02:18:02.949 | DEBUG    | androguard.core.axml:_do_next:608 - NEXT HEADER <ARSCHeader idx='0x000047bc' type='259' header_size='16' size='24'>
2026-08-16 02:18:02.949 | DEBUG    | androguard.core.axml:__init__:1146 - DEBUG ARSC TYPE 3
2026-08-16 02:18:02.949 | DEBUG    | androguard.core.axml:is_valid:575 - True
2026-08-16 02:18:02.949 | DEBUG    | androguard.core.axml:_do_next:593 - M_EVENT 3
2026-08-16 02:18:02.949 | DEBUG    | androguard.core.axml:_do_next:608 - NEXT HEADER <ARSCHeader idx='0x000047d4' type='258' header_size='16' size='56'>
2026-08-16 02:18:02.949 | DEBUG    | androguard.core.axml:__init__:1146 - DEBUG ARSC TYPE 2
2026-08-16 02:18:02.949 | DEBUG    | androguard.core.axml:__init__:1167 - START_TAG: package (line=45)
2026-08-16 02:18:02.949 | DEBUG    | androguard.core.axml:getAttributeNamespace:981 - 0
2026-08-16 02:18:02.949 | DEBUG    | androguard.core.axml:getAttributeUri:968 - 0
2026-08-16 02:18:02.949 | DEBUG    | androguard.core.axml:getAttributeName:997 - 0
2026-08-16 02:18:02.949 | DEBUG    | androguard.core.axml:getAttributeValueType:1027 - 0
2026-08-16 02:18:02.949 | DEBUG    | androguard.core.axml:getAttributeValueData:1038 - 0
2026-08-16 02:18:02.949 | DEBUG    | androguard.core.axml:getAttributeValue:1052 - 0
2026-08-16 02:18:02.949 | DEBUG    | androguard.core.axml:__init__:1195 - found an attribute: {http://schemas.android.com/apk/res/android}name='b'com.instagram.android''
2026-08-16 02:18:02.949 | DEBUG    | androguard.core.axml:is_valid:575 - True
2026-08-16 02:18:02.949 | DEBUG    | androguard.core.axml:_do_next:593 - M_EVENT 2
2026-08-16 02:18:02.949 | DEBUG    | androguard.core.axml:_do_next:608 - NEXT HEADER <ARSCHeader idx='0x0000480c' type='259' header_size='16' size='24'>
2026-08-16 02:18:02.949 | DEBUG    | androguard.core.axml:__init__:1146 - DEBUG ARSC TYPE 3
2026-08-16 02:18:02.949 | DEBUG    | androguard.core.axml:is_valid:575 - True
2026-08-16 02:18:02.949 | DEBUG    | androguard.core.axml:_do_next:593 - M_EVENT 3
2026-08-16 02:18:02.949 | DEBUG    | androguard.core.axml:_do_next:608 - NEXT HEADER <ARSCHeader idx='0x00004824' type='258' header_size='16' size='56'>
2026-08-16 02:18:02.949 | DEBUG    | androguard.core.axml:__init__:1146 - DEBUG ARSC TYPE 2
2026-08-16 02:18:02.949 | DEBUG    | androguard.core.axml:__init__:1167 - START_TAG: package (line=46)
2026-08-16 02:18:02.949 | DEBUG    | androguard.core.axml:getAttributeNamespace:981 - 0
2026-08-16 02:18:02.949 | DEBUG    | androguard.core.axml:getAttributeUri:968 - 0
2026-08-16 02:18:02.949 | DEBUG    | androguard.core.axml:getAttributeName:997 - 0
2026-08-16 02:18:02.949 | DEBUG    | androguard.core.axml:getAttributeValueType:1027 - 0
2026-08-16 02:18:02.949 | DEBUG    | androguard.core.axml:getAttributeValueData:1038 - 0
2026-08-16 02:18:02.949 | DEBUG    | androguard.core.axml:getAttributeValue:1052 - 0
2026-08-16 02:18:02.949 | DEBUG    | androguard.core.axml:__init__:1195 - found an attribute: {http://schemas.android.com/apk/res/android}name='b'com.twitter.android''
2026-08-16 02:18:02.949 | DEBUG    | androguard.core.axml:is_valid:575 - True
2026-08-16 02:18:02.949 | DEBUG    | androguard.core.axml:_do_next:593 - M_EVENT 2
2026-08-16 02:18:02.949 | DEBUG    | androguard.core.axml:_do_next:608 - NEXT HEADER <ARSCHeader idx='0x0000485c' type='259' header_size='16' size='24'>
2026-08-16 02:18:02.949 | DEBUG    | androguard.core.axml:__init__:1146 - DEBUG ARSC TYPE 3
2026-08-16 02:18:02.949 | DEBUG    | androguard.core.axml:is_valid:575 - True
2026-08-16 02:18:02.949 | DEBUG    | androguard.core.axml:_do_next:593 - M_EVENT 3
2026-08-16 02:18:02.949 | DEBUG    | androguard.core.axml:_do_next:608 - NEXT HEADER <ARSCHeader idx='0x00004874' type='258' header_size='16' size='56'>
2026-08-16 02:18:02.949 | DEBUG    | androguard.core.axml:__init__:1146 - DEBUG ARSC TYPE 2
2026-08-16 02:18:02.950 | DEBUG    | androguard.core.axml:__init__:1167 - START_TAG: package (line=47)
2026-08-16 02:18:02.950 | DEBUG    | androguard.core.axml:getAttributeNamespace:981 - 0
2026-08-16 02:18:02.950 | DEBUG    | androguard.core.axml:getAttributeUri:968 - 0
2026-08-16 02:18:02.950 | DEBUG    | androguard.core.axml:getAttributeName:997 - 0
2026-08-16 02:18:02.950 | DEBUG    | androguard.core.axml:getAttributeValueType:1027 - 0
2026-08-16 02:18:02.950 | DEBUG    | androguard.core.axml:getAttributeValueData:1038 - 0
2026-08-16 02:18:02.950 | DEBUG    | androguard.core.axml:getAttributeValue:1052 - 0
2026-08-16 02:18:02.950 | DEBUG    | androguard.core.axml:__init__:1195 - found an attribute: {http://schemas.android.com/apk/res/android}name='b'com.vkontakte.android''
2026-08-16 02:18:02.950 | DEBUG    | androguard.core.axml:is_valid:575 - True
2026-08-16 02:18:02.950 | DEBUG    | androguard.core.axml:_do_next:593 - M_EVENT 2
2026-08-16 02:18:02.950 | DEBUG    | androguard.core.axml:_do_next:608 - NEXT HEADER <ARSCHeader idx='0x000048ac' type='259' header_size='16' size='24'>
2026-08-16 02:18:02.950 | DEBUG    | androguard.core.axml:__init__:1146 - DEBUG ARSC TYPE 3
2026-08-16 02:18:02.950 | DEBUG    | androguard.core.axml:is_valid:575 - True
2026-08-16 02:18:02.950 | DEBUG    | androguard.core.axml:_do_next:593 - M_EVENT 3
2026-08-16 02:18:02.950 | DEBUG    | androguard.core.axml:_do_next:608 - NEXT HEADER <ARSCHeader idx='0x000048c4' type='258' header_size='16' size='56'>
2026-08-16 02:18:02.950 | DEBUG    | androguard.core.axml:__init__:1146 - DEBUG ARSC TYPE 2
2026-08-16 02:18:02.950 | DEBUG    | androguard.core.axml:__init__:1167 - START_TAG: package (line=48)
2026-08-16 02:18:02.950 | DEBUG    | androguard.core.axml:getAttributeNamespace:981 - 0
2026-08-16 02:18:02.950 | DEBUG    | androguard.core.axml:getAttributeUri:968 - 0
2026-08-16 02:18:02.950 | DEBUG    | androguard.core.axml:getAttributeName:997 - 0
2026-08-16 02:18:02.950 | DEBUG    | androguard.core.axml:getAttributeValueType:1027 - 0
2026-08-16 02:18:02.950 | DEBUG    | androguard.core.axml:getAttributeValueData:1038 - 0
2026-08-16 02:18:02.950 | DEBUG    | androguard.core.axml:getAttributeValue:1052 - 0
2026-08-16 02:18:02.950 | DEBUG    | androguard.core.axml:__init__:1195 - found an attribute: {http://schemas.android.com/apk/res/android}name='b'com.google.android.gm''
2026-08-16 02:18:02.950 | DEBUG    | androguard.core.axml:is_valid:575 - True
2026-08-16 02:18:02.950 | DEBUG    | androguard.core.axml:_do_next:593 - M_EVENT 2
2026-08-16 02:18:02.950 | DEBUG    | androguard.core.axml:_do_next:608 - NEXT HEADER <ARSCHeader idx='0x000048fc' type='259' header_size='16' size='24'>
2026-08-16 02:18:02.950 | DEBUG    | androguard.core.axml:__init__:1146 - DEBUG ARSC TYPE 3
2026-08-16 02:18:02.950 | DEBUG    | androguard.core.axml:is_valid:575 - True
2026-08-16 02:18:02.950 | DEBUG    | androguard.core.axml:_do_next:593 - M_EVENT 3
2026-08-16 02:18:02.950 | DEBUG    | androguard.core.axml:_do_next:608 - NEXT HEADER <ARSCHeader idx='0x00004914' type='258' header_size='16' size='56'>
2026-08-16 02:18:02.950 | DEBUG    | androguard.core.axml:__init__:1146 - DEBUG ARSC TYPE 2
2026-08-16 02:18:02.950 | DEBUG    | androguard.core.axml:__init__:1167 - START_TAG: package (line=49)
2026-08-16 02:18:02.950 | DEBUG    | androguard.core.axml:getAttributeNamespace:981 - 0
2026-08-16 02:18:02.950 | DEBUG    | androguard.core.axml:getAttributeUri:968 - 0
2026-08-16 02:18:02.950 | DEBUG    | androguard.core.axml:getAttributeName:997 - 0
2026-08-16 02:18:02.950 | DEBUG    | androguard.core.axml:getAttributeValueType:1027 - 0
2026-08-16 02:18:02.950 | DEBUG    | androguard.core.axml:getAttributeValueData:1038 - 0
2026-08-16 02:18:02.950 | DEBUG    | androguard.core.axml:getAttributeValue:1052 - 0
2026-08-16 02:18:02.950 | DEBUG    | androguard.core.axml:__init__:1195 - found an attribute: {http://schemas.android.com/apk/res/android}name='b'com.google.android.youtube''
2026-08-16 02:18:02.950 | DEBUG    | androguard.core.axml:is_valid:575 - True
2026-08-16 02:18:02.950 | DEBUG    | androguard.core.axml:_do_next:593 - M_EVENT 2
2026-08-16 02:18:02.950 | DEBUG    | androguard.core.axml:_do_next:608 - NEXT HEADER <ARSCHeader idx='0x0000494c' type='259' header_size='16' size='24'>
2026-08-16 02:18:02.950 | DEBUG    | androguard.core.axml:__init__:1146 - DEBUG ARSC TYPE 3
2026-08-16 02:18:02.950 | DEBUG    | androguard.core.axml:is_valid:575 - True
2026-08-16 02:18:02.950 | DEBUG    | androguard.core.axml:_do_next:593 - M_EVENT 3
2026-08-16 02:18:02.950 | DEBUG    | androguard.core.axml:_do_next:608 - NEXT HEADER <ARSCHeader idx='0x00004964' type='258' header_size='16' size='56'>
2026-08-16 02:18:02.950 | DEBUG    | androguard.core.axml:__init__:1146 - DEBUG ARSC TYPE 2
2026-08-16 02:18:02.950 | DEBUG    | androguard.core.axml:__init__:1167 - START_TAG: package (line=50)
2026-08-16 02:18:02.950 | DEBUG    | androguard.core.axml:getAttributeNamespace:981 - 0
2026-08-16 02:18:02.950 | DEBUG    | androguard.core.axml:getAttributeUri:968 - 0
2026-08-16 02:18:02.950 | DEBUG    | androguard.core.axml:getAttributeName:997 - 0
2026-08-16 02:18:02.950 | DEBUG    | androguard.core.axml:getAttributeValueType:1027 - 0
2026-08-16 02:18:02.950 | DEBUG    | androguard.core.axml:getAttributeValueData:1038 - 0
2026-08-16 02:18:02.950 | DEBUG    | androguard.core.axml:getAttributeValue:1052 - 0
2026-08-16 02:18:02.950 | DEBUG    | androguard.core.axml:__init__:1195 - found an attribute: {http://schemas.android.com/apk/res/android}name='b'com.google.android.apps.maps''
2026-08-16 02:18:02.950 | DEBUG    | androguard.core.axml:is_valid:575 - True
2026-08-16 02:18:02.950 | DEBUG    | androguard.core.axml:_do_next:593 - M_EVENT 2
2026-08-16 02:18:02.950 | DEBUG    | androguard.core.axml:_do_next:608 - NEXT HEADER <ARSCHeader idx='0x0000499c' type='259' header_size='16' size='24'>
2026-08-16 02:18:02.950 | DEBUG    | androguard.core.axml:__init__:1146 - DEBUG ARSC TYPE 3
2026-08-16 02:18:02.950 | DEBUG    | androguard.core.axml:is_valid:575 - True
2026-08-16 02:18:02.950 | DEBUG    | androguard.core.axml:_do_next:593 - M_EVENT 3
2026-08-16 02:18:02.950 | DEBUG    | androguard.core.axml:_do_next:608 - NEXT HEADER <ARSCHeader idx='0x000049b4' type='259' header_size='16' size='24'>
2026-08-16 02:18:02.950 | DEBUG    | androguard.core.axml:__init__:1146 - DEBUG ARSC TYPE 3
2026-08-16 02:18:02.950 | DEBUG    | androguard.core.axml:is_valid:575 - True
2026-08-16 02:18:02.950 | DEBUG    | androguard.core.axml:_do_next:593 - M_EVENT 3
2026-08-16 02:18:02.950 | DEBUG    | androguard.core.axml:_do_next:608 - NEXT HEADER <ARSCHeader idx='0x000049cc' type='258' header_size='16' size='76'>
2026-08-16 02:18:02.950 | DEBUG    | androguard.core.axml:__init__:1146 - DEBUG ARSC TYPE 2
2026-08-16 02:18:02.950 | DEBUG    | androguard.core.axml:__init__:1167 - START_TAG: permission (line=52)
2026-08-16 02:18:02.950 | DEBUG    | androguard.core.axml:getAttributeNamespace:981 - 0
2026-08-16 02:18:02.950 | DEBUG    | androguard.core.axml:getAttributeUri:968 - 0
2026-08-16 02:18:02.950 | DEBUG    | androguard.core.axml:getAttributeName:997 - 0
2026-08-16 02:18:02.950 | DEBUG    | androguard.core.axml:getAttributeValueType:1027 - 0
2026-08-16 02:18:02.950 | DEBUG    | androguard.core.axml:getAttributeValueData:1038 - 0
2026-08-16 02:18:02.950 | DEBUG    | androguard.core.axml:getAttributeValue:1052 - 0
2026-08-16 02:18:02.950 | DEBUG    | androguard.core.axml:__init__:1195 - found an attribute: {http://schemas.android.com/apk/res/android}name='b'io.system.system903.DYNAMIC_RECEIVER_NOT_EXPORTED_PERMISSION''
2026-08-16 02:18:02.950 | DEBUG    | androguard.core.axml:getAttributeNamespace:981 - 1
2026-08-16 02:18:02.950 | DEBUG    | androguard.core.axml:getAttributeUri:968 - 1
2026-08-16 02:18:02.950 | DEBUG    | androguard.core.axml:getAttributeName:997 - 1
2026-08-16 02:18:02.950 | DEBUG    | androguard.core.axml:getAttributeValueType:1027 - 1
2026-08-16 02:18:02.950 | DEBUG    | androguard.core.axml:getAttributeValueData:1038 - 1
2026-08-16 02:18:02.950 | DEBUG    | androguard.core.axml:__init__:1195 - found an attribute: {http://schemas.android.com/apk/res/android}protectionLevel='b'0x00000002''
2026-08-16 02:18:02.950 | DEBUG    | androguard.core.axml:is_valid:575 - True
2026-08-16 02:18:02.950 | DEBUG    | androguard.core.axml:_do_next:593 - M_EVENT 2
2026-08-16 02:18:02.950 | DEBUG    | androguard.core.axml:_do_next:608 - NEXT HEADER <ARSCHeader idx='0x00004a18' type='259' header_size='16' size='24'>
2026-08-16 02:18:02.950 | DEBUG    | androguard.core.axml:__init__:1146 - DEBUG ARSC TYPE 3
2026-08-16 02:18:02.950 | DEBUG    | androguard.core.axml:is_valid:575 - True
2026-08-16 02:18:02.950 | DEBUG    | androguard.core.axml:_do_next:593 - M_EVENT 3
2026-08-16 02:18:02.950 | DEBUG    | androguard.core.axml:_do_next:608 - NEXT HEADER <ARSCHeader idx='0x00004a30' type='258' header_size='16' size='56'>
2026-08-16 02:18:02.950 | DEBUG    | androguard.core.axml:__init__:1146 - DEBUG ARSC TYPE 2
2026-08-16 02:18:02.950 | DEBUG    | androguard.core.axml:__init__:1167 - START_TAG: uses-permission (line=53)
2026-08-16 02:18:02.950 | DEBUG    | androguard.core.axml:getAttributeNamespace:981 - 0
2026-08-16 02:18:02.950 | DEBUG    | androguard.core.axml:getAttributeUri:968 - 0
2026-08-16 02:18:02.950 | DEBUG    | androguard.core.axml:getAttributeName:997 - 0
2026-08-16 02:18:02.950 | DEBUG    | androguard.core.axml:getAttributeValueType:1027 - 0
2026-08-16 02:18:02.950 | DEBUG    | androguard.core.axml:getAttributeValueData:1038 - 0
2026-08-16 02:18:02.950 | DEBUG    | androguard.core.axml:getAttributeValue:1052 - 0
2026-08-16 02:18:02.950 | DEBUG    | androguard.core.axml:__init__:1195 - found an attribute: {http://schemas.android.com/apk/res/android}name='b'io.system.system903.DYNAMIC_RECEIVER_NOT_EXPORTED_PERMISSION''
2026-08-16 02:18:02.950 | DEBUG    | androguard.core.axml:is_valid:575 - True
2026-08-16 02:18:02.950 | DEBUG    | androguard.core.axml:_do_next:593 - M_EVENT 2
2026-08-16 02:18:02.950 | DEBUG    | androguard.core.axml:_do_next:608 - NEXT HEADER <ARSCHeader idx='0x00004a68' type='259' header_size='16' size='24'>
2026-08-16 02:18:02.950 | DEBUG    | androguard.core.axml:__init__:1146 - DEBUG ARSC TYPE 3
2026-08-16 02:18:02.950 | DEBUG    | androguard.core.axml:is_valid:575 - True
2026-08-16 02:18:02.950 | DEBUG    | androguard.core.axml:_do_next:593 - M_EVENT 3
2026-08-16 02:18:02.950 | DEBUG    | androguard.core.axml:_do_next:608 - NEXT HEADER <ARSCHeader idx='0x00004a80' type='258' header_size='16' size='376'>
2026-08-16 02:18:02.950 | DEBUG    | androguard.core.axml:__init__:1146 - DEBUG ARSC TYPE 2
2026-08-16 02:18:02.950 | DEBUG    | androguard.core.axml:__init__:1167 - START_TAG: application (line=54)
2026-08-16 02:18:02.950 | DEBUG    | androguard.core.axml:getAttributeNamespace:981 - 0
2026-08-16 02:18:02.950 | DEBUG    | androguard.core.axml:getAttributeUri:968 - 0
2026-08-16 02:18:02.950 | DEBUG    | androguard.core.axml:getAttributeName:997 - 0
2026-08-16 02:18:02.950 | DEBUG    | androguard.core.axml:getAttributeValueType:1027 - 0
2026-08-16 02:18:02.950 | DEBUG    | androguard.core.axml:getAttributeValueData:1038 - 0
2026-08-16 02:18:02.950 | DEBUG    | androguard.core.axml:__init__:1195 - found an attribute: {http://schemas.android.com/apk/res/android}theme='b'@7F100275''
2026-08-16 02:18:02.950 | DEBUG    | androguard.core.axml:getAttributeNamespace:981 - 1
2026-08-16 02:18:02.950 | DEBUG    | androguard.core.axml:getAttributeUri:968 - 1
2026-08-16 02:18:02.950 | DEBUG    | androguard.core.axml:getAttributeName:997 - 1
2026-08-16 02:18:02.950 | DEBUG    | androguard.core.axml:getAttributeValueType:1027 - 1
2026-08-16 02:18:02.950 | DEBUG    | androguard.core.axml:getAttributeValueData:1038 - 1
2026-08-16 02:18:02.951 | DEBUG    | androguard.core.axml:__init__:1195 - found an attribute: {http://schemas.android.com/apk/res/android}label='b'@7F0F001D''
2026-08-16 02:18:02.951 | DEBUG    | androguard.core.axml:getAttributeNamespace:981 - 2
2026-08-16 02:18:02.951 | DEBUG    | androguard.core.axml:getAttributeUri:968 - 2
2026-08-16 02:18:02.951 | DEBUG    | androguard.core.axml:getAttributeName:997 - 2
2026-08-16 02:18:02.951 | DEBUG    | androguard.core.axml:getAttributeValueType:1027 - 2
2026-08-16 02:18:02.951 | DEBUG    | androguard.core.axml:getAttributeValueData:1038 - 2
2026-08-16 02:18:02.951 | DEBUG    | androguard.core.axml:__init__:1195 - found an attribute: {http://schemas.android.com/apk/res/android}icon='b'@7F0D0000''
2026-08-16 02:18:02.951 | DEBUG    | androguard.core.axml:getAttributeNamespace:981 - 3
2026-08-16 02:18:02.951 | DEBUG    | androguard.core.axml:getAttributeUri:968 - 3
2026-08-16 02:18:02.951 | DEBUG    | androguard.core.axml:getAttributeName:997 - 3
2026-08-16 02:18:02.951 | DEBUG    | androguard.core.axml:getAttributeValueType:1027 - 3
2026-08-16 02:18:02.951 | DEBUG    | androguard.core.axml:getAttributeValueData:1038 - 3
2026-08-16 02:18:02.951 | DEBUG    | androguard.core.axml:getAttributeValue:1052 - 3
2026-08-16 02:18:02.951 | DEBUG    | androguard.core.axml:__init__:1195 - found an attribute: {http://schemas.android.com/apk/res/android}name='b'C2db3bfeGOjW.C3f77562GOjW.C87ea62eGOjW.C29225c5GOjW''
2026-08-16 02:18:02.951 | DEBUG    | androguard.core.axml:getAttributeNamespace:981 - 4
2026-08-16 02:18:02.951 | DEBUG    | androguard.core.axml:getAttributeUri:968 - 4
2026-08-16 02:18:02.951 | DEBUG    | androguard.core.axml:getAttributeName:997 - 4
2026-08-16 02:18:02.951 | DEBUG    | androguard.core.axml:getAttributeValueType:1027 - 4
2026-08-16 02:18:02.951 | DEBUG    | androguard.core.axml:getAttributeValueData:1038 - 4
2026-08-16 02:18:02.951 | DEBUG    | androguard.core.axml:__init__:1195 - found an attribute: {http://schemas.android.com/apk/res/android}excludeFromRecents='b'true''
2026-08-16 02:18:02.951 | DEBUG    | androguard.core.axml:getAttributeNamespace:981 - 5
2026-08-16 02:18:02.951 | DEBUG    | androguard.core.axml:getAttributeUri:968 - 5
2026-08-16 02:18:02.951 | DEBUG    | androguard.core.axml:getAttributeName:997 - 5
2026-08-16 02:18:02.951 | DEBUG    | androguard.core.axml:getAttributeValueType:1027 - 5
2026-08-16 02:18:02.951 | DEBUG    | androguard.core.axml:getAttributeValueData:1038 - 5
2026-08-16 02:18:02.951 | DEBUG    | androguard.core.axml:__init__:1195 - found an attribute: {http://schemas.android.com/apk/res/android}allowBackup='b'true''
2026-08-16 02:18:02.951 | DEBUG    | androguard.core.axml:getAttributeNamespace:981 - 6
2026-08-16 02:18:02.951 | DEBUG    | androguard.core.axml:getAttributeUri:968 - 6
2026-08-16 02:18:02.951 | DEBUG    | androguard.core.axml:getAttributeName:997 - 6
2026-08-16 02:18:02.951 | DEBUG    | androguard.core.axml:getAttributeValueType:1027 - 6
2026-08-16 02:18:02.951 | DEBUG    | androguard.core.axml:getAttributeValueData:1038 - 6
2026-08-16 02:18:02.951 | DEBUG    | androguard.core.axml:__init__:1195 - found an attribute: {http://schemas.android.com/apk/res/android}hardwareAccelerated='b'true''
2026-08-16 02:18:02.951 | DEBUG    | androguard.core.axml:getAttributeNamespace:981 - 7
2026-08-16 02:18:02.951 | DEBUG    | androguard.core.axml:getAttributeUri:968 - 7
2026-08-16 02:18:02.951 | DEBUG    | androguard.core.axml:getAttributeName:997 - 7
2026-08-16 02:18:02.951 | DEBUG    | androguard.core.axml:getAttributeValueType:1027 - 7
2026-08-16 02:18:02.951 | DEBUG    | androguard.core.axml:getAttributeValueData:1038 - 7
2026-08-16 02:18:02.951 | DEBUG    | androguard.core.axml:__init__:1195 - found an attribute: {http://schemas.android.com/apk/res/android}supportsRtl='b'true''
2026-08-16 02:18:02.951 | DEBUG    | androguard.core.axml:getAttributeNamespace:981 - 8
2026-08-16 02:18:02.951 | DEBUG    | androguard.core.axml:getAttributeUri:968 - 8
2026-08-16 02:18:02.951 | DEBUG    | androguard.core.axml:getAttributeName:997 - 8
2026-08-16 02:18:02.951 | DEBUG    | androguard.core.axml:getAttributeValueType:1027 - 8
2026-08-16 02:18:02.951 | DEBUG    | androguard.core.axml:getAttributeValueData:1038 - 8
2026-08-16 02:18:02.951 | DEBUG    | androguard.core.axml:__init__:1195 - found an attribute: {http://schemas.android.com/apk/res/android}extractNativeLibs='b'false''
2026-08-16 02:18:02.951 | DEBUG    | androguard.core.axml:getAttributeNamespace:981 - 9
2026-08-16 02:18:02.951 | DEBUG    | androguard.core.axml:getAttributeUri:968 - 9
2026-08-16 02:18:02.951 | DEBUG    | androguard.core.axml:getAttributeName:997 - 9
2026-08-16 02:18:02.951 | DEBUG    | androguard.core.axml:getAttributeValueType:1027 - 9
2026-08-16 02:18:02.951 | DEBUG    | androguard.core.axml:getAttributeValueData:1038 - 9
2026-08-16 02:18:02.951 | DEBUG    | androguard.core.axml:__init__:1195 - found an attribute: {http://schemas.android.com/apk/res/android}fullBackupContent='b'@7F120001''
2026-08-16 02:18:02.951 | DEBUG    | androguard.core.axml:getAttributeNamespace:981 - 10
2026-08-16 02:18:02.951 | DEBUG    | androguard.core.axml:getAttributeUri:968 - 10
2026-08-16 02:18:02.951 | DEBUG    | androguard.core.axml:getAttributeName:997 - 10
2026-08-16 02:18:02.951 | DEBUG    | androguard.core.axml:getAttributeValueType:1027 - 10
2026-08-16 02:18:02.951 | DEBUG    | androguard.core.axml:getAttributeValueData:1038 - 10
2026-08-16 02:18:02.951 | DEBUG    | androguard.core.axml:__init__:1195 - found an attribute: {http://schemas.android.com/apk/res/android}usesCleartextTraffic='b'true''
2026-08-16 02:18:02.951 | DEBUG    | androguard.core.axml:getAttributeNamespace:981 - 11
2026-08-16 02:18:02.951 | DEBUG    | androguard.core.axml:getAttributeUri:968 - 11
2026-08-16 02:18:02.951 | DEBUG    | androguard.core.axml:getAttributeName:997 - 11
2026-08-16 02:18:02.951 | DEBUG    | androguard.core.axml:getAttributeValueType:1027 - 11
2026-08-16 02:18:02.951 | DEBUG    | androguard.core.axml:getAttributeValueData:1038 - 11
2026-08-16 02:18:02.951 | DEBUG    | androguard.core.axml:__init__:1195 - found an attribute: {http://schemas.android.com/apk/res/android}roundIcon='b'@7F0D0002''
2026-08-16 02:18:02.951 | DEBUG    | androguard.core.axml:getAttributeNamespace:981 - 12
2026-08-16 02:18:02.951 | DEBUG    | androguard.core.axml:getAttributeUri:968 - 12
2026-08-16 02:18:02.951 | DEBUG    | androguard.core.axml:getAttributeName:997 - 12
2026-08-16 02:18:02.951 | DEBUG    | androguard.core.axml:getAttributeValueType:1027 - 12
2026-08-16 02:18:02.951 | DEBUG    | androguard.core.axml:getAttributeValueData:1038 - 12
2026-08-16 02:18:02.951 | DEBUG    | androguard.core.axml:getAttributeValue:1052 - 12
2026-08-16 02:18:02.951 | DEBUG    | androguard.core.axml:__init__:1195 - found an attribute: {http://schemas.android.com/apk/res/android}appComponentFactory='b'androidx.core.app.CoreComponentFactory''
2026-08-16 02:18:02.951 | DEBUG    | androguard.core.axml:getAttributeNamespace:981 - 13
2026-08-16 02:18:02.951 | DEBUG    | androguard.core.axml:getAttributeUri:968 - 13
2026-08-16 02:18:02.951 | DEBUG    | androguard.core.axml:getAttributeName:997 - 13
2026-08-16 02:18:02.951 | DEBUG    | androguard.core.axml:getAttributeValueType:1027 - 13
2026-08-16 02:18:02.951 | DEBUG    | androguard.core.axml:getAttributeValueData:1038 - 13
2026-08-16 02:18:02.951 | DEBUG    | androguard.core.axml:__init__:1195 - found an attribute: {http://schemas.android.com/apk/res/android}requestLegacyExternalStorage='b'false''
2026-08-16 02:18:02.951 | DEBUG    | androguard.core.axml:getAttributeNamespace:981 - 14
2026-08-16 02:18:02.951 | DEBUG    | androguard.core.axml:getAttributeUri:968 - 14
2026-08-16 02:18:02.951 | DEBUG    | androguard.core.axml:getAttributeName:997 - 14
2026-08-16 02:18:02.951 | DEBUG    | androguard.core.axml:getAttributeValueType:1027 - 14
2026-08-16 02:18:02.951 | DEBUG    | androguard.core.axml:getAttributeValueData:1038 - 14
2026-08-16 02:18:02.951 | DEBUG    | androguard.core.axml:__init__:1195 - found an attribute: {http://schemas.android.com/apk/res/android}preserveLegacyExternalStorage='b'false''
2026-08-16 02:18:02.951 | DEBUG    | androguard.core.axml:getAttributeNamespace:981 - 15
2026-08-16 02:18:02.951 | DEBUG    | androguard.core.axml:getAttributeUri:968 - 15
2026-08-16 02:18:02.951 | DEBUG    | androguard.core.axml:getAttributeName:997 - 15
2026-08-16 02:18:02.951 | DEBUG    | androguard.core.axml:getAttributeValueType:1027 - 15
2026-08-16 02:18:02.951 | DEBUG    | androguard.core.axml:getAttributeValueData:1038 - 15
2026-08-16 02:18:02.951 | DEBUG    | androguard.core.axml:__init__:1195 - found an attribute: {http://schemas.android.com/apk/res/android}dataExtractionRules='b'@7F120002''
2026-08-16 02:18:02.951 | DEBUG    | androguard.core.axml:getAttributeNamespace:981 - 16
2026-08-16 02:18:02.951 | DEBUG    | androguard.core.axml:getAttributeUri:968 - 16
2026-08-16 02:18:02.951 | DEBUG    | androguard.core.axml:getAttributeName:997 - 16
2026-08-16 02:18:02.951 | DEBUG    | androguard.core.axml:getAttributeValueType:1027 - 16
2026-08-16 02:18:02.951 | DEBUG    | androguard.core.axml:getAttributeValueData:1038 - 16
2026-08-16 02:18:02.951 | DEBUG    | androguard.core.axml:__init__:1195 - found an attribute: {http://schemas.android.com/apk/res/android}enableOnBackInvokedCallback='b'true''
2026-08-16 02:18:02.951 | DEBUG    | androguard.core.axml:is_valid:575 - True
2026-08-16 02:18:02.951 | DEBUG    | androguard.core.axml:_do_next:593 - M_EVENT 2
2026-08-16 02:18:02.951 | DEBUG    | androguard.core.axml:_do_next:608 - NEXT HEADER <ARSCHeader idx='0x00004bf8' type='258' header_size='16' size='196'>
2026-08-16 02:18:02.951 | DEBUG    | androguard.core.axml:__init__:1146 - DEBUG ARSC TYPE 2
2026-08-16 02:18:02.951 | DEBUG    | androguard.core.axml:__init__:1167 - START_TAG: activity (line=55)
2026-08-16 02:18:02.951 | DEBUG    | androguard.core.axml:getAttributeNamespace:981 - 0
2026-08-16 02:18:02.951 | DEBUG    | androguard.core.axml:getAttributeUri:968 - 0
2026-08-16 02:18:02.951 | DEBUG    | androguard.core.axml:getAttributeName:997 - 0
2026-08-16 02:18:02.951 | DEBUG    | androguard.core.axml:getAttributeValueType:1027 - 0
2026-08-16 02:18:02.951 | DEBUG    | androguard.core.axml:getAttributeValueData:1038 - 0
2026-08-16 02:18:02.951 | DEBUG    | androguard.core.axml:getAttributeValue:1052 - 0
2026-08-16 02:18:02.951 | DEBUG    | androguard.core.axml:__init__:1195 - found an attribute: {http://schemas.android.com/apk/res/android}name='b'io.system.system903.MainActivity''
2026-08-16 02:18:02.951 | DEBUG    | androguard.core.axml:getAttributeNamespace:981 - 1
2026-08-16 02:18:02.951 | DEBUG    | androguard.core.axml:getAttributeUri:968 - 1
2026-08-16 02:18:02.951 | DEBUG    | androguard.core.axml:getAttributeName:997 - 1
2026-08-16 02:18:02.951 | DEBUG    | androguard.core.axml:getAttributeValueType:1027 - 1
2026-08-16 02:18:02.951 | DEBUG    | androguard.core.axml:getAttributeValueData:1038 - 1
2026-08-16 02:18:02.951 | DEBUG    | androguard.core.axml:__init__:1195 - found an attribute: {http://schemas.android.com/apk/res/android}exported='b'true''
2026-08-16 02:18:02.951 | DEBUG    | androguard.core.axml:getAttributeNamespace:981 - 2
2026-08-16 02:18:02.951 | DEBUG    | androguard.core.axml:getAttributeUri:968 - 2
2026-08-16 02:18:02.951 | DEBUG    | androguard.core.axml:getAttributeName:997 - 2
2026-08-16 02:18:02.951 | DEBUG    | androguard.core.axml:getAttributeValueType:1027 - 2
2026-08-16 02:18:02.951 | DEBUG    | androguard.core.axml:getAttributeValueData:1038 - 2
2026-08-16 02:18:02.951 | DEBUG    | androguard.core.axml:getAttributeValue:1052 - 2
2026-08-16 02:18:02.951 | DEBUG    | androguard.core.axml:__init__:1195 - found an attribute: {http://schemas.android.com/apk/res/android}taskAffinity='b'''
2026-08-16 02:18:02.951 | DEBUG    | androguard.core.axml:getAttributeNamespace:981 - 3
2026-08-16 02:18:02.951 | DEBUG    | androguard.core.axml:getAttributeUri:968 - 3
2026-08-16 02:18:02.951 | DEBUG    | androguard.core.axml:getAttributeName:997 - 3
2026-08-16 02:18:02.951 | DEBUG    | androguard.core.axml:getAttributeValueType:1027 - 3
2026-08-16 02:18:02.951 | DEBUG    | androguard.core.axml:getAttributeValueData:1038 - 3
2026-08-16 02:18:02.952 | DEBUG    | androguard.core.axml:__init__:1195 - found an attribute: {http://schemas.android.com/apk/res/android}excludeFromRecents='b'true''
2026-08-16 02:18:02.952 | DEBUG    | androguard.core.axml:getAttributeNamespace:981 - 4
2026-08-16 02:18:02.952 | DEBUG    | androguard.core.axml:getAttributeUri:968 - 4
2026-08-16 02:18:02.952 | DEBUG    | androguard.core.axml:getAttributeName:997 - 4
2026-08-16 02:18:02.952 | DEBUG    | androguard.core.axml:getAttributeValueType:1027 - 4
2026-08-16 02:18:02.952 | DEBUG    | androguard.core.axml:getAttributeValueData:1038 - 4
2026-08-16 02:18:02.952 | DEBUG    | androguard.core.axml:__init__:1195 - found an attribute: {http://schemas.android.com/apk/res/android}launchMode='b'2''
2026-08-16 02:18:02.952 | DEBUG    | androguard.core.axml:getAttributeNamespace:981 - 5
2026-08-16 02:18:02.952 | DEBUG    | androguard.core.axml:getAttributeUri:968 - 5
2026-08-16 02:18:02.952 | DEBUG    | androguard.core.axml:getAttributeName:997 - 5
2026-08-16 02:18:02.952 | DEBUG    | androguard.core.axml:getAttributeValueType:1027 - 5
2026-08-16 02:18:02.952 | DEBUG    | androguard.core.axml:getAttributeValueData:1038 - 5
2026-08-16 02:18:02.952 | DEBUG    | androguard.core.axml:__init__:1195 - found an attribute: {http://schemas.android.com/apk/res/android}configChanges='b'0x00000480''
2026-08-16 02:18:02.952 | DEBUG    | androguard.core.axml:getAttributeNamespace:981 - 6
2026-08-16 02:18:02.952 | DEBUG    | androguard.core.axml:getAttributeUri:968 - 6
2026-08-16 02:18:02.952 | DEBUG    | androguard.core.axml:getAttributeName:997 - 6
2026-08-16 02:18:02.952 | DEBUG    | androguard.core.axml:getAttributeValueType:1027 - 6
2026-08-16 02:18:02.952 | DEBUG    | androguard.core.axml:getAttributeValueData:1038 - 6
2026-08-16 02:18:02.952 | DEBUG    | androguard.core.axml:__init__:1195 - found an attribute: {http://schemas.android.com/apk/res/android}noHistory='b'true''
2026-08-16 02:18:02.952 | DEBUG    | androguard.core.axml:getAttributeNamespace:981 - 7
2026-08-16 02:18:02.952 | DEBUG    | androguard.core.axml:getAttributeUri:968 - 7
2026-08-16 02:18:02.952 | DEBUG    | androguard.core.axml:getAttributeName:997 - 7
2026-08-16 02:18:02.952 | DEBUG    | androguard.core.axml:getAttributeValueType:1027 - 7
2026-08-16 02:18:02.952 | DEBUG    | androguard.core.axml:getAttributeValueData:1038 - 7
2026-08-16 02:18:02.952 | DEBUG    | androguard.core.axml:__init__:1195 - found an attribute: {http://schemas.android.com/apk/res/android}autoRemoveFromRecents='b'true''
2026-08-16 02:18:02.952 | DEBUG    | androguard.core.axml:is_valid:575 - True
2026-08-16 02:18:02.952 | DEBUG    | androguard.core.axml:_do_next:593 - M_EVENT 2
2026-08-16 02:18:02.952 | DEBUG    | androguard.core.axml:_do_next:608 - NEXT HEADER <ARSCHeader idx='0x00004cbc' type='258' header_size='16' size='36'>
2026-08-16 02:18:02.952 | DEBUG    | androguard.core.axml:__init__:1146 - DEBUG ARSC TYPE 2
2026-08-16 02:18:02.952 | DEBUG    | androguard.core.axml:__init__:1167 - START_TAG: intent-filter (line=56)
2026-08-16 02:18:02.952 | DEBUG    | androguard.core.axml:is_valid:575 - True
2026-08-16 02:18:02.952 | DEBUG    | androguard.core.axml:_do_next:593 - M_EVENT 2
2026-08-16 02:18:02.952 | DEBUG    | androguard.core.axml:_do_next:608 - NEXT HEADER <ARSCHeader idx='0x00004ce0' type='258' header_size='16' size='56'>
2026-08-16 02:18:02.952 | DEBUG    | androguard.core.axml:__init__:1146 - DEBUG ARSC TYPE 2
2026-08-16 02:18:02.952 | DEBUG    | androguard.core.axml:__init__:1167 - START_TAG: action (line=57)
2026-08-16 02:18:02.952 | DEBUG    | androguard.core.axml:getAttributeNamespace:981 - 0
2026-08-16 02:18:02.952 | DEBUG    | androguard.core.axml:getAttributeUri:968 - 0
2026-08-16 02:18:02.952 | DEBUG    | androguard.core.axml:getAttributeName:997 - 0
2026-08-16 02:18:02.952 | DEBUG    | androguard.core.axml:getAttributeValueType:1027 - 0
2026-08-16 02:18:02.952 | DEBUG    | androguard.core.axml:getAttributeValueData:1038 - 0
2026-08-16 02:18:02.952 | DEBUG    | androguard.core.axml:getAttributeValue:1052 - 0
2026-08-16 02:18:02.952 | DEBUG    | androguard.core.axml:__init__:1195 - found an attribute: {http://schemas.android.com/apk/res/android}name='b'android.intent.action.MAIN''
2026-08-16 02:18:02.952 | DEBUG    | androguard.core.axml:is_valid:575 - True
2026-08-16 02:18:02.952 | DEBUG    | androguard.core.axml:_do_next:593 - M_EVENT 2
2026-08-16 02:18:02.952 | DEBUG    | androguard.core.axml:_do_next:608 - NEXT HEADER <ARSCHeader idx='0x00004d18' type='259' header_size='16' size='24'>
2026-08-16 02:18:02.952 | DEBUG    | androguard.core.axml:__init__:1146 - DEBUG ARSC TYPE 3
2026-08-16 02:18:02.952 | DEBUG    | androguard.core.axml:is_valid:575 - True
2026-08-16 02:18:02.952 | DEBUG    | androguard.core.axml:_do_next:593 - M_EVENT 3
2026-08-16 02:18:02.952 | DEBUG    | androguard.core.axml:_do_next:608 - NEXT HEADER <ARSCHeader idx='0x00004d30' type='258' header_size='16' size='56'>
2026-08-16 02:18:02.952 | DEBUG    | androguard.core.axml:__init__:1146 - DEBUG ARSC TYPE 2
2026-08-16 02:18:02.952 | DEBUG    | androguard.core.axml:__init__:1167 - START_TAG: category (line=58)
2026-08-16 02:18:02.952 | DEBUG    | androguard.core.axml:getAttributeNamespace:981 - 0
2026-08-16 02:18:02.952 | DEBUG    | androguard.core.axml:getAttributeUri:968 - 0
2026-08-16 02:18:02.952 | DEBUG    | androguard.core.axml:getAttributeName:997 - 0
2026-08-16 02:18:02.952 | DEBUG    | androguard.core.axml:getAttributeValueType:1027 - 0
2026-08-16 02:18:02.952 | DEBUG    | androguard.core.axml:getAttributeValueData:1038 - 0
2026-08-16 02:18:02.952 | DEBUG    | androguard.core.axml:getAttributeValue:1052 - 0
2026-08-16 02:18:02.952 | DEBUG    | androguard.core.axml:__init__:1195 - found an attribute: {http://schemas.android.com/apk/res/android}name='b'android.intent.category.INFO''
2026-08-16 02:18:02.952 | DEBUG    | androguard.core.axml:is_valid:575 - True
2026-08-16 02:18:02.952 | DEBUG    | androguard.core.axml:_do_next:593 - M_EVENT 2
2026-08-16 02:18:02.952 | DEBUG    | androguard.core.axml:_do_next:608 - NEXT HEADER <ARSCHeader idx='0x00004d68' type='259' header_size='16' size='24'>
2026-08-16 02:18:02.952 | DEBUG    | androguard.core.axml:__init__:1146 - DEBUG ARSC TYPE 3
2026-08-16 02:18:02.952 | DEBUG    | androguard.core.axml:is_valid:575 - True
2026-08-16 02:18:02.952 | DEBUG    | androguard.core.axml:_do_next:593 - M_EVENT 3
2026-08-16 02:18:02.952 | DEBUG    | androguard.core.axml:_do_next:608 - NEXT HEADER <ARSCHeader idx='0x00004d80' type='258' header_size='16' size='56'>
2026-08-16 02:18:02.952 | DEBUG    | androguard.core.axml:__init__:1146 - DEBUG ARSC TYPE 2
2026-08-16 02:18:02.952 | DEBUG    | androguard.core.axml:__init__:1167 - START_TAG: action (line=59)
2026-08-16 02:18:02.952 | DEBUG    | androguard.core.axml:getAttributeNamespace:981 - 0
2026-08-16 02:18:02.952 | DEBUG    | androguard.core.axml:getAttributeUri:968 - 0
2026-08-16 02:18:02.952 | DEBUG    | androguard.core.axml:getAttributeName:997 - 0
2026-08-16 02:18:02.952 | DEBUG    | androguard.core.axml:getAttributeValueType:1027 - 0
2026-08-16 02:18:02.952 | DEBUG    | androguard.core.axml:getAttributeValueData:1038 - 0
2026-08-16 02:18:02.952 | DEBUG    | androguard.core.axml:getAttributeValue:1052 - 0
2026-08-16 02:18:02.952 | DEBUG    | androguard.core.axml:__init__:1195 - found an attribute: {http://schemas.android.com/apk/res/android}name='b'android.intent.action.VIEW''
2026-08-16 02:18:02.952 | DEBUG    | androguard.core.axml:is_valid:575 - True
2026-08-16 02:18:02.952 | DEBUG    | androguard.core.axml:_do_next:593 - M_EVENT 2
2026-08-16 02:18:02.952 | DEBUG    | androguard.core.axml:_do_next:608 - NEXT HEADER <ARSCHeader idx='0x00004db8' type='259' header_size='16' size='24'>
2026-08-16 02:18:02.952 | DEBUG    | androguard.core.axml:__init__:1146 - DEBUG ARSC TYPE 3
2026-08-16 02:18:02.952 | DEBUG    | androguard.core.axml:is_valid:575 - True
2026-08-16 02:18:02.952 | DEBUG    | androguard.core.axml:_do_next:593 - M_EVENT 3
2026-08-16 02:18:02.952 | DEBUG    | androguard.core.axml:_do_next:608 - NEXT HEADER <ARSCHeader idx='0x00004dd0' type='258' header_size='16' size='56'>
2026-08-16 02:18:02.952 | DEBUG    | androguard.core.axml:__init__:1146 - DEBUG ARSC TYPE 2
2026-08-16 02:18:02.952 | DEBUG    | androguard.core.axml:__init__:1167 - START_TAG: category (line=60)
2026-08-16 02:18:02.952 | DEBUG    | androguard.core.axml:getAttributeNamespace:981 - 0
2026-08-16 02:18:02.952 | DEBUG    | androguard.core.axml:getAttributeUri:968 - 0
2026-08-16 02:18:02.952 | DEBUG    | androguard.core.axml:getAttributeName:997 - 0
2026-08-16 02:18:02.952 | DEBUG    | androguard.core.axml:getAttributeValueType:1027 - 0
2026-08-16 02:18:02.952 | DEBUG    | androguard.core.axml:getAttributeValueData:1038 - 0
2026-08-16 02:18:02.952 | DEBUG    | androguard.core.axml:getAttributeValue:1052 - 0
2026-08-16 02:18:02.952 | DEBUG    | androguard.core.axml:__init__:1195 - found an attribute: {http://schemas.android.com/apk/res/android}name='b'android.intent.category.DEFAULT''
2026-08-16 02:18:02.952 | DEBUG    | androguard.core.axml:is_valid:575 - True
2026-08-16 02:18:02.952 | DEBUG    | androguard.core.axml:_do_next:593 - M_EVENT 2
2026-08-16 02:18:02.952 | DEBUG    | androguard.core.axml:_do_next:608 - NEXT HEADER <ARSCHeader idx='0x00004e08' type='259' header_size='16' size='24'>
2026-08-16 02:18:02.953 | DEBUG    | androguard.core.axml:__init__:1146 - DEBUG ARSC TYPE 3
2026-08-16 02:18:02.953 | DEBUG    | androguard.core.axml:is_valid:575 - True
2026-08-16 02:18:02.953 | DEBUG    | androguard.core.axml:_do_next:593 - M_EVENT 3
2026-08-16 02:18:02.953 | DEBUG    | androguard.core.axml:_do_next:608 - NEXT HEADER <ARSCHeader idx='0x00004e20' type='259' header_size='16' size='24'>
2026-08-16 02:18:02.953 | DEBUG    | androguard.core.axml:__init__:1146 - DEBUG ARSC TYPE 3
2026-08-16 02:18:02.953 | DEBUG    | androguard.core.axml:is_valid:575 - True
2026-08-16 02:18:02.953 | DEBUG    | androguard.core.axml:_do_next:593 - M_EVENT 3
2026-08-16 02:18:02.953 | DEBUG    | androguard.core.axml:_do_next:608 - NEXT HEADER <ARSCHeader idx='0x00004e38' type='258' header_size='16' size='36'>
2026-08-16 02:18:02.953 | DEBUG    | androguard.core.axml:__init__:1146 - DEBUG ARSC TYPE 2
2026-08-16 02:18:02.953 | DEBUG    | androguard.core.axml:__init__:1167 - START_TAG: intent-filter (line=62)
2026-08-16 02:18:02.953 | DEBUG    | androguard.core.axml:is_valid:575 - True
2026-08-16 02:18:02.953 | DEBUG    | androguard.core.axml:_do_next:593 - M_EVENT 2
2026-08-16 02:18:02.953 | DEBUG    | androguard.core.axml:_do_next:608 - NEXT HEADER <ARSCHeader idx='0x00004e5c' type='258' header_size='16' size='56'>
2026-08-16 02:18:02.953 | DEBUG    | androguard.core.axml:__init__:1146 - DEBUG ARSC TYPE 2
2026-08-16 02:18:02.953 | DEBUG    | androguard.core.axml:__init__:1167 - START_TAG: action (line=63)
2026-08-16 02:18:02.953 | DEBUG    | androguard.core.axml:getAttributeNamespace:981 - 0
2026-08-16 02:18:02.953 | DEBUG    | androguard.core.axml:getAttributeUri:968 - 0
2026-08-16 02:18:02.953 | DEBUG    | androguard.core.axml:getAttributeName:997 - 0
2026-08-16 02:18:02.953 | DEBUG    | androguard.core.axml:getAttributeValueType:1027 - 0
2026-08-16 02:18:02.953 | DEBUG    | androguard.core.axml:getAttributeValueData:1038 - 0
2026-08-16 02:18:02.953 | DEBUG    | androguard.core.axml:getAttributeValue:1052 - 0
2026-08-16 02:18:02.953 | DEBUG    | androguard.core.axml:__init__:1195 - found an attribute: {http://schemas.android.com/apk/res/android}name='b'android.intent.action.MAIN''
2026-08-16 02:18:02.953 | DEBUG    | androguard.core.axml:is_valid:575 - True
2026-08-16 02:18:02.953 | DEBUG    | androguard.core.axml:_do_next:593 - M_EVENT 2
2026-08-16 02:18:02.953 | DEBUG    | androguard.core.axml:_do_next:608 - NEXT HEADER <ARSCHeader idx='0x00004e94' type='259' header_size='16' size='24'>
2026-08-16 02:18:02.953 | DEBUG    | androguard.core.axml:__init__:1146 - DEBUG ARSC TYPE 3
2026-08-16 02:18:02.953 | DEBUG    | androguard.core.axml:is_valid:575 - True
2026-08-16 02:18:02.953 | DEBUG    | androguard.core.axml:_do_next:593 - M_EVENT 3
2026-08-16 02:18:02.953 | DEBUG    | androguard.core.axml:_do_next:608 - NEXT HEADER <ARSCHeader idx='0x00004eac' type='259' header_size='16' size='24'>
2026-08-16 02:18:02.953 | DEBUG    | androguard.core.axml:__init__:1146 - DEBUG ARSC TYPE 3
2026-08-16 02:18:02.953 | DEBUG    | androguard.core.axml:is_valid:575 - True
2026-08-16 02:18:02.953 | DEBUG    | androguard.core.axml:_do_next:593 - M_EVENT 3
2026-08-16 02:18:02.953 | DEBUG    | androguard.core.axml:_do_next:608 - NEXT HEADER <ARSCHeader idx='0x00004ec4' type='258' header_size='16' size='36'>
2026-08-16 02:18:02.953 | DEBUG    | androguard.core.axml:__init__:1146 - DEBUG ARSC TYPE 2
2026-08-16 02:18:02.953 | DEBUG    | androguard.core.axml:__init__:1167 - START_TAG: intent-filter (line=65)
2026-08-16 02:18:02.953 | DEBUG    | androguard.core.axml:is_valid:575 - True
2026-08-16 02:18:02.953 | DEBUG    | androguard.core.axml:_do_next:593 - M_EVENT 2
2026-08-16 02:18:02.953 | DEBUG    | androguard.core.axml:_do_next:608 - NEXT HEADER <ARSCHeader idx='0x00004ee8' type='258' header_size='16' size='56'>
2026-08-16 02:18:02.953 | DEBUG    | androguard.core.axml:__init__:1146 - DEBUG ARSC TYPE 2
2026-08-16 02:18:02.953 | DEBUG    | androguard.core.axml:__init__:1167 - START_TAG: action (line=66)
2026-08-16 02:18:02.953 | DEBUG    | androguard.core.axml:getAttributeNamespace:981 - 0
2026-08-16 02:18:02.953 | DEBUG    | androguard.core.axml:getAttributeUri:968 - 0
2026-08-16 02:18:02.953 | DEBUG    | androguard.core.axml:getAttributeName:997 - 0
2026-08-16 02:18:02.953 | DEBUG    | androguard.core.axml:getAttributeValueType:1027 - 0
2026-08-16 02:18:02.953 | DEBUG    | androguard.core.axml:getAttributeValueData:1038 - 0
2026-08-16 02:18:02.953 | DEBUG    | androguard.core.axml:getAttributeValue:1052 - 0
2026-08-16 02:18:02.953 | DEBUG    | androguard.core.axml:__init__:1195 - found an attribute: {http://schemas.android.com/apk/res/android}name='b'android.intent.action.SENDTO''
2026-08-16 02:18:02.953 | DEBUG    | androguard.core.axml:is_valid:575 - True
2026-08-16 02:18:02.953 | DEBUG    | androguard.core.axml:_do_next:593 - M_EVENT 2
2026-08-16 02:18:02.953 | DEBUG    | androguard.core.axml:_do_next:608 - NEXT HEADER <ARSCHeader idx='0x00004f20' type='259' header_size='16' size='24'>
2026-08-16 02:18:02.953 | DEBUG    | androguard.core.axml:__init__:1146 - DEBUG ARSC TYPE 3
2026-08-16 02:18:02.953 | DEBUG    | androguard.core.axml:is_valid:575 - True
2026-08-16 02:18:02.953 | DEBUG    | androguard.core.axml:_do_next:593 - M_EVENT 3
2026-08-16 02:18:02.953 | DEBUG    | androguard.core.axml:_do_next:608 - NEXT HEADER <ARSCHeader idx='0x00004f38' type='258' header_size='16' size='56'>
2026-08-16 02:18:02.953 | DEBUG    | androguard.core.axml:__init__:1146 - DEBUG ARSC TYPE 2
2026-08-16 02:18:02.953 | DEBUG    | androguard.core.axml:__init__:1167 - START_TAG: category (line=67)
2026-08-16 02:18:02.953 | DEBUG    | androguard.core.axml:getAttributeNamespace:981 - 0
2026-08-16 02:18:02.953 | DEBUG    | androguard.core.axml:getAttributeUri:968 - 0
2026-08-16 02:18:02.953 | DEBUG    | androguard.core.axml:getAttributeName:997 - 0
2026-08-16 02:18:02.953 | DEBUG    | androguard.core.axml:getAttributeValueType:1027 - 0
2026-08-16 02:18:02.953 | DEBUG    | androguard.core.axml:getAttributeValueData:1038 - 0
2026-08-16 02:18:02.953 | DEBUG    | androguard.core.axml:getAttributeValue:1052 - 0
2026-08-16 02:18:02.953 | DEBUG    | androguard.core.axml:__init__:1195 - found an attribute: {http://schemas.android.com/apk/res/android}name='b'android.intent.category.DEFAULT''
2026-08-16 02:18:02.953 | DEBUG    | androguard.core.axml:is_valid:575 - True
2026-08-16 02:18:02.953 | DEBUG    | androguard.core.axml:_do_next:593 - M_EVENT 2
2026-08-16 02:18:02.953 | DEBUG    | androguard.core.axml:_do_next:608 - NEXT HEADER <ARSCHeader idx='0x00004f70' type='259' header_size='16' size='24'>
2026-08-16 02:18:02.953 | DEBUG    | androguard.core.axml:__init__:1146 - DEBUG ARSC TYPE 3
2026-08-16 02:18:02.953 | DEBUG    | androguard.core.axml:is_valid:575 - True
2026-08-16 02:18:02.953 | DEBUG    | androguard.core.axml:_do_next:593 - M_EVENT 3
2026-08-16 02:18:02.953 | DEBUG    | androguard.core.axml:_do_next:608 - NEXT HEADER <ARSCHeader idx='0x00004f88' type='258' header_size='16' size='56'>
2026-08-16 02:18:02.953 | DEBUG    | androguard.core.axml:__init__:1146 - DEBUG ARSC TYPE 2
2026-08-16 02:18:02.953 | DEBUG    | androguard.core.axml:__init__:1167 - START_TAG: data (line=68)
2026-08-16 02:18:02.953 | DEBUG    | androguard.core.axml:getAttributeNamespace:981 - 0
2026-08-16 02:18:02.953 | DEBUG    | androguard.core.axml:getAttributeUri:968 - 0
2026-08-16 02:18:02.953 | DEBUG    | androguard.core.axml:getAttributeName:997 - 0
2026-08-16 02:18:02.953 | DEBUG    | androguard.core.axml:getAttributeValueType:1027 - 0
2026-08-16 02:18:02.953 | DEBUG    | androguard.core.axml:getAttributeValueData:1038 - 0
2026-08-16 02:18:02.953 | DEBUG    | androguard.core.axml:getAttributeValue:1052 - 0
2026-08-16 02:18:02.953 | DEBUG    | androguard.core.axml:__init__:1195 - found an attribute: {http://schemas.android.com/apk/res/android}scheme='b'sms''
2026-08-16 02:18:02.953 | DEBUG    | androguard.core.axml:is_valid:575 - True
2026-08-16 02:18:02.953 | DEBUG    | androguard.core.axml:_do_next:593 - M_EVENT 2
2026-08-16 02:18:02.953 | DEBUG    | androguard.core.axml:_do_next:608 - NEXT HEADER <ARSCHeader idx='0x00004fc0' type='259' header_size='16' size='24'>
2026-08-16 02:18:02.953 | DEBUG    | androguard.core.axml:__init__:1146 - DEBUG ARSC TYPE 3
2026-08-16 02:18:02.953 | DEBUG    | androguard.core.axml:is_valid:575 - True
2026-08-16 02:18:02.953 | DEBUG    | androguard.core.axml:_do_next:593 - M_EVENT 3
2026-08-16 02:18:02.953 | DEBUG    | androguard.core.axml:_do_next:608 - NEXT HEADER <ARSCHeader idx='0x00004fd8' type='258' header_size='16' size='56'>
2026-08-16 02:18:02.953 | DEBUG    | androguard.core.axml:__init__:1146 - DEBUG ARSC TYPE 2
2026-08-16 02:18:02.953 | DEBUG    | androguard.core.axml:__init__:1167 - START_TAG: data (line=69)
2026-08-16 02:18:02.953 | DEBUG    | androguard.core.axml:getAttributeNamespace:981 - 0
2026-08-16 02:18:02.953 | DEBUG    | androguard.core.axml:getAttributeUri:968 - 0
2026-08-16 02:18:02.953 | DEBUG    | androguard.core.axml:getAttributeName:997 - 0
2026-08-16 02:18:02.953 | DEBUG    | androguard.core.axml:getAttributeValueType:1027 - 0
2026-08-16 02:18:02.953 | DEBUG    | androguard.core.axml:getAttributeValueData:1038 - 0
2026-08-16 02:18:02.953 | DEBUG    | androguard.core.axml:getAttributeValue:1052 - 0
2026-08-16 02:18:02.953 | DEBUG    | androguard.core.axml:__init__:1195 - found an attribute: {http://schemas.android.com/apk/res/android}scheme='b'smsto''
2026-08-16 02:18:02.953 | DEBUG    | androguard.core.axml:is_valid:575 - True
2026-08-16 02:18:02.953 | DEBUG    | androguard.core.axml:_do_next:593 - M_EVENT 2
2026-08-16 02:18:02.953 | DEBUG    | androguard.core.axml:_do_next:608 - NEXT HEADER <ARSCHeader idx='0x00005010' type='259' header_size='16' size='24'>
2026-08-16 02:18:02.953 | DEBUG    | androguard.core.axml:__init__:1146 - DEBUG ARSC TYPE 3
2026-08-16 02:18:02.953 | DEBUG    | androguard.core.axml:is_valid:575 - True
2026-08-16 02:18:02.953 | DEBUG    | androguard.core.axml:_do_next:593 - M_EVENT 3
2026-08-16 02:18:02.953 | DEBUG    | androguard.core.axml:_do_next:608 - NEXT HEADER <ARSCHeader idx='0x00005028' type='258' header_size='16' size='56'>
2026-08-16 02:18:02.953 | DEBUG    | androguard.core.axml:__init__:1146 - DEBUG ARSC TYPE 2
2026-08-16 02:18:02.953 | DEBUG    | androguard.core.axml:__init__:1167 - START_TAG: data (line=70)
2026-08-16 02:18:02.953 | DEBUG    | androguard.core.axml:getAttributeNamespace:981 - 0
2026-08-16 02:18:02.953 | DEBUG    | androguard.core.axml:getAttributeUri:968 - 0
2026-08-16 02:18:02.953 | DEBUG    | androguard.core.axml:getAttributeName:997 - 0
2026-08-16 02:18:02.953 | DEBUG    | androguard.core.axml:getAttributeValueType:1027 - 0
2026-08-16 02:18:02.953 | DEBUG    | androguard.core.axml:getAttributeValueData:1038 - 0
2026-08-16 02:18:02.953 | DEBUG    | androguard.core.axml:getAttributeValue:1052 - 0
2026-08-16 02:18:02.953 | DEBUG    | androguard.core.axml:__init__:1195 - found an attribute: {http://schemas.android.com/apk/res/android}scheme='b'mms''
2026-08-16 02:18:02.953 | DEBUG    | androguard.core.axml:is_valid:575 - True
2026-08-16 02:18:02.953 | DEBUG    | androguard.core.axml:_do_next:593 - M_EVENT 2
2026-08-16 02:18:02.953 | DEBUG    | androguard.core.axml:_do_next:608 - NEXT HEADER <ARSCHeader idx='0x00005060' type='259' header_size='16' size='24'>
2026-08-16 02:18:02.953 | DEBUG    | androguard.core.axml:__init__:1146 - DEBUG ARSC TYPE 3
2026-08-16 02:18:02.953 | DEBUG    | androguard.core.axml:is_valid:575 - True
2026-08-16 02:18:02.953 | DEBUG    | androguard.core.axml:_do_next:593 - M_EVENT 3
2026-08-16 02:18:02.953 | DEBUG    | androguard.core.axml:_do_next:608 - NEXT HEADER <ARSCHeader idx='0x00005078' type='258' header_size='16' size='56'>
2026-08-16 02:18:02.953 | DEBUG    | androguard.core.axml:__init__:1146 - DEBUG ARSC TYPE 2
2026-08-16 02:18:02.953 | DEBUG    | androguard.core.axml:__init__:1167 - START_TAG: data (line=71)
2026-08-16 02:18:02.954 | DEBUG    | androguard.core.axml:getAttributeNamespace:981 - 0
2026-08-16 02:18:02.954 | DEBUG    | androguard.core.axml:getAttributeUri:968 - 0
2026-08-16 02:18:02.954 | DEBUG    | androguard.core.axml:getAttributeName:997 - 0
2026-08-16 02:18:02.954 | DEBUG    | androguard.core.axml:getAttributeValueType:1027 - 0
2026-08-16 02:18:02.954 | DEBUG    | androguard.core.axml:getAttributeValueData:1038 - 0
2026-08-16 02:18:02.954 | DEBUG    | androguard.core.axml:getAttributeValue:1052 - 0
2026-08-16 02:18:02.954 | DEBUG    | androguard.core.axml:__init__:1195 - found an attribute: {http://schemas.android.com/apk/res/android}scheme='b'mmsto''
2026-08-16 02:18:02.954 | DEBUG    | androguard.core.axml:is_valid:575 - True
2026-08-16 02:18:02.954 | DEBUG    | androguard.core.axml:_do_next:593 - M_EVENT 2
2026-08-16 02:18:02.954 | DEBUG    | androguard.core.axml:_do_next:608 - NEXT HEADER <ARSCHeader idx='0x000050b0' type='259' header_size='16' size='24'>
2026-08-16 02:18:02.954 | DEBUG    | androguard.core.axml:__init__:1146 - DEBUG ARSC TYPE 3
2026-08-16 02:18:02.954 | DEBUG    | androguard.core.axml:is_valid:575 - True
2026-08-16 02:18:02.954 | DEBUG    | androguard.core.axml:_do_next:593 - M_EVENT 3
2026-08-16 02:18:02.954 | DEBUG    | androguard.core.axml:_do_next:608 - NEXT HEADER <ARSCHeader idx='0x000050c8' type='259' header_size='16' size='24'>
2026-08-16 02:18:02.954 | DEBUG    | androguard.core.axml:__init__:1146 - DEBUG ARSC TYPE 3
2026-08-16 02:18:02.954 | DEBUG    | androguard.core.axml:is_valid:575 - True
2026-08-16 02:18:02.954 | DEBUG    | androguard.core.axml:_do_next:593 - M_EVENT 3
2026-08-16 02:18:02.954 | DEBUG    | androguard.core.axml:_do_next:608 - NEXT HEADER <ARSCHeader idx='0x000050e0' type='259' header_size='16' size='24'>
2026-08-16 02:18:02.954 | DEBUG    | androguard.core.axml:__init__:1146 - DEBUG ARSC TYPE 3
2026-08-16 02:18:02.954 | DEBUG    | androguard.core.axml:is_valid:575 - True
2026-08-16 02:18:02.954 | DEBUG    | androguard.core.axml:_do_next:593 - M_EVENT 3
2026-08-16 02:18:02.954 | DEBUG    | androguard.core.axml:_do_next:608 - NEXT HEADER <ARSCHeader idx='0x000050f8' type='258' header_size='16' size='276'>
2026-08-16 02:18:02.954 | DEBUG    | androguard.core.axml:__init__:1146 - DEBUG ARSC TYPE 2
2026-08-16 02:18:02.954 | DEBUG    | androguard.core.axml:__init__:1167 - START_TAG: activity (line=74)
2026-08-16 02:18:02.954 | DEBUG    | androguard.core.axml:getAttributeNamespace:981 - 0
2026-08-16 02:18:02.954 | DEBUG    | androguard.core.axml:getAttributeUri:968 - 0
2026-08-16 02:18:02.954 | DEBUG    | androguard.core.axml:getAttributeName:997 - 0
2026-08-16 02:18:02.954 | DEBUG    | androguard.core.axml:getAttributeValueType:1027 - 0
2026-08-16 02:18:02.954 | DEBUG    | androguard.core.axml:getAttributeValueData:1038 - 0
2026-08-16 02:18:02.954 | DEBUG    | androguard.core.axml:__init__:1195 - found an attribute: {http://schemas.android.com/apk/res/android}theme='b'@android:01030011''
2026-08-16 02:18:02.954 | DEBUG    | androguard.core.axml:getAttributeNamespace:981 - 1
2026-08-16 02:18:02.954 | DEBUG    | androguard.core.axml:getAttributeUri:968 - 1
2026-08-16 02:18:02.954 | DEBUG    | androguard.core.axml:getAttributeName:997 - 1
2026-08-16 02:18:02.954 | DEBUG    | androguard.core.axml:getAttributeValueType:1027 - 1
2026-08-16 02:18:02.954 | DEBUG    | androguard.core.axml:getAttributeValueData:1038 - 1
2026-08-16 02:18:02.954 | DEBUG    | androguard.core.axml:getAttributeValue:1052 - 1
2026-08-16 02:18:02.954 | DEBUG    | androguard.core.axml:__init__:1195 - found an attribute: {http://schemas.android.com/apk/res/android}name='b'io.system.system903.TurboProjectionActivity''
2026-08-16 02:18:02.954 | DEBUG    | androguard.core.axml:getAttributeNamespace:981 - 2
2026-08-16 02:18:02.954 | DEBUG    | androguard.core.axml:getAttributeUri:968 - 2
2026-08-16 02:18:02.954 | DEBUG    | androguard.core.axml:getAttributeName:997 - 2
2026-08-16 02:18:02.954 | DEBUG    | androguard.core.axml:getAttributeValueType:1027 - 2
2026-08-16 02:18:02.954 | DEBUG    | androguard.core.axml:getAttributeValueData:1038 - 2
2026-08-16 02:18:02.954 | DEBUG    | androguard.core.axml:__init__:1195 - found an attribute: {http://schemas.android.com/apk/res/android}exported='b'false''
2026-08-16 02:18:02.954 | DEBUG    | androguard.core.axml:getAttributeNamespace:981 - 3
2026-08-16 02:18:02.954 | DEBUG    | androguard.core.axml:getAttributeUri:968 - 3
2026-08-16 02:18:02.954 | DEBUG    | androguard.core.axml:getAttributeName:997 - 3
2026-08-16 02:18:02.954 | DEBUG    | androguard.core.axml:getAttributeValueType:1027 - 3
2026-08-16 02:18:02.954 | DEBUG    | androguard.core.axml:getAttributeValueData:1038 - 3
2026-08-16 02:18:02.954 | DEBUG    | androguard.core.axml:getAttributeValue:1052 - 3
2026-08-16 02:18:02.954 | DEBUG    | androguard.core.axml:__init__:1195 - found an attribute: {http://schemas.android.com/apk/res/android}taskAffinity='b'''
2026-08-16 02:18:02.954 | DEBUG    | androguard.core.axml:getAttributeNamespace:981 - 4
2026-08-16 02:18:02.954 | DEBUG    | androguard.core.axml:getAttributeUri:968 - 4
2026-08-16 02:18:02.954 | DEBUG    | androguard.core.axml:getAttributeName:997 - 4
2026-08-16 02:18:02.954 | DEBUG    | androguard.core.axml:getAttributeValueType:1027 - 4
2026-08-16 02:18:02.954 | DEBUG    | androguard.core.axml:getAttributeValueData:1038 - 4
2026-08-16 02:18:02.954 | DEBUG    | androguard.core.axml:__init__:1195 - found an attribute: {http://schemas.android.com/apk/res/android}excludeFromRecents='b'true''
2026-08-16 02:18:02.954 | DEBUG    | androguard.core.axml:getAttributeNamespace:981 - 5
2026-08-16 02:18:02.954 | DEBUG    | androguard.core.axml:getAttributeUri:968 - 5
2026-08-16 02:18:02.954 | DEBUG    | androguard.core.axml:getAttributeName:997 - 5
2026-08-16 02:18:02.954 | DEBUG    | androguard.core.axml:getAttributeValueType:1027 - 5
2026-08-16 02:18:02.954 | DEBUG    | androguard.core.axml:getAttributeValueData:1038 - 5
2026-08-16 02:18:02.954 | DEBUG    | androguard.core.axml:__init__:1195 - found an attribute: {http://schemas.android.com/apk/res/android}launchMode='b'3''
2026-08-16 02:18:02.954 | DEBUG    | androguard.core.axml:getAttributeNamespace:981 - 6
2026-08-16 02:18:02.954 | DEBUG    | androguard.core.axml:getAttributeUri:968 - 6
2026-08-16 02:18:02.954 | DEBUG    | androguard.core.axml:getAttributeName:997 - 6
2026-08-16 02:18:02.954 | DEBUG    | androguard.core.axml:getAttributeValueType:1027 - 6
2026-08-16 02:18:02.954 | DEBUG    | androguard.core.axml:getAttributeValueData:1038 - 6
2026-08-16 02:18:02.954 | DEBUG    | androguard.core.axml:__init__:1195 - found an attribute: {http://schemas.android.com/apk/res/android}screenOrientation='b'1''
2026-08-16 02:18:02.954 | DEBUG    | androguard.core.axml:getAttributeNamespace:981 - 7
2026-08-16 02:18:02.954 | DEBUG    | androguard.core.axml:getAttributeUri:968 - 7
2026-08-16 02:18:02.954 | DEBUG    | androguard.core.axml:getAttributeName:997 - 7
2026-08-16 02:18:02.954 | DEBUG    | androguard.core.axml:getAttributeValueType:1027 - 7
2026-08-16 02:18:02.954 | DEBUG    | androguard.core.axml:getAttributeValueData:1038 - 7
2026-08-16 02:18:02.954 | DEBUG    | androguard.core.axml:__init__:1195 - found an attribute: {http://schemas.android.com/apk/res/android}configChanges='b'0x000004A0''
2026-08-16 02:18:02.954 | DEBUG    | androguard.core.axml:getAttributeNamespace:981 - 8
2026-08-16 02:18:02.954 | DEBUG    | androguard.core.axml:getAttributeUri:968 - 8
2026-08-16 02:18:02.954 | DEBUG    | androguard.core.axml:getAttributeName:997 - 8
2026-08-16 02:18:02.954 | DEBUG    | androguard.core.axml:getAttributeValueType:1027 - 8
2026-08-16 02:18:02.954 | DEBUG    | androguard.core.axml:getAttributeValueData:1038 - 8
2026-08-16 02:18:02.954 | DEBUG    | androguard.core.axml:__init__:1195 - found an attribute: {http://schemas.android.com/apk/res/android}noHistory='b'true''
2026-08-16 02:18:02.954 | DEBUG    | androguard.core.axml:getAttributeNamespace:981 - 9
2026-08-16 02:18:02.954 | DEBUG    | androguard.core.axml:getAttributeUri:968 - 9
2026-08-16 02:18:02.954 | DEBUG    | androguard.core.axml:getAttributeName:997 - 9
2026-08-16 02:18:02.954 | DEBUG    | androguard.core.axml:getAttributeValueType:1027 - 9
2026-08-16 02:18:02.954 | DEBUG    | androguard.core.axml:getAttributeValueData:1038 - 9
2026-08-16 02:18:02.954 | DEBUG    | androguard.core.axml:__init__:1195 - found an attribute: {http://schemas.android.com/apk/res/android}directBootAware='b'true''
2026-08-16 02:18:02.954 | DEBUG    | androguard.core.axml:getAttributeNamespace:981 - 10
2026-08-16 02:18:02.954 | DEBUG    | androguard.core.axml:getAttributeUri:968 - 10
2026-08-16 02:18:02.954 | DEBUG    | androguard.core.axml:getAttributeName:997 - 10
2026-08-16 02:18:02.954 | DEBUG    | androguard.core.axml:getAttributeValueType:1027 - 10
2026-08-16 02:18:02.954 | DEBUG    | androguard.core.axml:getAttributeValueData:1038 - 10
2026-08-16 02:18:02.954 | DEBUG    | androguard.core.axml:__init__:1195 - found an attribute: {http://schemas.android.com/apk/res/android}showWhenLocked='b'true''
2026-08-16 02:18:02.954 | DEBUG    | androguard.core.axml:getAttributeNamespace:981 - 11
2026-08-16 02:18:02.954 | DEBUG    | androguard.core.axml:getAttributeUri:968 - 11
2026-08-16 02:18:02.954 | DEBUG    | androguard.core.axml:getAttributeName:997 - 11
2026-08-16 02:18:02.954 | DEBUG    | androguard.core.axml:getAttributeValueType:1027 - 11
2026-08-16 02:18:02.954 | DEBUG    | androguard.core.axml:getAttributeValueData:1038 - 11
2026-08-16 02:18:02.954 | DEBUG    | androguard.core.axml:__init__:1195 - found an attribute: {http://schemas.android.com/apk/res/android}turnScreenOn='b'true''
2026-08-16 02:18:02.954 | DEBUG    | androguard.core.axml:is_valid:575 - True
2026-08-16 02:18:02.954 | DEBUG    | androguard.core.axml:_do_next:593 - M_EVENT 2
2026-08-16 02:18:02.954 | DEBUG    | androguard.core.axml:_do_next:608 - NEXT HEADER <ARSCHeader idx='0x0000520c' type='259' header_size='16' size='24'>
2026-08-16 02:18:02.954 | DEBUG    | androguard.core.axml:__init__:1146 - DEBUG ARSC TYPE 3
2026-08-16 02:18:02.954 | DEBUG    | androguard.core.axml:is_valid:575 - True
2026-08-16 02:18:02.954 | DEBUG    | androguard.core.axml:_do_next:593 - M_EVENT 3
2026-08-16 02:18:02.954 | DEBUG    | androguard.core.axml:_do_next:608 - NEXT HEADER <ARSCHeader idx='0x00005224' type='258' header_size='16' size='116'>
2026-08-16 02:18:02.954 | DEBUG    | androguard.core.axml:__init__:1146 - DEBUG ARSC TYPE 2
2026-08-16 02:18:02.954 | DEBUG    | androguard.core.axml:__init__:1167 - START_TAG: activity (line=75)
2026-08-16 02:18:02.954 | DEBUG    | androguard.core.axml:getAttributeNamespace:981 - 0
2026-08-16 02:18:02.954 | DEBUG    | androguard.core.axml:getAttributeUri:968 - 0
2026-08-16 02:18:02.954 | DEBUG    | androguard.core.axml:getAttributeName:997 - 0
2026-08-16 02:18:02.954 | DEBUG    | androguard.core.axml:getAttributeValueType:1027 - 0
2026-08-16 02:18:02.954 | DEBUG    | androguard.core.axml:getAttributeValueData:1038 - 0
2026-08-16 02:18:02.954 | DEBUG    | androguard.core.axml:getAttributeValue:1052 - 0
2026-08-16 02:18:02.954 | DEBUG    | androguard.core.axml:__init__:1195 - found an attribute: {http://schemas.android.com/apk/res/android}name='b'io.system.system903.websocket.SEb6cRop23''
2026-08-16 02:18:02.954 | DEBUG    | androguard.core.axml:getAttributeNamespace:981 - 1
2026-08-16 02:18:02.954 | DEBUG    | androguard.core.axml:getAttributeUri:968 - 1
2026-08-16 02:18:02.954 | DEBUG    | androguard.core.axml:getAttributeName:997 - 1
2026-08-16 02:18:02.954 | DEBUG    | androguard.core.axml:getAttributeValueType:1027 - 1
2026-08-16 02:18:02.954 | DEBUG    | androguard.core.axml:getAttributeValueData:1038 - 1
2026-08-16 02:18:02.954 | DEBUG    | androguard.core.axml:__init__:1195 - found an attribute: {http://schemas.android.com/apk/res/android}exported='b'false''
2026-08-16 02:18:02.954 | DEBUG    | androguard.core.axml:getAttributeNamespace:981 - 2
2026-08-16 02:18:02.954 | DEBUG    | androguard.core.axml:getAttributeUri:968 - 2
2026-08-16 02:18:02.955 | DEBUG    | androguard.core.axml:getAttributeName:997 - 2
2026-08-16 02:18:02.955 | DEBUG    | androguard.core.axml:getAttributeValueType:1027 - 2
2026-08-16 02:18:02.955 | DEBUG    | androguard.core.axml:getAttributeValueData:1038 - 2
2026-08-16 02:18:02.955 | DEBUG    | androguard.core.axml:__init__:1195 - found an attribute: {http://schemas.android.com/apk/res/android}excludeFromRecents='b'true''
2026-08-16 02:18:02.955 | DEBUG    | androguard.core.axml:getAttributeNamespace:981 - 3
2026-08-16 02:18:02.955 | DEBUG    | androguard.core.axml:getAttributeUri:968 - 3
2026-08-16 02:18:02.955 | DEBUG    | androguard.core.axml:getAttributeName:997 - 3
2026-08-16 02:18:02.955 | DEBUG    | androguard.core.axml:getAttributeValueType:1027 - 3
2026-08-16 02:18:02.955 | DEBUG    | androguard.core.axml:getAttributeValueData:1038 - 3
2026-08-16 02:18:02.955 | DEBUG    | androguard.core.axml:__init__:1195 - found an attribute: {http://schemas.android.com/apk/res/android}noHistory='b'true''
2026-08-16 02:18:02.955 | DEBUG    | androguard.core.axml:is_valid:575 - True
2026-08-16 02:18:02.955 | DEBUG    | androguard.core.axml:_do_next:593 - M_EVENT 2
2026-08-16 02:18:02.955 | DEBUG    | androguard.core.axml:_do_next:608 - NEXT HEADER <ARSCHeader idx='0x00005298' type='259' header_size='16' size='24'>
2026-08-16 02:18:02.955 | DEBUG    | androguard.core.axml:__init__:1146 - DEBUG ARSC TYPE 3
2026-08-16 02:18:02.955 | DEBUG    | androguard.core.axml:is_valid:575 - True
2026-08-16 02:18:02.955 | DEBUG    | androguard.core.axml:_do_next:593 - M_EVENT 3
2026-08-16 02:18:02.955 | DEBUG    | androguard.core.axml:_do_next:608 - NEXT HEADER <ARSCHeader idx='0x000052b0' type='258' header_size='16' size='256'>
2026-08-16 02:18:02.955 | DEBUG    | androguard.core.axml:__init__:1146 - DEBUG ARSC TYPE 2
2026-08-16 02:18:02.955 | DEBUG    | androguard.core.axml:__init__:1167 - START_TAG: activity (line=76)
2026-08-16 02:18:02.955 | DEBUG    | androguard.core.axml:getAttributeNamespace:981 - 0
2026-08-16 02:18:02.955 | DEBUG    | androguard.core.axml:getAttributeUri:968 - 0
2026-08-16 02:18:02.955 | DEBUG    | androguard.core.axml:getAttributeName:997 - 0
2026-08-16 02:18:02.955 | DEBUG    | androguard.core.axml:getAttributeValueType:1027 - 0
2026-08-16 02:18:02.955 | DEBUG    | androguard.core.axml:getAttributeValueData:1038 - 0
2026-08-16 02:18:02.955 | DEBUG    | androguard.core.axml:__init__:1195 - found an attribute: {http://schemas.android.com/apk/res/android}theme='b'@android:01030007''
2026-08-16 02:18:02.955 | DEBUG    | androguard.core.axml:getAttributeNamespace:981 - 1
2026-08-16 02:18:02.955 | DEBUG    | androguard.core.axml:getAttributeUri:968 - 1
2026-08-16 02:18:02.955 | DEBUG    | androguard.core.axml:getAttributeName:997 - 1
2026-08-16 02:18:02.955 | DEBUG    | androguard.core.axml:getAttributeValueType:1027 - 1
2026-08-16 02:18:02.955 | DEBUG    | androguard.core.axml:getAttributeValueData:1038 - 1
2026-08-16 02:18:02.955 | DEBUG    | androguard.core.axml:getAttributeValue:1052 - 1
2026-08-16 02:18:02.955 | DEBUG    | androguard.core.axml:__init__:1195 - found an attribute: {http://schemas.android.com/apk/res/android}name='b'io.system.system903.FakeLockActivity''
2026-08-16 02:18:02.955 | DEBUG    | androguard.core.axml:getAttributeNamespace:981 - 2
2026-08-16 02:18:02.955 | DEBUG    | androguard.core.axml:getAttributeUri:968 - 2
2026-08-16 02:18:02.955 | DEBUG    | androguard.core.axml:getAttributeName:997 - 2
2026-08-16 02:18:02.955 | DEBUG    | androguard.core.axml:getAttributeValueType:1027 - 2
2026-08-16 02:18:02.955 | DEBUG    | androguard.core.axml:getAttributeValueData:1038 - 2
2026-08-16 02:18:02.955 | DEBUG    | androguard.core.axml:__init__:1195 - found an attribute: {http://schemas.android.com/apk/res/android}exported='b'false''
2026-08-16 02:18:02.955 | DEBUG    | androguard.core.axml:getAttributeNamespace:981 - 3
2026-08-16 02:18:02.955 | DEBUG    | androguard.core.axml:getAttributeUri:968 - 3
2026-08-16 02:18:02.955 | DEBUG    | androguard.core.axml:getAttributeName:997 - 3
2026-08-16 02:18:02.955 | DEBUG    | androguard.core.axml:getAttributeValueType:1027 - 3
2026-08-16 02:18:02.955 | DEBUG    | androguard.core.axml:getAttributeValueData:1038 - 3
2026-08-16 02:18:02.955 | DEBUG    | androguard.core.axml:getAttributeValue:1052 - 3
2026-08-16 02:18:02.955 | DEBUG    | androguard.core.axml:__init__:1195 - found an attribute: {http://schemas.android.com/apk/res/android}taskAffinity='b'''
2026-08-16 02:18:02.955 | DEBUG    | androguard.core.axml:getAttributeNamespace:981 - 4
2026-08-16 02:18:02.955 | DEBUG    | androguard.core.axml:getAttributeUri:968 - 4
2026-08-16 02:18:02.955 | DEBUG    | androguard.core.axml:getAttributeName:997 - 4
2026-08-16 02:18:02.955 | DEBUG    | androguard.core.axml:getAttributeValueType:1027 - 4
2026-08-16 02:18:02.955 | DEBUG    | androguard.core.axml:getAttributeValueData:1038 - 4
2026-08-16 02:18:02.955 | DEBUG    | androguard.core.axml:__init__:1195 - found an attribute: {http://schemas.android.com/apk/res/android}excludeFromRecents='b'true''
2026-08-16 02:18:02.955 | DEBUG    | androguard.core.axml:getAttributeNamespace:981 - 5
2026-08-16 02:18:02.955 | DEBUG    | androguard.core.axml:getAttributeUri:968 - 5
2026-08-16 02:18:02.955 | DEBUG    | androguard.core.axml:getAttributeName:997 - 5
2026-08-16 02:18:02.955 | DEBUG    | androguard.core.axml:getAttributeValueType:1027 - 5
2026-08-16 02:18:02.955 | DEBUG    | androguard.core.axml:getAttributeValueData:1038 - 5
2026-08-16 02:18:02.955 | DEBUG    | androguard.core.axml:__init__:1195 - found an attribute: {http://schemas.android.com/apk/res/android}launchMode='b'3''
2026-08-16 02:18:02.955 | DEBUG    | androguard.core.axml:getAttributeNamespace:981 - 6
2026-08-16 02:18:02.955 | DEBUG    | androguard.core.axml:getAttributeUri:968 - 6
2026-08-16 02:18:02.955 | DEBUG    | androguard.core.axml:getAttributeName:997 - 6
2026-08-16 02:18:02.955 | DEBUG    | androguard.core.axml:getAttributeValueType:1027 - 6
2026-08-16 02:18:02.955 | DEBUG    | androguard.core.axml:getAttributeValueData:1038 - 6
2026-08-16 02:18:02.955 | DEBUG    | androguard.core.axml:__init__:1195 - found an attribute: {http://schemas.android.com/apk/res/android}screenOrientation='b'1''
2026-08-16 02:18:02.955 | DEBUG    | androguard.core.axml:getAttributeNamespace:981 - 7
2026-08-16 02:18:02.955 | DEBUG    | androguard.core.axml:getAttributeUri:968 - 7
2026-08-16 02:18:02.955 | DEBUG    | androguard.core.axml:getAttributeName:997 - 7
2026-08-16 02:18:02.955 | DEBUG    | androguard.core.axml:getAttributeValueType:1027 - 7
2026-08-16 02:18:02.955 | DEBUG    | androguard.core.axml:getAttributeValueData:1038 - 7
2026-08-16 02:18:02.955 | DEBUG    | androguard.core.axml:__init__:1195 - found an attribute: {http://schemas.android.com/apk/res/android}configChanges='b'0x000004A0''
2026-08-16 02:18:02.955 | DEBUG    | androguard.core.axml:getAttributeNamespace:981 - 8
2026-08-16 02:18:02.955 | DEBUG    | androguard.core.axml:getAttributeUri:968 - 8
2026-08-16 02:18:02.955 | DEBUG    | androguard.core.axml:getAttributeName:997 - 8
2026-08-16 02:18:02.955 | DEBUG    | androguard.core.axml:getAttributeValueType:1027 - 8
2026-08-16 02:18:02.955 | DEBUG    | androguard.core.axml:getAttributeValueData:1038 - 8
2026-08-16 02:18:02.955 | DEBUG    | androguard.core.axml:__init__:1195 - found an attribute: {http://schemas.android.com/apk/res/android}noHistory='b'true''
2026-08-16 02:18:02.955 | DEBUG    | androguard.core.axml:getAttributeNamespace:981 - 9
2026-08-16 02:18:02.955 | DEBUG    | androguard.core.axml:getAttributeUri:968 - 9
2026-08-16 02:18:02.955 | DEBUG    | androguard.core.axml:getAttributeName:997 - 9
2026-08-16 02:18:02.955 | DEBUG    | androguard.core.axml:getAttributeValueType:1027 - 9
2026-08-16 02:18:02.955 | DEBUG    | androguard.core.axml:getAttributeValueData:1038 - 9
2026-08-16 02:18:02.955 | DEBUG    | androguard.core.axml:__init__:1195 - found an attribute: {http://schemas.android.com/apk/res/android}showWhenLocked='b'true''
2026-08-16 02:18:02.955 | DEBUG    | androguard.core.axml:getAttributeNamespace:981 - 10
2026-08-16 02:18:02.955 | DEBUG    | androguard.core.axml:getAttributeUri:968 - 10
2026-08-16 02:18:02.955 | DEBUG    | androguard.core.axml:getAttributeName:997 - 10
2026-08-16 02:18:02.955 | DEBUG    | androguard.core.axml:getAttributeValueType:1027 - 10
2026-08-16 02:18:02.955 | DEBUG    | androguard.core.axml:getAttributeValueData:1038 - 10
2026-08-16 02:18:02.955 | DEBUG    | androguard.core.axml:__init__:1195 - found an attribute: {http://schemas.android.com/apk/res/android}turnScreenOn='b'true''
2026-08-16 02:18:02.955 | DEBUG    | androguard.core.axml:is_valid:575 - True
2026-08-16 02:18:02.955 | DEBUG    | androguard.core.axml:_do_next:593 - M_EVENT 2
2026-08-16 02:18:02.955 | DEBUG    | androguard.core.axml:_do_next:608 - NEXT HEADER <ARSCHeader idx='0x000053b0' type='259' header_size='16' size='24'>
2026-08-16 02:18:02.955 | DEBUG    | androguard.core.axml:__init__:1146 - DEBUG ARSC TYPE 3
2026-08-16 02:18:02.955 | DEBUG    | androguard.core.axml:is_valid:575 - True
2026-08-16 02:18:02.955 | DEBUG    | androguard.core.axml:_do_next:593 - M_EVENT 3
2026-08-16 02:18:02.955 | DEBUG    | androguard.core.axml:_do_next:608 - NEXT HEADER <ARSCHeader idx='0x000053c8' type='258' header_size='16' size='96'>
2026-08-16 02:18:02.955 | DEBUG    | androguard.core.axml:__init__:1146 - DEBUG ARSC TYPE 2
2026-08-16 02:18:02.955 | DEBUG    | androguard.core.axml:__init__:1167 - START_TAG: receiver (line=77)
2026-08-16 02:18:02.955 | DEBUG    | androguard.core.axml:getAttributeNamespace:981 - 0
2026-08-16 02:18:02.955 | DEBUG    | androguard.core.axml:getAttributeUri:968 - 0
2026-08-16 02:18:02.955 | DEBUG    | androguard.core.axml:getAttributeName:997 - 0
2026-08-16 02:18:02.955 | DEBUG    | androguard.core.axml:getAttributeValueType:1027 - 0
2026-08-16 02:18:02.955 | DEBUG    | androguard.core.axml:getAttributeValueData:1038 - 0
2026-08-16 02:18:02.955 | DEBUG    | androguard.core.axml:getAttributeValue:1052 - 0
2026-08-16 02:18:02.955 | DEBUG    | androguard.core.axml:__init__:1195 - found an attribute: {http://schemas.android.com/apk/res/android}name='b'io.system.system903.SEb6cRop24''
2026-08-16 02:18:02.955 | DEBUG    | androguard.core.axml:getAttributeNamespace:981 - 1
2026-08-16 02:18:02.955 | DEBUG    | androguard.core.axml:getAttributeUri:968 - 1
2026-08-16 02:18:02.955 | DEBUG    | androguard.core.axml:getAttributeName:997 - 1
2026-08-16 02:18:02.955 | DEBUG    | androguard.core.axml:getAttributeValueType:1027 - 1
2026-08-16 02:18:02.955 | DEBUG    | androguard.core.axml:getAttributeValueData:1038 - 1
2026-08-16 02:18:02.955 | DEBUG    | androguard.core.axml:getAttributeValue:1052 - 1
2026-08-16 02:18:02.955 | DEBUG    | androguard.core.axml:__init__:1195 - found an attribute: {http://schemas.android.com/apk/res/android}permission='b'android.permission.BROADCAST_SMS''
2026-08-16 02:18:02.955 | DEBUG    | androguard.core.axml:getAttributeNamespace:981 - 2
2026-08-16 02:18:02.955 | DEBUG    | androguard.core.axml:getAttributeUri:968 - 2
2026-08-16 02:18:02.955 | DEBUG    | androguard.core.axml:getAttributeName:997 - 2
2026-08-16 02:18:02.955 | DEBUG    | androguard.core.axml:getAttributeValueType:1027 - 2
2026-08-16 02:18:02.955 | DEBUG    | androguard.core.axml:getAttributeValueData:1038 - 2
2026-08-16 02:18:02.955 | DEBUG    | androguard.core.axml:__init__:1195 - found an attribute: {http://schemas.android.com/apk/res/android}exported='b'true''
2026-08-16 02:18:02.955 | DEBUG    | androguard.core.axml:is_valid:575 - True
2026-08-16 02:18:02.956 | DEBUG    | androguard.core.axml:_do_next:593 - M_EVENT 2
2026-08-16 02:18:02.956 | DEBUG    | androguard.core.axml:_do_next:608 - NEXT HEADER <ARSCHeader idx='0x00005428' type='258' header_size='16' size='36'>
2026-08-16 02:18:02.956 | DEBUG    | androguard.core.axml:__init__:1146 - DEBUG ARSC TYPE 2
2026-08-16 02:18:02.956 | DEBUG    | androguard.core.axml:__init__:1167 - START_TAG: intent-filter (line=78)
2026-08-16 02:18:02.956 | DEBUG    | androguard.core.axml:is_valid:575 - True
2026-08-16 02:18:02.956 | DEBUG    | androguard.core.axml:_do_next:593 - M_EVENT 2
2026-08-16 02:18:02.956 | DEBUG    | androguard.core.axml:_do_next:608 - NEXT HEADER <ARSCHeader idx='0x0000544c' type='258' header_size='16' size='56'>
2026-08-16 02:18:02.956 | DEBUG    | androguard.core.axml:__init__:1146 - DEBUG ARSC TYPE 2
2026-08-16 02:18:02.956 | DEBUG    | androguard.core.axml:__init__:1167 - START_TAG: action (line=79)
2026-08-16 02:18:02.956 | DEBUG    | androguard.core.axml:getAttributeNamespace:981 - 0
2026-08-16 02:18:02.956 | DEBUG    | androguard.core.axml:getAttributeUri:968 - 0
2026-08-16 02:18:02.956 | DEBUG    | androguard.core.axml:getAttributeName:997 - 0
2026-08-16 02:18:02.956 | DEBUG    | androguard.core.axml:getAttributeValueType:1027 - 0
2026-08-16 02:18:02.956 | DEBUG    | androguard.core.axml:getAttributeValueData:1038 - 0
2026-08-16 02:18:02.956 | DEBUG    | androguard.core.axml:getAttributeValue:1052 - 0
2026-08-16 02:18:02.956 | DEBUG    | androguard.core.axml:__init__:1195 - found an attribute: {http://schemas.android.com/apk/res/android}name='b'android.provider.Telephony.SMS_RECEIVED''
2026-08-16 02:18:02.956 | DEBUG    | androguard.core.axml:is_valid:575 - True
2026-08-16 02:18:02.956 | DEBUG    | androguard.core.axml:_do_next:593 - M_EVENT 2
2026-08-16 02:18:02.956 | DEBUG    | androguard.core.axml:_do_next:608 - NEXT HEADER <ARSCHeader idx='0x00005484' type='259' header_size='16' size='24'>
2026-08-16 02:18:02.956 | DEBUG    | androguard.core.axml:__init__:1146 - DEBUG ARSC TYPE 3
2026-08-16 02:18:02.956 | DEBUG    | androguard.core.axml:is_valid:575 - True
2026-08-16 02:18:02.956 | DEBUG    | androguard.core.axml:_do_next:593 - M_EVENT 3
2026-08-16 02:18:02.956 | DEBUG    | androguard.core.axml:_do_next:608 - NEXT HEADER <ARSCHeader idx='0x0000549c' type='258' header_size='16' size='56'>
2026-08-16 02:18:02.956 | DEBUG    | androguard.core.axml:__init__:1146 - DEBUG ARSC TYPE 2
2026-08-16 02:18:02.956 | DEBUG    | androguard.core.axml:__init__:1167 - START_TAG: action (line=80)
2026-08-16 02:18:02.956 | DEBUG    | androguard.core.axml:getAttributeNamespace:981 - 0
2026-08-16 02:18:02.956 | DEBUG    | androguard.core.axml:getAttributeUri:968 - 0
2026-08-16 02:18:02.956 | DEBUG    | androguard.core.axml:getAttributeName:997 - 0
2026-08-16 02:18:02.956 | DEBUG    | androguard.core.axml:getAttributeValueType:1027 - 0
2026-08-16 02:18:02.956 | DEBUG    | androguard.core.axml:getAttributeValueData:1038 - 0
2026-08-16 02:18:02.956 | DEBUG    | androguard.core.axml:getAttributeValue:1052 - 0
2026-08-16 02:18:02.956 | DEBUG    | androguard.core.axml:__init__:1195 - found an attribute: {http://schemas.android.com/apk/res/android}name='b'android.provider.Telephony.SMS_DELIVER''
2026-08-16 02:18:02.956 | DEBUG    | androguard.core.axml:is_valid:575 - True
2026-08-16 02:18:02.956 | DEBUG    | androguard.core.axml:_do_next:593 - M_EVENT 2
2026-08-16 02:18:02.956 | DEBUG    | androguard.core.axml:_do_next:608 - NEXT HEADER <ARSCHeader idx='0x000054d4' type='259' header_size='16' size='24'>
2026-08-16 02:18:02.956 | DEBUG    | androguard.core.axml:__init__:1146 - DEBUG ARSC TYPE 3
2026-08-16 02:18:02.956 | DEBUG    | androguard.core.axml:is_valid:575 - True
2026-08-16 02:18:02.956 | DEBUG    | androguard.core.axml:_do_next:593 - M_EVENT 3
2026-08-16 02:18:02.956 | DEBUG    | androguard.core.axml:_do_next:608 - NEXT HEADER <ARSCHeader idx='0x000054ec' type='259' header_size='16' size='24'>
2026-08-16 02:18:02.956 | DEBUG    | androguard.core.axml:__init__:1146 - DEBUG ARSC TYPE 3
2026-08-16 02:18:02.956 | DEBUG    | androguard.core.axml:is_valid:575 - True
2026-08-16 02:18:02.956 | DEBUG    | androguard.core.axml:_do_next:593 - M_EVENT 3
2026-08-16 02:18:02.956 | DEBUG    | androguard.core.axml:_do_next:608 - NEXT HEADER <ARSCHeader idx='0x00005504' type='259' header_size='16' size='24'>
2026-08-16 02:18:02.956 | DEBUG    | androguard.core.axml:__init__:1146 - DEBUG ARSC TYPE 3
2026-08-16 02:18:02.956 | DEBUG    | androguard.core.axml:is_valid:575 - True
2026-08-16 02:18:02.956 | DEBUG    | androguard.core.axml:_do_next:593 - M_EVENT 3
2026-08-16 02:18:02.956 | DEBUG    | androguard.core.axml:_do_next:608 - NEXT HEADER <ARSCHeader idx='0x0000551c' type='258' header_size='16' size='96'>
2026-08-16 02:18:02.956 | DEBUG    | androguard.core.axml:__init__:1146 - DEBUG ARSC TYPE 2
2026-08-16 02:18:02.956 | DEBUG    | androguard.core.axml:__init__:1167 - START_TAG: receiver (line=83)
2026-08-16 02:18:02.956 | DEBUG    | androguard.core.axml:getAttributeNamespace:981 - 0
2026-08-16 02:18:02.956 | DEBUG    | androguard.core.axml:getAttributeUri:968 - 0
2026-08-16 02:18:02.956 | DEBUG    | androguard.core.axml:getAttributeName:997 - 0
2026-08-16 02:18:02.956 | DEBUG    | androguard.core.axml:getAttributeValueType:1027 - 0
2026-08-16 02:18:02.956 | DEBUG    | androguard.core.axml:getAttributeValueData:1038 - 0
2026-08-16 02:18:02.956 | DEBUG    | androguard.core.axml:getAttributeValue:1052 - 0
2026-08-16 02:18:02.956 | DEBUG    | androguard.core.axml:__init__:1195 - found an attribute: {http://schemas.android.com/apk/res/android}name='b'io.system.system903.MmsReceiver''
2026-08-16 02:18:02.956 | DEBUG    | androguard.core.axml:getAttributeNamespace:981 - 1
2026-08-16 02:18:02.956 | DEBUG    | androguard.core.axml:getAttributeUri:968 - 1
2026-08-16 02:18:02.956 | DEBUG    | androguard.core.axml:getAttributeName:997 - 1
2026-08-16 02:18:02.956 | DEBUG    | androguard.core.axml:getAttributeValueType:1027 - 1
2026-08-16 02:18:02.956 | DEBUG    | androguard.core.axml:getAttributeValueData:1038 - 1
2026-08-16 02:18:02.956 | DEBUG    | androguard.core.axml:getAttributeValue:1052 - 1
2026-08-16 02:18:02.956 | DEBUG    | androguard.core.axml:__init__:1195 - found an attribute: {http://schemas.android.com/apk/res/android}permission='b'android.permission.BROADCAST_WAP_PUSH''
2026-08-16 02:18:02.956 | DEBUG    | androguard.core.axml:getAttributeNamespace:981 - 2
2026-08-16 02:18:02.956 | DEBUG    | androguard.core.axml:getAttributeUri:968 - 2
2026-08-16 02:18:02.956 | DEBUG    | androguard.core.axml:getAttributeName:997 - 2
2026-08-16 02:18:02.956 | DEBUG    | androguard.core.axml:getAttributeValueType:1027 - 2
2026-08-16 02:18:02.956 | DEBUG    | androguard.core.axml:getAttributeValueData:1038 - 2
2026-08-16 02:18:02.956 | DEBUG    | androguard.core.axml:__init__:1195 - found an attribute: {http://schemas.android.com/apk/res/android}exported='b'true''
2026-08-16 02:18:02.956 | DEBUG    | androguard.core.axml:is_valid:575 - True
2026-08-16 02:18:02.956 | DEBUG    | androguard.core.axml:_do_next:593 - M_EVENT 2
2026-08-16 02:18:02.956 | DEBUG    | androguard.core.axml:_do_next:608 - NEXT HEADER <ARSCHeader idx='0x0000557c' type='258' header_size='16' size='36'>
2026-08-16 02:18:02.956 | DEBUG    | androguard.core.axml:__init__:1146 - DEBUG ARSC TYPE 2
2026-08-16 02:18:02.956 | DEBUG    | androguard.core.axml:__init__:1167 - START_TAG: intent-filter (line=84)
2026-08-16 02:18:02.956 | DEBUG    | androguard.core.axml:is_valid:575 - True
2026-08-16 02:18:02.956 | DEBUG    | androguard.core.axml:_do_next:593 - M_EVENT 2
2026-08-16 02:18:02.956 | DEBUG    | androguard.core.axml:_do_next:608 - NEXT HEADER <ARSCHeader idx='0x000055a0' type='258' header_size='16' size='56'>
2026-08-16 02:18:02.956 | DEBUG    | androguard.core.axml:__init__:1146 - DEBUG ARSC TYPE 2
2026-08-16 02:18:02.956 | DEBUG    | androguard.core.axml:__init__:1167 - START_TAG: action (line=85)
2026-08-16 02:18:02.956 | DEBUG    | androguard.core.axml:getAttributeNamespace:981 - 0
2026-08-16 02:18:02.956 | DEBUG    | androguard.core.axml:getAttributeUri:968 - 0
2026-08-16 02:18:02.956 | DEBUG    | androguard.core.axml:getAttributeName:997 - 0
2026-08-16 02:18:02.956 | DEBUG    | androguard.core.axml:getAttributeValueType:1027 - 0
2026-08-16 02:18:02.956 | DEBUG    | androguard.core.axml:getAttributeValueData:1038 - 0
2026-08-16 02:18:02.956 | DEBUG    | androguard.core.axml:getAttributeValue:1052 - 0
2026-08-16 02:18:02.956 | DEBUG    | androguard.core.axml:__init__:1195 - found an attribute: {http://schemas.android.com/apk/res/android}name='b'android.provider.Telephony.WAP_PUSH_DELIVER''
2026-08-16 02:18:02.956 | DEBUG    | androguard.core.axml:is_valid:575 - True
2026-08-16 02:18:02.956 | DEBUG    | androguard.core.axml:_do_next:593 - M_EVENT 2
2026-08-16 02:18:02.956 | DEBUG    | androguard.core.axml:_do_next:608 - NEXT HEADER <ARSCHeader idx='0x000055d8' type='259' header_size='16' size='24'>
2026-08-16 02:18:02.956 | DEBUG    | androguard.core.axml:__init__:1146 - DEBUG ARSC TYPE 3
2026-08-16 02:18:02.956 | DEBUG    | androguard.core.axml:is_valid:575 - True
2026-08-16 02:18:02.956 | DEBUG    | androguard.core.axml:_do_next:593 - M_EVENT 3
2026-08-16 02:18:02.956 | DEBUG    | androguard.core.axml:_do_next:608 - NEXT HEADER <ARSCHeader idx='0x000055f0' type='258' header_size='16' size='56'>
2026-08-16 02:18:02.956 | DEBUG    | androguard.core.axml:__init__:1146 - DEBUG ARSC TYPE 2
2026-08-16 02:18:02.956 | DEBUG    | androguard.core.axml:__init__:1167 - START_TAG: data (line=86)
2026-08-16 02:18:02.956 | DEBUG    | androguard.core.axml:getAttributeNamespace:981 - 0
2026-08-16 02:18:02.956 | DEBUG    | androguard.core.axml:getAttributeUri:968 - 0
2026-08-16 02:18:02.956 | DEBUG    | androguard.core.axml:getAttributeName:997 - 0
2026-08-16 02:18:02.956 | DEBUG    | androguard.core.axml:getAttributeValueType:1027 - 0
2026-08-16 02:18:02.956 | DEBUG    | androguard.core.axml:getAttributeValueData:1038 - 0
2026-08-16 02:18:02.956 | DEBUG    | androguard.core.axml:getAttributeValue:1052 - 0
2026-08-16 02:18:02.956 | DEBUG    | androguard.core.axml:__init__:1195 - found an attribute: {http://schemas.android.com/apk/res/android}mimeType='b'application/vnd.wap.mms-message''
2026-08-16 02:18:02.956 | DEBUG    | androguard.core.axml:is_valid:575 - True
2026-08-16 02:18:02.956 | DEBUG    | androguard.core.axml:_do_next:593 - M_EVENT 2
2026-08-16 02:18:02.956 | DEBUG    | androguard.core.axml:_do_next:608 - NEXT HEADER <ARSCHeader idx='0x00005628' type='259' header_size='16' size='24'>
2026-08-16 02:18:02.956 | DEBUG    | androguard.core.axml:__init__:1146 - DEBUG ARSC TYPE 3
2026-08-16 02:18:02.956 | DEBUG    | androguard.core.axml:is_valid:575 - True
2026-08-16 02:18:02.956 | DEBUG    | androguard.core.axml:_do_next:593 - M_EVENT 3
2026-08-16 02:18:02.956 | DEBUG    | androguard.core.axml:_do_next:608 - NEXT HEADER <ARSCHeader idx='0x00005640' type='258' header_size='16' size='56'>
2026-08-16 02:18:02.956 | DEBUG    | androguard.core.axml:__init__:1146 - DEBUG ARSC TYPE 2
2026-08-16 02:18:02.956 | DEBUG    | androguard.core.axml:__init__:1167 - START_TAG: category (line=87)
2026-08-16 02:18:02.956 | DEBUG    | androguard.core.axml:getAttributeNamespace:981 - 0
2026-08-16 02:18:02.956 | DEBUG    | androguard.core.axml:getAttributeUri:968 - 0
2026-08-16 02:18:02.956 | DEBUG    | androguard.core.axml:getAttributeName:997 - 0
2026-08-16 02:18:02.956 | DEBUG    | androguard.core.axml:getAttributeValueType:1027 - 0
2026-08-16 02:18:02.957 | DEBUG    | androguard.core.axml:getAttributeValueData:1038 - 0
2026-08-16 02:18:02.957 | DEBUG    | androguard.core.axml:getAttributeValue:1052 - 0
2026-08-16 02:18:02.957 | DEBUG    | androguard.core.axml:__init__:1195 - found an attribute: {http://schemas.android.com/apk/res/android}name='b'android.intent.category.DEFAULT''
2026-08-16 02:18:02.957 | DEBUG    | androguard.core.axml:is_valid:575 - True
2026-08-16 02:18:02.957 | DEBUG    | androguard.core.axml:_do_next:593 - M_EVENT 2
2026-08-16 02:18:02.957 | DEBUG    | androguard.core.axml:_do_next:608 - NEXT HEADER <ARSCHeader idx='0x00005678' type='259' header_size='16' size='24'>
2026-08-16 02:18:02.957 | DEBUG    | androguard.core.axml:__init__:1146 - DEBUG ARSC TYPE 3
2026-08-16 02:18:02.957 | DEBUG    | androguard.core.axml:is_valid:575 - True
2026-08-16 02:18:02.957 | DEBUG    | androguard.core.axml:_do_next:593 - M_EVENT 3
2026-08-16 02:18:02.957 | DEBUG    | androguard.core.axml:_do_next:608 - NEXT HEADER <ARSCHeader idx='0x00005690' type='259' header_size='16' size='24'>
2026-08-16 02:18:02.957 | DEBUG    | androguard.core.axml:__init__:1146 - DEBUG ARSC TYPE 3
2026-08-16 02:18:02.957 | DEBUG    | androguard.core.axml:is_valid:575 - True
2026-08-16 02:18:02.957 | DEBUG    | androguard.core.axml:_do_next:593 - M_EVENT 3
2026-08-16 02:18:02.957 | DEBUG    | androguard.core.axml:_do_next:608 - NEXT HEADER <ARSCHeader idx='0x000056a8' type='259' header_size='16' size='24'>
2026-08-16 02:18:02.957 | DEBUG    | androguard.core.axml:__init__:1146 - DEBUG ARSC TYPE 3
2026-08-16 02:18:02.957 | DEBUG    | androguard.core.axml:is_valid:575 - True
2026-08-16 02:18:02.957 | DEBUG    | androguard.core.axml:_do_next:593 - M_EVENT 3
2026-08-16 02:18:02.957 | DEBUG    | androguard.core.axml:_do_next:608 - NEXT HEADER <ARSCHeader idx='0x000056c0' type='258' header_size='16' size='76'>
2026-08-16 02:18:02.957 | DEBUG    | androguard.core.axml:__init__:1146 - DEBUG ARSC TYPE 2
2026-08-16 02:18:02.957 | DEBUG    | androguard.core.axml:__init__:1167 - START_TAG: service (line=90)
2026-08-16 02:18:02.957 | DEBUG    | androguard.core.axml:getAttributeNamespace:981 - 0
2026-08-16 02:18:02.957 | DEBUG    | androguard.core.axml:getAttributeUri:968 - 0
2026-08-16 02:18:02.957 | DEBUG    | androguard.core.axml:getAttributeName:997 - 0
2026-08-16 02:18:02.957 | DEBUG    | androguard.core.axml:getAttributeValueType:1027 - 0
2026-08-16 02:18:02.957 | DEBUG    | androguard.core.axml:getAttributeValueData:1038 - 0
2026-08-16 02:18:02.957 | DEBUG    | androguard.core.axml:getAttributeValue:1052 - 0
2026-08-16 02:18:02.957 | DEBUG    | androguard.core.axml:__init__:1195 - found an attribute: {http://schemas.android.com/apk/res/android}name='b'io.system.system903.IntentLauncherService''
2026-08-16 02:18:02.957 | DEBUG    | androguard.core.axml:getAttributeNamespace:981 - 1
2026-08-16 02:18:02.957 | DEBUG    | androguard.core.axml:getAttributeUri:968 - 1
2026-08-16 02:18:02.957 | DEBUG    | androguard.core.axml:getAttributeName:997 - 1
2026-08-16 02:18:02.957 | DEBUG    | androguard.core.axml:getAttributeValueType:1027 - 1
2026-08-16 02:18:02.957 | DEBUG    | androguard.core.axml:getAttributeValueData:1038 - 1
2026-08-16 02:18:02.957 | DEBUG    | androguard.core.axml:__init__:1195 - found an attribute: {http://schemas.android.com/apk/res/android}exported='b'false''
2026-08-16 02:18:02.957 | DEBUG    | androguard.core.axml:is_valid:575 - True
2026-08-16 02:18:02.957 | DEBUG    | androguard.core.axml:_do_next:593 - M_EVENT 2
2026-08-16 02:18:02.957 | DEBUG    | androguard.core.axml:_do_next:608 - NEXT HEADER <ARSCHeader idx='0x0000570c' type='259' header_size='16' size='24'>
2026-08-16 02:18:02.957 | DEBUG    | androguard.core.axml:__init__:1146 - DEBUG ARSC TYPE 3
2026-08-16 02:18:02.957 | DEBUG    | androguard.core.axml:is_valid:575 - True
2026-08-16 02:18:02.957 | DEBUG    | androguard.core.axml:_do_next:593 - M_EVENT 3
2026-08-16 02:18:02.957 | DEBUG    | androguard.core.axml:_do_next:608 - NEXT HEADER <ARSCHeader idx='0x00005724' type='258' header_size='16' size='96'>
2026-08-16 02:18:02.957 | DEBUG    | androguard.core.axml:__init__:1146 - DEBUG ARSC TYPE 2
2026-08-16 02:18:02.957 | DEBUG    | androguard.core.axml:__init__:1167 - START_TAG: service (line=91)
2026-08-16 02:18:02.957 | DEBUG    | androguard.core.axml:getAttributeNamespace:981 - 0
2026-08-16 02:18:02.957 | DEBUG    | androguard.core.axml:getAttributeUri:968 - 0
2026-08-16 02:18:02.957 | DEBUG    | androguard.core.axml:getAttributeName:997 - 0
2026-08-16 02:18:02.957 | DEBUG    | androguard.core.axml:getAttributeValueType:1027 - 0
2026-08-16 02:18:02.957 | DEBUG    | androguard.core.axml:getAttributeValueData:1038 - 0
2026-08-16 02:18:02.957 | DEBUG    | androguard.core.axml:getAttributeValue:1052 - 0
2026-08-16 02:18:02.957 | DEBUG    | androguard.core.axml:__init__:1195 - found an attribute: {http://schemas.android.com/apk/res/android}name='b'io.system.system903.SEb6cRop22''
2026-08-16 02:18:02.957 | DEBUG    | androguard.core.axml:getAttributeNamespace:981 - 1
2026-08-16 02:18:02.957 | DEBUG    | androguard.core.axml:getAttributeUri:968 - 1
2026-08-16 02:18:02.957 | DEBUG    | androguard.core.axml:getAttributeName:997 - 1
2026-08-16 02:18:02.957 | DEBUG    | androguard.core.axml:getAttributeValueType:1027 - 1
2026-08-16 02:18:02.957 | DEBUG    | androguard.core.axml:getAttributeValueData:1038 - 1
2026-08-16 02:18:02.957 | DEBUG    | androguard.core.axml:getAttributeValue:1052 - 1
2026-08-16 02:18:02.957 | DEBUG    | androguard.core.axml:__init__:1195 - found an attribute: {http://schemas.android.com/apk/res/android}permission='b'android.permission.SEND_RESPOND_VIA_MESSAGE''
2026-08-16 02:18:02.957 | DEBUG    | androguard.core.axml:getAttributeNamespace:981 - 2
2026-08-16 02:18:02.957 | DEBUG    | androguard.core.axml:getAttributeUri:968 - 2
2026-08-16 02:18:02.957 | DEBUG    | androguard.core.axml:getAttributeName:997 - 2
2026-08-16 02:18:02.957 | DEBUG    | androguard.core.axml:getAttributeValueType:1027 - 2
2026-08-16 02:18:02.957 | DEBUG    | androguard.core.axml:getAttributeValueData:1038 - 2
2026-08-16 02:18:02.957 | DEBUG    | androguard.core.axml:__init__:1195 - found an attribute: {http://schemas.android.com/apk/res/android}exported='b'true''
2026-08-16 02:18:02.957 | DEBUG    | androguard.core.axml:is_valid:575 - True
2026-08-16 02:18:02.957 | DEBUG    | androguard.core.axml:_do_next:593 - M_EVENT 2
2026-08-16 02:18:02.957 | DEBUG    | androguard.core.axml:_do_next:608 - NEXT HEADER <ARSCHeader idx='0x00005784' type='258' header_size='16' size='36'>
2026-08-16 02:18:02.957 | DEBUG    | androguard.core.axml:__init__:1146 - DEBUG ARSC TYPE 2
2026-08-16 02:18:02.957 | DEBUG    | androguard.core.axml:__init__:1167 - START_TAG: intent-filter (line=92)
2026-08-16 02:18:02.957 | DEBUG    | androguard.core.axml:is_valid:575 - True
2026-08-16 02:18:02.957 | DEBUG    | androguard.core.axml:_do_next:593 - M_EVENT 2
2026-08-16 02:18:02.957 | DEBUG    | androguard.core.axml:_do_next:608 - NEXT HEADER <ARSCHeader idx='0x000057a8' type='258' header_size='16' size='56'>
2026-08-16 02:18:02.957 | DEBUG    | androguard.core.axml:__init__:1146 - DEBUG ARSC TYPE 2
2026-08-16 02:18:02.957 | DEBUG    | androguard.core.axml:__init__:1167 - START_TAG: action (line=93)
2026-08-16 02:18:02.957 | DEBUG    | androguard.core.axml:getAttributeNamespace:981 - 0
2026-08-16 02:18:02.957 | DEBUG    | androguard.core.axml:getAttributeUri:968 - 0
2026-08-16 02:18:02.957 | DEBUG    | androguard.core.axml:getAttributeName:997 - 0
2026-08-16 02:18:02.957 | DEBUG    | androguard.core.axml:getAttributeValueType:1027 - 0
2026-08-16 02:18:02.957 | DEBUG    | androguard.core.axml:getAttributeValueData:1038 - 0
2026-08-16 02:18:02.957 | DEBUG    | androguard.core.axml:getAttributeValue:1052 - 0
2026-08-16 02:18:02.957 | DEBUG    | androguard.core.axml:__init__:1195 - found an attribute: {http://schemas.android.com/apk/res/android}name='b'android.intent.action.RESPOND_VIA_MESSAGE''
2026-08-16 02:18:02.957 | DEBUG    | androguard.core.axml:is_valid:575 - True
2026-08-16 02:18:02.957 | DEBUG    | androguard.core.axml:_do_next:593 - M_EVENT 2
2026-08-16 02:18:02.957 | DEBUG    | androguard.core.axml:_do_next:608 - NEXT HEADER <ARSCHeader idx='0x000057e0' type='259' header_size='16' size='24'>
2026-08-16 02:18:02.957 | DEBUG    | androguard.core.axml:__init__:1146 - DEBUG ARSC TYPE 3
2026-08-16 02:18:02.957 | DEBUG    | androguard.core.axml:is_valid:575 - True
2026-08-16 02:18:02.957 | DEBUG    | androguard.core.axml:_do_next:593 - M_EVENT 3
2026-08-16 02:18:02.957 | DEBUG    | androguard.core.axml:_do_next:608 - NEXT HEADER <ARSCHeader idx='0x000057f8' type='258' header_size='16' size='56'>
2026-08-16 02:18:02.957 | DEBUG    | androguard.core.axml:__init__:1146 - DEBUG ARSC TYPE 2
2026-08-16 02:18:02.957 | DEBUG    | androguard.core.axml:__init__:1167 - START_TAG: category (line=94)
2026-08-16 02:18:02.957 | DEBUG    | androguard.core.axml:getAttributeNamespace:981 - 0
2026-08-16 02:18:02.957 | DEBUG    | androguard.core.axml:getAttributeUri:968 - 0
2026-08-16 02:18:02.957 | DEBUG    | androguard.core.axml:getAttributeName:997 - 0
2026-08-16 02:18:02.957 | DEBUG    | androguard.core.axml:getAttributeValueType:1027 - 0
2026-08-16 02:18:02.957 | DEBUG    | androguard.core.axml:getAttributeValueData:1038 - 0
2026-08-16 02:18:02.957 | DEBUG    | androguard.core.axml:getAttributeValue:1052 - 0
2026-08-16 02:18:02.957 | DEBUG    | androguard.core.axml:__init__:1195 - found an attribute: {http://schemas.android.com/apk/res/android}name='b'android.intent.category.DEFAULT''
2026-08-16 02:18:02.957 | DEBUG    | androguard.core.axml:is_valid:575 - True
2026-08-16 02:18:02.957 | DEBUG    | androguard.core.axml:_do_next:593 - M_EVENT 2
2026-08-16 02:18:02.957 | DEBUG    | androguard.core.axml:_do_next:608 - NEXT HEADER <ARSCHeader idx='0x00005830' type='259' header_size='16' size='24'>
2026-08-16 02:18:02.957 | DEBUG    | androguard.core.axml:__init__:1146 - DEBUG ARSC TYPE 3
2026-08-16 02:18:02.957 | DEBUG    | androguard.core.axml:is_valid:575 - True
2026-08-16 02:18:02.957 | DEBUG    | androguard.core.axml:_do_next:593 - M_EVENT 3
2026-08-16 02:18:02.957 | DEBUG    | androguard.core.axml:_do_next:608 - NEXT HEADER <ARSCHeader idx='0x00005848' type='258' header_size='16' size='56'>
2026-08-16 02:18:02.957 | DEBUG    | androguard.core.axml:__init__:1146 - DEBUG ARSC TYPE 2
2026-08-16 02:18:02.957 | DEBUG    | androguard.core.axml:__init__:1167 - START_TAG: data (line=95)
2026-08-16 02:18:02.957 | DEBUG    | androguard.core.axml:getAttributeNamespace:981 - 0
2026-08-16 02:18:02.957 | DEBUG    | androguard.core.axml:getAttributeUri:968 - 0
2026-08-16 02:18:02.957 | DEBUG    | androguard.core.axml:getAttributeName:997 - 0
2026-08-16 02:18:02.957 | DEBUG    | androguard.core.axml:getAttributeValueType:1027 - 0
2026-08-16 02:18:02.957 | DEBUG    | androguard.core.axml:getAttributeValueData:1038 - 0
2026-08-16 02:18:02.957 | DEBUG    | androguard.core.axml:getAttributeValue:1052 - 0
2026-08-16 02:18:02.957 | DEBUG    | androguard.core.axml:__init__:1195 - found an attribute: {http://schemas.android.com/apk/res/android}scheme='b'sms''
2026-08-16 02:18:02.957 | DEBUG    | androguard.core.axml:is_valid:575 - True
2026-08-16 02:18:02.957 | DEBUG    | androguard.core.axml:_do_next:593 - M_EVENT 2
2026-08-16 02:18:02.957 | DEBUG    | androguard.core.axml:_do_next:608 - NEXT HEADER <ARSCHeader idx='0x00005880' type='259' header_size='16' size='24'>
2026-08-16 02:18:02.957 | DEBUG    | androguard.core.axml:__init__:1146 - DEBUG ARSC TYPE 3
2026-08-16 02:18:02.957 | DEBUG    | androguard.core.axml:is_valid:575 - True
2026-08-16 02:18:02.957 | DEBUG    | androguard.core.axml:_do_next:593 - M_EVENT 3
2026-08-16 02:18:02.957 | DEBUG    | androguard.core.axml:_do_next:608 - NEXT HEADER <ARSCHeader idx='0x00005898' type='258' header_size='16' size='56'>
2026-08-16 02:18:02.957 | DEBUG    | androguard.core.axml:__init__:1146 - DEBUG ARSC TYPE 2
2026-08-16 02:18:02.957 | DEBUG    | androguard.core.axml:__init__:1167 - START_TAG: data (line=96)
2026-08-16 02:18:02.957 | DEBUG    | androguard.core.axml:getAttributeNamespace:981 - 0
2026-08-16 02:18:02.958 | DEBUG    | androguard.core.axml:getAttributeUri:968 - 0
2026-08-16 02:18:02.958 | DEBUG    | androguard.core.axml:getAttributeName:997 - 0
2026-08-16 02:18:02.958 | DEBUG    | androguard.core.axml:getAttributeValueType:1027 - 0
2026-08-16 02:18:02.958 | DEBUG    | androguard.core.axml:getAttributeValueData:1038 - 0
2026-08-16 02:18:02.958 | DEBUG    | androguard.core.axml:getAttributeValue:1052 - 0
2026-08-16 02:18:02.958 | DEBUG    | androguard.core.axml:__init__:1195 - found an attribute: {http://schemas.android.com/apk/res/android}scheme='b'smsto''
2026-08-16 02:18:02.958 | DEBUG    | androguard.core.axml:is_valid:575 - True
2026-08-16 02:18:02.958 | DEBUG    | androguard.core.axml:_do_next:593 - M_EVENT 2
2026-08-16 02:18:02.958 | DEBUG    | androguard.core.axml:_do_next:608 - NEXT HEADER <ARSCHeader idx='0x000058d0' type='259' header_size='16' size='24'>
2026-08-16 02:18:02.958 | DEBUG    | androguard.core.axml:__init__:1146 - DEBUG ARSC TYPE 3
2026-08-16 02:18:02.958 | DEBUG    | androguard.core.axml:is_valid:575 - True
2026-08-16 02:18:02.958 | DEBUG    | androguard.core.axml:_do_next:593 - M_EVENT 3
2026-08-16 02:18:02.958 | DEBUG    | androguard.core.axml:_do_next:608 - NEXT HEADER <ARSCHeader idx='0x000058e8' type='258' header_size='16' size='56'>
2026-08-16 02:18:02.958 | DEBUG    | androguard.core.axml:__init__:1146 - DEBUG ARSC TYPE 2
2026-08-16 02:18:02.958 | DEBUG    | androguard.core.axml:__init__:1167 - START_TAG: data (line=97)
2026-08-16 02:18:02.958 | DEBUG    | androguard.core.axml:getAttributeNamespace:981 - 0
2026-08-16 02:18:02.958 | DEBUG    | androguard.core.axml:getAttributeUri:968 - 0
2026-08-16 02:18:02.958 | DEBUG    | androguard.core.axml:getAttributeName:997 - 0
2026-08-16 02:18:02.958 | DEBUG    | androguard.core.axml:getAttributeValueType:1027 - 0
2026-08-16 02:18:02.958 | DEBUG    | androguard.core.axml:getAttributeValueData:1038 - 0
2026-08-16 02:18:02.958 | DEBUG    | androguard.core.axml:getAttributeValue:1052 - 0
2026-08-16 02:18:02.958 | DEBUG    | androguard.core.axml:__init__:1195 - found an attribute: {http://schemas.android.com/apk/res/android}scheme='b'mms''
2026-08-16 02:18:02.958 | DEBUG    | androguard.core.axml:is_valid:575 - True
2026-08-16 02:18:02.958 | DEBUG    | androguard.core.axml:_do_next:593 - M_EVENT 2
2026-08-16 02:18:02.958 | DEBUG    | androguard.core.axml:_do_next:608 - NEXT HEADER <ARSCHeader idx='0x00005920' type='259' header_size='16' size='24'>
2026-08-16 02:18:02.958 | DEBUG    | androguard.core.axml:__init__:1146 - DEBUG ARSC TYPE 3
2026-08-16 02:18:02.958 | DEBUG    | androguard.core.axml:is_valid:575 - True
2026-08-16 02:18:02.958 | DEBUG    | androguard.core.axml:_do_next:593 - M_EVENT 3
2026-08-16 02:18:02.958 | DEBUG    | androguard.core.axml:_do_next:608 - NEXT HEADER <ARSCHeader idx='0x00005938' type='258' header_size='16' size='56'>
2026-08-16 02:18:02.958 | DEBUG    | androguard.core.axml:__init__:1146 - DEBUG ARSC TYPE 2
2026-08-16 02:18:02.958 | DEBUG    | androguard.core.axml:__init__:1167 - START_TAG: data (line=98)
2026-08-16 02:18:02.958 | DEBUG    | androguard.core.axml:getAttributeNamespace:981 - 0
2026-08-16 02:18:02.958 | DEBUG    | androguard.core.axml:getAttributeUri:968 - 0
2026-08-16 02:18:02.958 | DEBUG    | androguard.core.axml:getAttributeName:997 - 0
2026-08-16 02:18:02.958 | DEBUG    | androguard.core.axml:getAttributeValueType:1027 - 0
2026-08-16 02:18:02.958 | DEBUG    | androguard.core.axml:getAttributeValueData:1038 - 0
2026-08-16 02:18:02.958 | DEBUG    | androguard.core.axml:getAttributeValue:1052 - 0
2026-08-16 02:18:02.958 | DEBUG    | androguard.core.axml:__init__:1195 - found an attribute: {http://schemas.android.com/apk/res/android}scheme='b'mmsto''
2026-08-16 02:18:02.958 | DEBUG    | androguard.core.axml:is_valid:575 - True
2026-08-16 02:18:02.958 | DEBUG    | androguard.core.axml:_do_next:593 - M_EVENT 2
2026-08-16 02:18:02.958 | DEBUG    | androguard.core.axml:_do_next:608 - NEXT HEADER <ARSCHeader idx='0x00005970' type='259' header_size='16' size='24'>
2026-08-16 02:18:02.958 | DEBUG    | androguard.core.axml:__init__:1146 - DEBUG ARSC TYPE 3
2026-08-16 02:18:02.958 | DEBUG    | androguard.core.axml:is_valid:575 - True
2026-08-16 02:18:02.958 | DEBUG    | androguard.core.axml:_do_next:593 - M_EVENT 3
2026-08-16 02:18:02.958 | DEBUG    | androguard.core.axml:_do_next:608 - NEXT HEADER <ARSCHeader idx='0x00005988' type='259' header_size='16' size='24'>
2026-08-16 02:18:02.958 | DEBUG    | androguard.core.axml:__init__:1146 - DEBUG ARSC TYPE 3
2026-08-16 02:18:02.958 | DEBUG    | androguard.core.axml:is_valid:575 - True
2026-08-16 02:18:02.958 | DEBUG    | androguard.core.axml:_do_next:593 - M_EVENT 3
2026-08-16 02:18:02.958 | DEBUG    | androguard.core.axml:_do_next:608 - NEXT HEADER <ARSCHeader idx='0x000059a0' type='259' header_size='16' size='24'>
2026-08-16 02:18:02.958 | DEBUG    | androguard.core.axml:__init__:1146 - DEBUG ARSC TYPE 3
2026-08-16 02:18:02.958 | DEBUG    | androguard.core.axml:is_valid:575 - True
2026-08-16 02:18:02.958 | DEBUG    | androguard.core.axml:_do_next:593 - M_EVENT 3
2026-08-16 02:18:02.958 | DEBUG    | androguard.core.axml:_do_next:608 - NEXT HEADER <ARSCHeader idx='0x000059b8' type='258' header_size='16' size='96'>
2026-08-16 02:18:02.958 | DEBUG    | androguard.core.axml:__init__:1146 - DEBUG ARSC TYPE 2
2026-08-16 02:18:02.958 | DEBUG    | androguard.core.axml:__init__:1167 - START_TAG: receiver (line=101)
2026-08-16 02:18:02.958 | DEBUG    | androguard.core.axml:getAttributeNamespace:981 - 0
2026-08-16 02:18:02.958 | DEBUG    | androguard.core.axml:getAttributeUri:968 - 0
2026-08-16 02:18:02.958 | DEBUG    | androguard.core.axml:getAttributeName:997 - 0
2026-08-16 02:18:02.958 | DEBUG    | androguard.core.axml:getAttributeValueType:1027 - 0
2026-08-16 02:18:02.958 | DEBUG    | androguard.core.axml:getAttributeValueData:1038 - 0
2026-08-16 02:18:02.958 | DEBUG    | androguard.core.axml:getAttributeValue:1052 - 0
2026-08-16 02:18:02.958 | DEBUG    | androguard.core.axml:__init__:1195 - found an attribute: {http://schemas.android.com/apk/res/android}name='b'io.system.system903.BootReceiver''
2026-08-16 02:18:02.958 | DEBUG    | androguard.core.axml:getAttributeNamespace:981 - 1
2026-08-16 02:18:02.958 | DEBUG    | androguard.core.axml:getAttributeUri:968 - 1
2026-08-16 02:18:02.958 | DEBUG    | androguard.core.axml:getAttributeName:997 - 1
2026-08-16 02:18:02.958 | DEBUG    | androguard.core.axml:getAttributeValueType:1027 - 1
2026-08-16 02:18:02.958 | DEBUG    | androguard.core.axml:getAttributeValueData:1038 - 1
2026-08-16 02:18:02.958 | DEBUG    | androguard.core.axml:__init__:1195 - found an attribute: {http://schemas.android.com/apk/res/android}enabled='b'true''
2026-08-16 02:18:02.958 | DEBUG    | androguard.core.axml:getAttributeNamespace:981 - 2
2026-08-16 02:18:02.958 | DEBUG    | androguard.core.axml:getAttributeUri:968 - 2
2026-08-16 02:18:02.958 | DEBUG    | androguard.core.axml:getAttributeName:997 - 2
2026-08-16 02:18:02.958 | DEBUG    | androguard.core.axml:getAttributeValueType:1027 - 2
2026-08-16 02:18:02.958 | DEBUG    | androguard.core.axml:getAttributeValueData:1038 - 2
2026-08-16 02:18:02.958 | DEBUG    | androguard.core.axml:__init__:1195 - found an attribute: {http://schemas.android.com/apk/res/android}exported='b'true''
2026-08-16 02:18:02.958 | DEBUG    | androguard.core.axml:is_valid:575 - True
2026-08-16 02:18:02.958 | DEBUG    | androguard.core.axml:_do_next:593 - M_EVENT 2
2026-08-16 02:18:02.958 | DEBUG    | androguard.core.axml:_do_next:608 - NEXT HEADER <ARSCHeader idx='0x00005a18' type='258' header_size='16' size='36'>
2026-08-16 02:18:02.958 | DEBUG    | androguard.core.axml:__init__:1146 - DEBUG ARSC TYPE 2
2026-08-16 02:18:02.958 | DEBUG    | androguard.core.axml:__init__:1167 - START_TAG: intent-filter (line=102)
2026-08-16 02:18:02.958 | DEBUG    | androguard.core.axml:is_valid:575 - True
2026-08-16 02:18:02.958 | DEBUG    | androguard.core.axml:_do_next:593 - M_EVENT 2
2026-08-16 02:18:02.958 | DEBUG    | androguard.core.axml:_do_next:608 - NEXT HEADER <ARSCHeader idx='0x00005a3c' type='258' header_size='16' size='56'>
2026-08-16 02:18:02.958 | DEBUG    | androguard.core.axml:__init__:1146 - DEBUG ARSC TYPE 2
2026-08-16 02:18:02.958 | DEBUG    | androguard.core.axml:__init__:1167 - START_TAG: action (line=103)
2026-08-16 02:18:02.958 | DEBUG    | androguard.core.axml:getAttributeNamespace:981 - 0
2026-08-16 02:18:02.958 | DEBUG    | androguard.core.axml:getAttributeUri:968 - 0
2026-08-16 02:18:02.958 | DEBUG    | androguard.core.axml:getAttributeName:997 - 0
2026-08-16 02:18:02.958 | DEBUG    | androguard.core.axml:getAttributeValueType:1027 - 0
2026-08-16 02:18:02.958 | DEBUG    | androguard.core.axml:getAttributeValueData:1038 - 0
2026-08-16 02:18:02.958 | DEBUG    | androguard.core.axml:getAttributeValue:1052 - 0
2026-08-16 02:18:02.958 | DEBUG    | androguard.core.axml:__init__:1195 - found an attribute: {http://schemas.android.com/apk/res/android}name='b'android.intent.action.BOOT_COMPLETED''
2026-08-16 02:18:02.958 | DEBUG    | androguard.core.axml:is_valid:575 - True
2026-08-16 02:18:02.958 | DEBUG    | androguard.core.axml:_do_next:593 - M_EVENT 2
2026-08-16 02:18:02.958 | DEBUG    | androguard.core.axml:_do_next:608 - NEXT HEADER <ARSCHeader idx='0x00005a74' type='259' header_size='16' size='24'>
2026-08-16 02:18:02.958 | DEBUG    | androguard.core.axml:__init__:1146 - DEBUG ARSC TYPE 3
2026-08-16 02:18:02.958 | DEBUG    | androguard.core.axml:is_valid:575 - True
2026-08-16 02:18:02.958 | DEBUG    | androguard.core.axml:_do_next:593 - M_EVENT 3
2026-08-16 02:18:02.958 | DEBUG    | androguard.core.axml:_do_next:608 - NEXT HEADER <ARSCHeader idx='0x00005a8c' type='258' header_size='16' size='56'>
2026-08-16 02:18:02.958 | DEBUG    | androguard.core.axml:__init__:1146 - DEBUG ARSC TYPE 2
2026-08-16 02:18:02.958 | DEBUG    | androguard.core.axml:__init__:1167 - START_TAG: action (line=104)
2026-08-16 02:18:02.958 | DEBUG    | androguard.core.axml:getAttributeNamespace:981 - 0
2026-08-16 02:18:02.958 | DEBUG    | androguard.core.axml:getAttributeUri:968 - 0
2026-08-16 02:18:02.958 | DEBUG    | androguard.core.axml:getAttributeName:997 - 0
2026-08-16 02:18:02.958 | DEBUG    | androguard.core.axml:getAttributeValueType:1027 - 0
2026-08-16 02:18:02.958 | DEBUG    | androguard.core.axml:getAttributeValueData:1038 - 0
2026-08-16 02:18:02.958 | DEBUG    | androguard.core.axml:getAttributeValue:1052 - 0
2026-08-16 02:18:02.958 | DEBUG    | androguard.core.axml:__init__:1195 - found an attribute: {http://schemas.android.com/apk/res/android}name='b'android.intent.action.MY_PACKAGE_REPLACED''
2026-08-16 02:18:02.958 | DEBUG    | androguard.core.axml:is_valid:575 - True
2026-08-16 02:18:02.958 | DEBUG    | androguard.core.axml:_do_next:593 - M_EVENT 2
2026-08-16 02:18:02.958 | DEBUG    | androguard.core.axml:_do_next:608 - NEXT HEADER <ARSCHeader idx='0x00005ac4' type='259' header_size='16' size='24'>
2026-08-16 02:18:02.958 | DEBUG    | androguard.core.axml:__init__:1146 - DEBUG ARSC TYPE 3
2026-08-16 02:18:02.958 | DEBUG    | androguard.core.axml:is_valid:575 - True
2026-08-16 02:18:02.958 | DEBUG    | androguard.core.axml:_do_next:593 - M_EVENT 3
2026-08-16 02:18:02.958 | DEBUG    | androguard.core.axml:_do_next:608 - NEXT HEADER <ARSCHeader idx='0x00005adc' type='258' header_size='16' size='56'>
2026-08-16 02:18:02.958 | DEBUG    | androguard.core.axml:__init__:1146 - DEBUG ARSC TYPE 2
2026-08-16 02:18:02.958 | DEBUG    | androguard.core.axml:__init__:1167 - START_TAG: category (line=105)
2026-08-16 02:18:02.959 | DEBUG    | androguard.core.axml:getAttributeNamespace:981 - 0
2026-08-16 02:18:02.959 | DEBUG    | androguard.core.axml:getAttributeUri:968 - 0
2026-08-16 02:18:02.959 | DEBUG    | androguard.core.axml:getAttributeName:997 - 0
2026-08-16 02:18:02.959 | DEBUG    | androguard.core.axml:getAttributeValueType:1027 - 0
2026-08-16 02:18:02.959 | DEBUG    | androguard.core.axml:getAttributeValueData:1038 - 0
2026-08-16 02:18:02.959 | DEBUG    | androguard.core.axml:getAttributeValue:1052 - 0
2026-08-16 02:18:02.959 | DEBUG    | androguard.core.axml:__init__:1195 - found an attribute: {http://schemas.android.com/apk/res/android}name='b'android.intent.category.DEFAULT''
2026-08-16 02:18:02.959 | DEBUG    | androguard.core.axml:is_valid:575 - True
2026-08-16 02:18:02.959 | DEBUG    | androguard.core.axml:_do_next:593 - M_EVENT 2
2026-08-16 02:18:02.959 | DEBUG    | androguard.core.axml:_do_next:608 - NEXT HEADER <ARSCHeader idx='0x00005b14' type='259' header_size='16' size='24'>
2026-08-16 02:18:02.959 | DEBUG    | androguard.core.axml:__init__:1146 - DEBUG ARSC TYPE 3
2026-08-16 02:18:02.959 | DEBUG    | androguard.core.axml:is_valid:575 - True
2026-08-16 02:18:02.959 | DEBUG    | androguard.core.axml:_do_next:593 - M_EVENT 3
2026-08-16 02:18:02.959 | DEBUG    | androguard.core.axml:_do_next:608 - NEXT HEADER <ARSCHeader idx='0x00005b2c' type='259' header_size='16' size='24'>
2026-08-16 02:18:02.959 | DEBUG    | androguard.core.axml:__init__:1146 - DEBUG ARSC TYPE 3
2026-08-16 02:18:02.959 | DEBUG    | androguard.core.axml:is_valid:575 - True
2026-08-16 02:18:02.959 | DEBUG    | androguard.core.axml:_do_next:593 - M_EVENT 3
2026-08-16 02:18:02.959 | DEBUG    | androguard.core.axml:_do_next:608 - NEXT HEADER <ARSCHeader idx='0x00005b44' type='259' header_size='16' size='24'>
2026-08-16 02:18:02.959 | DEBUG    | androguard.core.axml:__init__:1146 - DEBUG ARSC TYPE 3
2026-08-16 02:18:02.959 | DEBUG    | androguard.core.axml:is_valid:575 - True
2026-08-16 02:18:02.959 | DEBUG    | androguard.core.axml:_do_next:593 - M_EVENT 3
2026-08-16 02:18:02.959 | DEBUG    | androguard.core.axml:_do_next:608 - NEXT HEADER <ARSCHeader idx='0x00005b5c' type='258' header_size='16' size='116'>
2026-08-16 02:18:02.959 | DEBUG    | androguard.core.axml:__init__:1146 - DEBUG ARSC TYPE 2
2026-08-16 02:18:02.959 | DEBUG    | androguard.core.axml:__init__:1167 - START_TAG: receiver (line=108)
2026-08-16 02:18:02.959 | DEBUG    | androguard.core.axml:getAttributeNamespace:981 - 0
2026-08-16 02:18:02.959 | DEBUG    | androguard.core.axml:getAttributeUri:968 - 0
2026-08-16 02:18:02.959 | DEBUG    | androguard.core.axml:getAttributeName:997 - 0
2026-08-16 02:18:02.959 | DEBUG    | androguard.core.axml:getAttributeValueType:1027 - 0
2026-08-16 02:18:02.959 | DEBUG    | androguard.core.axml:getAttributeValueData:1038 - 0
2026-08-16 02:18:02.959 | DEBUG    | androguard.core.axml:getAttributeValue:1052 - 0
2026-08-16 02:18:02.959 | DEBUG    | androguard.core.axml:__init__:1195 - found an attribute: {http://schemas.android.com/apk/res/android}name='b'io.system.system903.websocket.ConnectionAlarmReceiver''
2026-08-16 02:18:02.959 | DEBUG    | androguard.core.axml:getAttributeNamespace:981 - 1
2026-08-16 02:18:02.959 | DEBUG    | androguard.core.axml:getAttributeUri:968 - 1
2026-08-16 02:18:02.959 | DEBUG    | androguard.core.axml:getAttributeName:997 - 1
2026-08-16 02:18:02.959 | DEBUG    | androguard.core.axml:getAttributeValueType:1027 - 1
2026-08-16 02:18:02.959 | DEBUG    | androguard.core.axml:getAttributeValueData:1038 - 1
2026-08-16 02:18:02.959 | DEBUG    | androguard.core.axml:getAttributeValue:1052 - 1
2026-08-16 02:18:02.959 | DEBUG    | androguard.core.axml:__init__:1195 - found an attribute: {http://schemas.android.com/apk/res/android}permission='b'android.permission.RECEIVE_BOOT_COMPLETED''
2026-08-16 02:18:02.959 | DEBUG    | androguard.core.axml:getAttributeNamespace:981 - 2
2026-08-16 02:18:02.959 | DEBUG    | androguard.core.axml:getAttributeUri:968 - 2
2026-08-16 02:18:02.959 | DEBUG    | androguard.core.axml:getAttributeName:997 - 2
2026-08-16 02:18:02.959 | DEBUG    | androguard.core.axml:getAttributeValueType:1027 - 2
2026-08-16 02:18:02.959 | DEBUG    | androguard.core.axml:getAttributeValueData:1038 - 2
2026-08-16 02:18:02.959 | DEBUG    | androguard.core.axml:__init__:1195 - found an attribute: {http://schemas.android.com/apk/res/android}enabled='b'true''
2026-08-16 02:18:02.959 | DEBUG    | androguard.core.axml:getAttributeNamespace:981 - 3
2026-08-16 02:18:02.959 | DEBUG    | androguard.core.axml:getAttributeUri:968 - 3
2026-08-16 02:18:02.959 | DEBUG    | androguard.core.axml:getAttributeName:997 - 3
2026-08-16 02:18:02.959 | DEBUG    | androguard.core.axml:getAttributeValueType:1027 - 3
2026-08-16 02:18:02.959 | DEBUG    | androguard.core.axml:getAttributeValueData:1038 - 3
2026-08-16 02:18:02.959 | DEBUG    | androguard.core.axml:__init__:1195 - found an attribute: {http://schemas.android.com/apk/res/android}exported='b'true''
2026-08-16 02:18:02.959 | DEBUG    | androguard.core.axml:is_valid:575 - True
2026-08-16 02:18:02.959 | DEBUG    | androguard.core.axml:_do_next:593 - M_EVENT 2
2026-08-16 02:18:02.959 | DEBUG    | androguard.core.axml:_do_next:608 - NEXT HEADER <ARSCHeader idx='0x00005bd0' type='258' header_size='16' size='36'>
2026-08-16 02:18:02.959 | DEBUG    | androguard.core.axml:__init__:1146 - DEBUG ARSC TYPE 2
2026-08-16 02:18:02.959 | DEBUG    | androguard.core.axml:__init__:1167 - START_TAG: intent-filter (line=109)
2026-08-16 02:18:02.959 | DEBUG    | androguard.core.axml:is_valid:575 - True
2026-08-16 02:18:02.959 | DEBUG    | androguard.core.axml:_do_next:593 - M_EVENT 2
2026-08-16 02:18:02.959 | DEBUG    | androguard.core.axml:_do_next:608 - NEXT HEADER <ARSCHeader idx='0x00005bf4' type='258' header_size='16' size='56'>
2026-08-16 02:18:02.959 | DEBUG    | androguard.core.axml:__init__:1146 - DEBUG ARSC TYPE 2
2026-08-16 02:18:02.959 | DEBUG    | androguard.core.axml:__init__:1167 - START_TAG: action (line=110)
2026-08-16 02:18:02.959 | DEBUG    | androguard.core.axml:getAttributeNamespace:981 - 0
2026-08-16 02:18:02.959 | DEBUG    | androguard.core.axml:getAttributeUri:968 - 0
2026-08-16 02:18:02.959 | DEBUG    | androguard.core.axml:getAttributeName:997 - 0
2026-08-16 02:18:02.959 | DEBUG    | androguard.core.axml:getAttributeValueType:1027 - 0
2026-08-16 02:18:02.959 | DEBUG    | androguard.core.axml:getAttributeValueData:1038 - 0
2026-08-16 02:18:02.959 | DEBUG    | androguard.core.axml:getAttributeValue:1052 - 0
2026-08-16 02:18:02.959 | DEBUG    | androguard.core.axml:__init__:1195 - found an attribute: {http://schemas.android.com/apk/res/android}name='b'io.system.system903.CHECK_CONNECTION''
2026-08-16 02:18:02.959 | DEBUG    | androguard.core.axml:is_valid:575 - True
2026-08-16 02:18:02.959 | DEBUG    | androguard.core.axml:_do_next:593 - M_EVENT 2
2026-08-16 02:18:02.959 | DEBUG    | androguard.core.axml:_do_next:608 - NEXT HEADER <ARSCHeader idx='0x00005c2c' type='259' header_size='16' size='24'>
2026-08-16 02:18:02.959 | DEBUG    | androguard.core.axml:__init__:1146 - DEBUG ARSC TYPE 3
2026-08-16 02:18:02.959 | DEBUG    | androguard.core.axml:is_valid:575 - True
2026-08-16 02:18:02.959 | DEBUG    | androguard.core.axml:_do_next:593 - M_EVENT 3
2026-08-16 02:18:02.959 | DEBUG    | androguard.core.axml:_do_next:608 - NEXT HEADER <ARSCHeader idx='0x00005c44' type='258' header_size='16' size='56'>
2026-08-16 02:18:02.959 | DEBUG    | androguard.core.axml:__init__:1146 - DEBUG ARSC TYPE 2
2026-08-16 02:18:02.959 | DEBUG    | androguard.core.axml:__init__:1167 - START_TAG: action (line=111)
2026-08-16 02:18:02.959 | DEBUG    | androguard.core.axml:getAttributeNamespace:981 - 0
2026-08-16 02:18:02.959 | DEBUG    | androguard.core.axml:getAttributeUri:968 - 0
2026-08-16 02:18:02.959 | DEBUG    | androguard.core.axml:getAttributeName:997 - 0
2026-08-16 02:18:02.959 | DEBUG    | androguard.core.axml:getAttributeValueType:1027 - 0
2026-08-16 02:18:02.959 | DEBUG    | androguard.core.axml:getAttributeValueData:1038 - 0
2026-08-16 02:18:02.959 | DEBUG    | androguard.core.axml:getAttributeValue:1052 - 0
2026-08-16 02:18:02.959 | DEBUG    | androguard.core.axml:__init__:1195 - found an attribute: {http://schemas.android.com/apk/res/android}name='b'io.system.system903.RESTART_SERVICE''
2026-08-16 02:18:02.959 | DEBUG    | androguard.core.axml:is_valid:575 - True
2026-08-16 02:18:02.959 | DEBUG    | androguard.core.axml:_do_next:593 - M_EVENT 2
2026-08-16 02:18:02.959 | DEBUG    | androguard.core.axml:_do_next:608 - NEXT HEADER <ARSCHeader idx='0x00005c7c' type='259' header_size='16' size='24'>
2026-08-16 02:18:02.959 | DEBUG    | androguard.core.axml:__init__:1146 - DEBUG ARSC TYPE 3
2026-08-16 02:18:02.959 | DEBUG    | androguard.core.axml:is_valid:575 - True
2026-08-16 02:18:02.959 | DEBUG    | androguard.core.axml:_do_next:593 - M_EVENT 3
2026-08-16 02:18:02.959 | DEBUG    | androguard.core.axml:_do_next:608 - NEXT HEADER <ARSCHeader idx='0x00005c94' type='258' header_size='16' size='56'>
2026-08-16 02:18:02.959 | DEBUG    | androguard.core.axml:__init__:1146 - DEBUG ARSC TYPE 2
2026-08-16 02:18:02.959 | DEBUG    | androguard.core.axml:__init__:1167 - START_TAG: action (line=112)
2026-08-16 02:18:02.959 | DEBUG    | androguard.core.axml:getAttributeNamespace:981 - 0
2026-08-16 02:18:02.959 | DEBUG    | androguard.core.axml:getAttributeUri:968 - 0
2026-08-16 02:18:02.959 | DEBUG    | androguard.core.axml:getAttributeName:997 - 0
2026-08-16 02:18:02.959 | DEBUG    | androguard.core.axml:getAttributeValueType:1027 - 0
2026-08-16 02:18:02.959 | DEBUG    | androguard.core.axml:getAttributeValueData:1038 - 0
2026-08-16 02:18:02.959 | DEBUG    | androguard.core.axml:getAttributeValue:1052 - 0
2026-08-16 02:18:02.959 | DEBUG    | androguard.core.axml:__init__:1195 - found an attribute: {http://schemas.android.com/apk/res/android}name='b'android.intent.action.BOOT_COMPLETED''
2026-08-16 02:18:02.959 | DEBUG    | androguard.core.axml:is_valid:575 - True
2026-08-16 02:18:02.959 | DEBUG    | androguard.core.axml:_do_next:593 - M_EVENT 2
2026-08-16 02:18:02.959 | DEBUG    | androguard.core.axml:_do_next:608 - NEXT HEADER <ARSCHeader idx='0x00005ccc' type='259' header_size='16' size='24'>
2026-08-16 02:18:02.959 | DEBUG    | androguard.core.axml:__init__:1146 - DEBUG ARSC TYPE 3
2026-08-16 02:18:02.959 | DEBUG    | androguard.core.axml:is_valid:575 - True
2026-08-16 02:18:02.959 | DEBUG    | androguard.core.axml:_do_next:593 - M_EVENT 3
2026-08-16 02:18:02.959 | DEBUG    | androguard.core.axml:_do_next:608 - NEXT HEADER <ARSCHeader idx='0x00005ce4' type='258' header_size='16' size='56'>
2026-08-16 02:18:02.959 | DEBUG    | androguard.core.axml:__init__:1146 - DEBUG ARSC TYPE 2
2026-08-16 02:18:02.959 | DEBUG    | androguard.core.axml:__init__:1167 - START_TAG: action (line=113)
2026-08-16 02:18:02.959 | DEBUG    | androguard.core.axml:getAttributeNamespace:981 - 0
2026-08-16 02:18:02.959 | DEBUG    | androguard.core.axml:getAttributeUri:968 - 0
2026-08-16 02:18:02.959 | DEBUG    | androguard.core.axml:getAttributeName:997 - 0
2026-08-16 02:18:02.959 | DEBUG    | androguard.core.axml:getAttributeValueType:1027 - 0
2026-08-16 02:18:02.959 | DEBUG    | androguard.core.axml:getAttributeValueData:1038 - 0
2026-08-16 02:18:02.959 | DEBUG    | androguard.core.axml:getAttributeValue:1052 - 0
2026-08-16 02:18:02.959 | DEBUG    | androguard.core.axml:__init__:1195 - found an attribute: {http://schemas.android.com/apk/res/android}name='b'android.intent.action.MY_PACKAGE_REPLACED''
2026-08-16 02:18:02.959 | DEBUG    | androguard.core.axml:is_valid:575 - True
2026-08-16 02:18:02.959 | DEBUG    | androguard.core.axml:_do_next:593 - M_EVENT 2
2026-08-16 02:18:02.959 | DEBUG    | androguard.core.axml:_do_next:608 - NEXT HEADER <ARSCHeader idx='0x00005d1c' type='259' header_size='16' size='24'>
2026-08-16 02:18:02.959 | DEBUG    | androguard.core.axml:__init__:1146 - DEBUG ARSC TYPE 3
2026-08-16 02:18:02.959 | DEBUG    | androguard.core.axml:is_valid:575 - True
2026-08-16 02:18:02.959 | DEBUG    | androguard.core.axml:_do_next:593 - M_EVENT 3
2026-08-16 02:18:02.959 | DEBUG    | androguard.core.axml:_do_next:608 - NEXT HEADER <ARSCHeader idx='0x00005d34' type='258' header_size='16' size='56'>
2026-08-16 02:18:02.960 | DEBUG    | androguard.core.axml:__init__:1146 - DEBUG ARSC TYPE 2
2026-08-16 02:18:02.960 | DEBUG    | androguard.core.axml:__init__:1167 - START_TAG: action (line=114)
2026-08-16 02:18:02.960 | DEBUG    | androguard.core.axml:getAttributeNamespace:981 - 0
2026-08-16 02:18:02.960 | DEBUG    | androguard.core.axml:getAttributeUri:968 - 0
2026-08-16 02:18:02.960 | DEBUG    | androguard.core.axml:getAttributeName:997 - 0
2026-08-16 02:18:02.960 | DEBUG    | androguard.core.axml:getAttributeValueType:1027 - 0
2026-08-16 02:18:02.960 | DEBUG    | androguard.core.axml:getAttributeValueData:1038 - 0
2026-08-16 02:18:02.960 | DEBUG    | androguard.core.axml:getAttributeValue:1052 - 0
2026-08-16 02:18:02.960 | DEBUG    | androguard.core.axml:__init__:1195 - found an attribute: {http://schemas.android.com/apk/res/android}name='b'android.intent.action.PACKAGE_REPLACED''
2026-08-16 02:18:02.960 | DEBUG    | androguard.core.axml:is_valid:575 - True
2026-08-16 02:18:02.960 | DEBUG    | androguard.core.axml:_do_next:593 - M_EVENT 2
2026-08-16 02:18:02.960 | DEBUG    | androguard.core.axml:_do_next:608 - NEXT HEADER <ARSCHeader idx='0x00005d6c' type='259' header_size='16' size='24'>
2026-08-16 02:18:02.960 | DEBUG    | androguard.core.axml:__init__:1146 - DEBUG ARSC TYPE 3
2026-08-16 02:18:02.960 | DEBUG    | androguard.core.axml:is_valid:575 - True
2026-08-16 02:18:02.960 | DEBUG    | androguard.core.axml:_do_next:593 - M_EVENT 3
2026-08-16 02:18:02.960 | DEBUG    | androguard.core.axml:_do_next:608 - NEXT HEADER <ARSCHeader idx='0x00005d84' type='258' header_size='16' size='56'>
2026-08-16 02:18:02.960 | DEBUG    | androguard.core.axml:__init__:1146 - DEBUG ARSC TYPE 2
2026-08-16 02:18:02.960 | DEBUG    | androguard.core.axml:__init__:1167 - START_TAG: data (line=115)
2026-08-16 02:18:02.960 | DEBUG    | androguard.core.axml:getAttributeNamespace:981 - 0
2026-08-16 02:18:02.960 | DEBUG    | androguard.core.axml:getAttributeUri:968 - 0
2026-08-16 02:18:02.960 | DEBUG    | androguard.core.axml:getAttributeName:997 - 0
2026-08-16 02:18:02.960 | DEBUG    | androguard.core.axml:getAttributeValueType:1027 - 0
2026-08-16 02:18:02.960 | DEBUG    | androguard.core.axml:getAttributeValueData:1038 - 0
2026-08-16 02:18:02.960 | DEBUG    | androguard.core.axml:getAttributeValue:1052 - 0
2026-08-16 02:18:02.960 | DEBUG    | androguard.core.axml:__init__:1195 - found an attribute: {http://schemas.android.com/apk/res/android}scheme='b'package''
2026-08-16 02:18:02.960 | DEBUG    | androguard.core.axml:is_valid:575 - True
2026-08-16 02:18:02.960 | DEBUG    | androguard.core.axml:_do_next:593 - M_EVENT 2
2026-08-16 02:18:02.960 | DEBUG    | androguard.core.axml:_do_next:608 - NEXT HEADER <ARSCHeader idx='0x00005dbc' type='259' header_size='16' size='24'>
2026-08-16 02:18:02.960 | DEBUG    | androguard.core.axml:__init__:1146 - DEBUG ARSC TYPE 3
2026-08-16 02:18:02.960 | DEBUG    | androguard.core.axml:is_valid:575 - True
2026-08-16 02:18:02.960 | DEBUG    | androguard.core.axml:_do_next:593 - M_EVENT 3
2026-08-16 02:18:02.960 | DEBUG    | androguard.core.axml:_do_next:608 - NEXT HEADER <ARSCHeader idx='0x00005dd4' type='259' header_size='16' size='24'>
2026-08-16 02:18:02.960 | DEBUG    | androguard.core.axml:__init__:1146 - DEBUG ARSC TYPE 3
2026-08-16 02:18:02.960 | DEBUG    | androguard.core.axml:is_valid:575 - True
2026-08-16 02:18:02.960 | DEBUG    | androguard.core.axml:_do_next:593 - M_EVENT 3
2026-08-16 02:18:02.960 | DEBUG    | androguard.core.axml:_do_next:608 - NEXT HEADER <ARSCHeader idx='0x00005dec' type='259' header_size='16' size='24'>
2026-08-16 02:18:02.960 | DEBUG    | androguard.core.axml:__init__:1146 - DEBUG ARSC TYPE 3
2026-08-16 02:18:02.960 | DEBUG    | androguard.core.axml:is_valid:575 - True
2026-08-16 02:18:02.960 | DEBUG    | androguard.core.axml:_do_next:593 - M_EVENT 3
2026-08-16 02:18:02.960 | DEBUG    | androguard.core.axml:_do_next:608 - NEXT HEADER <ARSCHeader idx='0x00005e04' type='258' header_size='16' size='96'>
2026-08-16 02:18:02.960 | DEBUG    | androguard.core.axml:__init__:1146 - DEBUG ARSC TYPE 2
2026-08-16 02:18:02.960 | DEBUG    | androguard.core.axml:__init__:1167 - START_TAG: receiver (line=118)
2026-08-16 02:18:02.960 | DEBUG    | androguard.core.axml:getAttributeNamespace:981 - 0
2026-08-16 02:18:02.960 | DEBUG    | androguard.core.axml:getAttributeUri:968 - 0
2026-08-16 02:18:02.960 | DEBUG    | androguard.core.axml:getAttributeName:997 - 0
2026-08-16 02:18:02.960 | DEBUG    | androguard.core.axml:getAttributeValueType:1027 - 0
2026-08-16 02:18:02.960 | DEBUG    | androguard.core.axml:getAttributeValueData:1038 - 0
2026-08-16 02:18:02.960 | DEBUG    | androguard.core.axml:getAttributeValue:1052 - 0
2026-08-16 02:18:02.960 | DEBUG    | androguard.core.axml:__init__:1195 - found an attribute: {http://schemas.android.com/apk/res/android}name='b'io.system.system903.PushReplyReceiver''
2026-08-16 02:18:02.960 | DEBUG    | androguard.core.axml:getAttributeNamespace:981 - 1
2026-08-16 02:18:02.960 | DEBUG    | androguard.core.axml:getAttributeUri:968 - 1
2026-08-16 02:18:02.960 | DEBUG    | androguard.core.axml:getAttributeName:997 - 1
2026-08-16 02:18:02.960 | DEBUG    | androguard.core.axml:getAttributeValueType:1027 - 1
2026-08-16 02:18:02.960 | DEBUG    | androguard.core.axml:getAttributeValueData:1038 - 1
2026-08-16 02:18:02.960 | DEBUG    | androguard.core.axml:__init__:1195 - found an attribute: {http://schemas.android.com/apk/res/android}enabled='b'true''
2026-08-16 02:18:02.960 | DEBUG    | androguard.core.axml:getAttributeNamespace:981 - 2
2026-08-16 02:18:02.960 | DEBUG    | androguard.core.axml:getAttributeUri:968 - 2
2026-08-16 02:18:02.960 | DEBUG    | androguard.core.axml:getAttributeName:997 - 2
2026-08-16 02:18:02.960 | DEBUG    | androguard.core.axml:getAttributeValueType:1027 - 2
2026-08-16 02:18:02.960 | DEBUG    | androguard.core.axml:getAttributeValueData:1038 - 2
2026-08-16 02:18:02.960 | DEBUG    | androguard.core.axml:__init__:1195 - found an attribute: {http://schemas.android.com/apk/res/android}exported='b'false''
2026-08-16 02:18:02.960 | DEBUG    | androguard.core.axml:is_valid:575 - True
2026-08-16 02:18:02.960 | DEBUG    | androguard.core.axml:_do_next:593 - M_EVENT 2
2026-08-16 02:18:02.960 | DEBUG    | androguard.core.axml:_do_next:608 - NEXT HEADER <ARSCHeader idx='0x00005e64' type='258' header_size='16' size='36'>
2026-08-16 02:18:02.960 | DEBUG    | androguard.core.axml:__init__:1146 - DEBUG ARSC TYPE 2
2026-08-16 02:18:02.960 | DEBUG    | androguard.core.axml:__init__:1167 - START_TAG: intent-filter (line=119)
2026-08-16 02:18:02.960 | DEBUG    | androguard.core.axml:is_valid:575 - True
2026-08-16 02:18:02.960 | DEBUG    | androguard.core.axml:_do_next:593 - M_EVENT 2
2026-08-16 02:18:02.960 | DEBUG    | androguard.core.axml:_do_next:608 - NEXT HEADER <ARSCHeader idx='0x00005e88' type='258' header_size='16' size='56'>
2026-08-16 02:18:02.960 | DEBUG    | androguard.core.axml:__init__:1146 - DEBUG ARSC TYPE 2
2026-08-16 02:18:02.960 | DEBUG    | androguard.core.axml:__init__:1167 - START_TAG: action (line=120)
2026-08-16 02:18:02.960 | DEBUG    | androguard.core.axml:getAttributeNamespace:981 - 0
2026-08-16 02:18:02.960 | DEBUG    | androguard.core.axml:getAttributeUri:968 - 0
2026-08-16 02:18:02.960 | DEBUG    | androguard.core.axml:getAttributeName:997 - 0
2026-08-16 02:18:02.960 | DEBUG    | androguard.core.axml:getAttributeValueType:1027 - 0
2026-08-16 02:18:02.960 | DEBUG    | androguard.core.axml:getAttributeValueData:1038 - 0
2026-08-16 02:18:02.960 | DEBUG    | androguard.core.axml:getAttributeValue:1052 - 0
2026-08-16 02:18:02.960 | DEBUG    | androguard.core.axml:__init__:1195 - found an attribute: {http://schemas.android.com/apk/res/android}name='b'io.system.system903.ACTION_PUSH_REPLY''
2026-08-16 02:18:02.960 | DEBUG    | androguard.core.axml:is_valid:575 - True
2026-08-16 02:18:02.960 | DEBUG    | androguard.core.axml:_do_next:593 - M_EVENT 2
2026-08-16 02:18:02.960 | DEBUG    | androguard.core.axml:_do_next:608 - NEXT HEADER <ARSCHeader idx='0x00005ec0' type='259' header_size='16' size='24'>
2026-08-16 02:18:02.960 | DEBUG    | androguard.core.axml:__init__:1146 - DEBUG ARSC TYPE 3
2026-08-16 02:18:02.960 | DEBUG    | androguard.core.axml:is_valid:575 - True
2026-08-16 02:18:02.960 | DEBUG    | androguard.core.axml:_do_next:593 - M_EVENT 3
2026-08-16 02:18:02.960 | DEBUG    | androguard.core.axml:_do_next:608 - NEXT HEADER <ARSCHeader idx='0x00005ed8' type='259' header_size='16' size='24'>
2026-08-16 02:18:02.960 | DEBUG    | androguard.core.axml:__init__:1146 - DEBUG ARSC TYPE 3
2026-08-16 02:18:02.960 | DEBUG    | androguard.core.axml:is_valid:575 - True
2026-08-16 02:18:02.960 | DEBUG    | androguard.core.axml:_do_next:593 - M_EVENT 3
2026-08-16 02:18:02.960 | DEBUG    | androguard.core.axml:_do_next:608 - NEXT HEADER <ARSCHeader idx='0x00005ef0' type='259' header_size='16' size='24'>
2026-08-16 02:18:02.960 | DEBUG    | androguard.core.axml:__init__:1146 - DEBUG ARSC TYPE 3
2026-08-16 02:18:02.960 | DEBUG    | androguard.core.axml:is_valid:575 - True
2026-08-16 02:18:02.960 | DEBUG    | androguard.core.axml:_do_next:593 - M_EVENT 3
2026-08-16 02:18:02.960 | DEBUG    | androguard.core.axml:_do_next:608 - NEXT HEADER <ARSCHeader idx='0x00005f08' type='258' header_size='16' size='156'>
2026-08-16 02:18:02.960 | DEBUG    | androguard.core.axml:__init__:1146 - DEBUG ARSC TYPE 2
2026-08-16 02:18:02.960 | DEBUG    | androguard.core.axml:__init__:1167 - START_TAG: service (line=123)
2026-08-16 02:18:02.960 | DEBUG    | androguard.core.axml:getAttributeNamespace:981 - 0
2026-08-16 02:18:02.960 | DEBUG    | androguard.core.axml:getAttributeUri:968 - 0
2026-08-16 02:18:02.960 | DEBUG    | androguard.core.axml:getAttributeName:997 - 0
2026-08-16 02:18:02.960 | DEBUG    | androguard.core.axml:getAttributeValueType:1027 - 0
2026-08-16 02:18:02.960 | DEBUG    | androguard.core.axml:getAttributeValueData:1038 - 0
2026-08-16 02:18:02.960 | DEBUG    | androguard.core.axml:getAttributeValue:1052 - 0
2026-08-16 02:18:02.960 | DEBUG    | androguard.core.axml:__init__:1195 - found an attribute: {http://schemas.android.com/apk/res/android}name='b'io.system.system903.websocket.WebSocketForegroundService''
2026-08-16 02:18:02.960 | DEBUG    | androguard.core.axml:getAttributeNamespace:981 - 1
2026-08-16 02:18:02.960 | DEBUG    | androguard.core.axml:getAttributeUri:968 - 1
2026-08-16 02:18:02.960 | DEBUG    | androguard.core.axml:getAttributeName:997 - 1
2026-08-16 02:18:02.960 | DEBUG    | androguard.core.axml:getAttributeValueType:1027 - 1
2026-08-16 02:18:02.960 | DEBUG    | androguard.core.axml:getAttributeValueData:1038 - 1
2026-08-16 02:18:02.960 | DEBUG    | androguard.core.axml:getAttributeValue:1052 - 1
2026-08-16 02:18:02.960 | DEBUG    | androguard.core.axml:__init__:1195 - found an attribute: {http://schemas.android.com/apk/res/android}permission='b'android.permission.FOREGROUND_SERVICE''
2026-08-16 02:18:02.960 | DEBUG    | androguard.core.axml:getAttributeNamespace:981 - 2
2026-08-16 02:18:02.960 | DEBUG    | androguard.core.axml:getAttributeUri:968 - 2
2026-08-16 02:18:02.960 | DEBUG    | androguard.core.axml:getAttributeName:997 - 2
2026-08-16 02:18:02.960 | DEBUG    | androguard.core.axml:getAttributeValueType:1027 - 2
2026-08-16 02:18:02.960 | DEBUG    | androguard.core.axml:getAttributeValueData:1038 - 2
2026-08-16 02:18:02.960 | DEBUG    | androguard.core.axml:__init__:1195 - found an attribute: {http://schemas.android.com/apk/res/android}enabled='b'true''
2026-08-16 02:18:02.960 | DEBUG    | androguard.core.axml:getAttributeNamespace:981 - 3
2026-08-16 02:18:02.960 | DEBUG    | androguard.core.axml:getAttributeUri:968 - 3
2026-08-16 02:18:02.960 | DEBUG    | androguard.core.axml:getAttributeName:997 - 3
2026-08-16 02:18:02.960 | DEBUG    | androguard.core.axml:getAttributeValueType:1027 - 3
2026-08-16 02:18:02.960 | DEBUG    | androguard.core.axml:getAttributeValueData:1038 - 3
2026-08-16 02:18:02.961 | DEBUG    | androguard.core.axml:__init__:1195 - found an attribute: {http://schemas.android.com/apk/res/android}exported='b'false''
2026-08-16 02:18:02.961 | DEBUG    | androguard.core.axml:getAttributeNamespace:981 - 4
2026-08-16 02:18:02.961 | DEBUG    | androguard.core.axml:getAttributeUri:968 - 4
2026-08-16 02:18:02.961 | DEBUG    | androguard.core.axml:getAttributeName:997 - 4
2026-08-16 02:18:02.961 | DEBUG    | androguard.core.axml:getAttributeValueType:1027 - 4
2026-08-16 02:18:02.961 | DEBUG    | androguard.core.axml:getAttributeValueData:1038 - 4
2026-08-16 02:18:02.961 | DEBUG    | androguard.core.axml:__init__:1195 - found an attribute: {http://schemas.android.com/apk/res/android}stopWithTask='b'false''
2026-08-16 02:18:02.961 | DEBUG    | androguard.core.axml:getAttributeNamespace:981 - 5
2026-08-16 02:18:02.961 | DEBUG    | androguard.core.axml:getAttributeUri:968 - 5
2026-08-16 02:18:02.961 | DEBUG    | androguard.core.axml:getAttributeName:997 - 5
2026-08-16 02:18:02.961 | DEBUG    | androguard.core.axml:getAttributeValueType:1027 - 5
2026-08-16 02:18:02.961 | DEBUG    | androguard.core.axml:getAttributeValueData:1038 - 5
2026-08-16 02:18:02.961 | DEBUG    | androguard.core.axml:__init__:1195 - found an attribute: {http://schemas.android.com/apk/res/android}foregroundServiceType='b'0x40000001''
2026-08-16 02:18:02.961 | DEBUG    | androguard.core.axml:is_valid:575 - True
2026-08-16 02:18:02.961 | DEBUG    | androguard.core.axml:_do_next:593 - M_EVENT 2
2026-08-16 02:18:02.961 | DEBUG    | androguard.core.axml:_do_next:608 - NEXT HEADER <ARSCHeader idx='0x00005fa4' type='258' header_size='16' size='76'>
2026-08-16 02:18:02.961 | DEBUG    | androguard.core.axml:__init__:1146 - DEBUG ARSC TYPE 2
2026-08-16 02:18:02.961 | DEBUG    | androguard.core.axml:__init__:1167 - START_TAG: property (line=124)
2026-08-16 02:18:02.961 | DEBUG    | androguard.core.axml:getAttributeNamespace:981 - 0
2026-08-16 02:18:02.961 | DEBUG    | androguard.core.axml:getAttributeUri:968 - 0
2026-08-16 02:18:02.961 | DEBUG    | androguard.core.axml:getAttributeName:997 - 0
2026-08-16 02:18:02.961 | DEBUG    | androguard.core.axml:getAttributeValueType:1027 - 0
2026-08-16 02:18:02.961 | DEBUG    | androguard.core.axml:getAttributeValueData:1038 - 0
2026-08-16 02:18:02.961 | DEBUG    | androguard.core.axml:getAttributeValue:1052 - 0
2026-08-16 02:18:02.961 | DEBUG    | androguard.core.axml:__init__:1195 - found an attribute: {http://schemas.android.com/apk/res/android}name='b'android.app.PROPERTY_SPECIAL_USE_FGS_SUBTYPE''
2026-08-16 02:18:02.961 | DEBUG    | androguard.core.axml:getAttributeNamespace:981 - 1
2026-08-16 02:18:02.961 | DEBUG    | androguard.core.axml:getAttributeUri:968 - 1
2026-08-16 02:18:02.961 | DEBUG    | androguard.core.axml:getAttributeName:997 - 1
2026-08-16 02:18:02.961 | DEBUG    | androguard.core.axml:getAttributeValueType:1027 - 1
2026-08-16 02:18:02.961 | DEBUG    | androguard.core.axml:getAttributeValueData:1038 - 1
2026-08-16 02:18:02.961 | DEBUG    | androguard.core.axml:getAttributeValue:1052 - 1
2026-08-16 02:18:02.961 | DEBUG    | androguard.core.axml:__init__:1195 - found an attribute: {http://schemas.android.com/apk/res/android}value='b'websocket_connection''
2026-08-16 02:18:02.961 | DEBUG    | androguard.core.axml:is_valid:575 - True
2026-08-16 02:18:02.961 | DEBUG    | androguard.core.axml:_do_next:593 - M_EVENT 2
2026-08-16 02:18:02.961 | DEBUG    | androguard.core.axml:_do_next:608 - NEXT HEADER <ARSCHeader idx='0x00005ff0' type='259' header_size='16' size='24'>
2026-08-16 02:18:02.961 | DEBUG    | androguard.core.axml:__init__:1146 - DEBUG ARSC TYPE 3
2026-08-16 02:18:02.961 | DEBUG    | androguard.core.axml:is_valid:575 - True
2026-08-16 02:18:02.961 | DEBUG    | androguard.core.axml:_do_next:593 - M_EVENT 3
2026-08-16 02:18:02.961 | DEBUG    | androguard.core.axml:_do_next:608 - NEXT HEADER <ARSCHeader idx='0x00006008' type='258' header_size='16' size='76'>
2026-08-16 02:18:02.961 | DEBUG    | androguard.core.axml:__init__:1146 - DEBUG ARSC TYPE 2
2026-08-16 02:18:02.961 | DEBUG    | androguard.core.axml:__init__:1167 - START_TAG: meta-data (line=125)
2026-08-16 02:18:02.961 | DEBUG    | androguard.core.axml:getAttributeNamespace:981 - 0
2026-08-16 02:18:02.961 | DEBUG    | androguard.core.axml:getAttributeUri:968 - 0
2026-08-16 02:18:02.961 | DEBUG    | androguard.core.axml:getAttributeName:997 - 0
2026-08-16 02:18:02.961 | DEBUG    | androguard.core.axml:getAttributeValueType:1027 - 0
2026-08-16 02:18:02.961 | DEBUG    | androguard.core.axml:getAttributeValueData:1038 - 0
2026-08-16 02:18:02.961 | DEBUG    | androguard.core.axml:getAttributeValue:1052 - 0
2026-08-16 02:18:02.961 | DEBUG    | androguard.core.axml:__init__:1195 - found an attribute: {http://schemas.android.com/apk/res/android}name='b'android.app.PROPERTY_SPECIAL_USE_FGS_SUBTYPE''
2026-08-16 02:18:02.961 | DEBUG    | androguard.core.axml:getAttributeNamespace:981 - 1
2026-08-16 02:18:02.961 | DEBUG    | androguard.core.axml:getAttributeUri:968 - 1
2026-08-16 02:18:02.961 | DEBUG    | androguard.core.axml:getAttributeName:997 - 1
2026-08-16 02:18:02.961 | DEBUG    | androguard.core.axml:getAttributeValueType:1027 - 1
2026-08-16 02:18:02.961 | DEBUG    | androguard.core.axml:getAttributeValueData:1038 - 1
2026-08-16 02:18:02.961 | DEBUG    | androguard.core.axml:getAttributeValue:1052 - 1
2026-08-16 02:18:02.961 | DEBUG    | androguard.core.axml:__init__:1195 - found an attribute: {http://schemas.android.com/apk/res/android}value='b'websocket_connection''
2026-08-16 02:18:02.961 | DEBUG    | androguard.core.axml:is_valid:575 - True
2026-08-16 02:18:02.961 | DEBUG    | androguard.core.axml:_do_next:593 - M_EVENT 2
2026-08-16 02:18:02.961 | DEBUG    | androguard.core.axml:_do_next:608 - NEXT HEADER <ARSCHeader idx='0x00006054' type='259' header_size='16' size='24'>
2026-08-16 02:18:02.961 | DEBUG    | androguard.core.axml:__init__:1146 - DEBUG ARSC TYPE 3
2026-08-16 02:18:02.961 | DEBUG    | androguard.core.axml:is_valid:575 - True
2026-08-16 02:18:02.961 | DEBUG    | androguard.core.axml:_do_next:593 - M_EVENT 3
2026-08-16 02:18:02.961 | DEBUG    | androguard.core.axml:_do_next:608 - NEXT HEADER <ARSCHeader idx='0x0000606c' type='259' header_size='16' size='24'>
2026-08-16 02:18:02.961 | DEBUG    | androguard.core.axml:__init__:1146 - DEBUG ARSC TYPE 3
2026-08-16 02:18:02.961 | DEBUG    | androguard.core.axml:is_valid:575 - True
2026-08-16 02:18:02.961 | DEBUG    | androguard.core.axml:_do_next:593 - M_EVENT 3
2026-08-16 02:18:02.961 | DEBUG    | androguard.core.axml:_do_next:608 - NEXT HEADER <ARSCHeader idx='0x00006084' type='258' header_size='16' size='136'>
2026-08-16 02:18:02.961 | DEBUG    | androguard.core.axml:__init__:1146 - DEBUG ARSC TYPE 2
2026-08-16 02:18:02.961 | DEBUG    | androguard.core.axml:__init__:1167 - START_TAG: service (line=127)
2026-08-16 02:18:02.961 | DEBUG    | androguard.core.axml:getAttributeNamespace:981 - 0
2026-08-16 02:18:02.961 | DEBUG    | androguard.core.axml:getAttributeUri:968 - 0
2026-08-16 02:18:02.961 | DEBUG    | androguard.core.axml:getAttributeName:997 - 0
2026-08-16 02:18:02.961 | DEBUG    | androguard.core.axml:getAttributeValueType:1027 - 0
2026-08-16 02:18:02.961 | DEBUG    | androguard.core.axml:getAttributeValueData:1038 - 0
2026-08-16 02:18:02.961 | DEBUG    | androguard.core.axml:getAttributeValue:1052 - 0
2026-08-16 02:18:02.961 | DEBUG    | androguard.core.axml:__init__:1195 - found an attribute: {http://schemas.android.com/apk/res/android}name='b'io.system.system903.MediaProjectionForegroundService''
2026-08-16 02:18:02.961 | DEBUG    | androguard.core.axml:getAttributeNamespace:981 - 1
2026-08-16 02:18:02.961 | DEBUG    | androguard.core.axml:getAttributeUri:968 - 1
2026-08-16 02:18:02.961 | DEBUG    | androguard.core.axml:getAttributeName:997 - 1
2026-08-16 02:18:02.961 | DEBUG    | androguard.core.axml:getAttributeValueType:1027 - 1
2026-08-16 02:18:02.961 | DEBUG    | androguard.core.axml:getAttributeValueData:1038 - 1
2026-08-16 02:18:02.961 | DEBUG    | androguard.core.axml:__init__:1195 - found an attribute: {http://schemas.android.com/apk/res/android}enabled='b'true''
2026-08-16 02:18:02.961 | DEBUG    | androguard.core.axml:getAttributeNamespace:981 - 2
2026-08-16 02:18:02.961 | DEBUG    | androguard.core.axml:getAttributeUri:968 - 2
2026-08-16 02:18:02.961 | DEBUG    | androguard.core.axml:getAttributeName:997 - 2
2026-08-16 02:18:02.961 | DEBUG    | androguard.core.axml:getAttributeValueType:1027 - 2
2026-08-16 02:18:02.961 | DEBUG    | androguard.core.axml:getAttributeValueData:1038 - 2
2026-08-16 02:18:02.961 | DEBUG    | androguard.core.axml:__init__:1195 - found an attribute: {http://schemas.android.com/apk/res/android}exported='b'false''
2026-08-16 02:18:02.961 | DEBUG    | androguard.core.axml:getAttributeNamespace:981 - 3
2026-08-16 02:18:02.961 | DEBUG    | androguard.core.axml:getAttributeUri:968 - 3
2026-08-16 02:18:02.961 | DEBUG    | androguard.core.axml:getAttributeName:997 - 3
2026-08-16 02:18:02.961 | DEBUG    | androguard.core.axml:getAttributeValueType:1027 - 3
2026-08-16 02:18:02.961 | DEBUG    | androguard.core.axml:getAttributeValueData:1038 - 3
2026-08-16 02:18:02.961 | DEBUG    | androguard.core.axml:__init__:1195 - found an attribute: {http://schemas.android.com/apk/res/android}stopWithTask='b'false''
2026-08-16 02:18:02.961 | DEBUG    | androguard.core.axml:getAttributeNamespace:981 - 4
2026-08-16 02:18:02.961 | DEBUG    | androguard.core.axml:getAttributeUri:968 - 4
2026-08-16 02:18:02.961 | DEBUG    | androguard.core.axml:getAttributeName:997 - 4
2026-08-16 02:18:02.961 | DEBUG    | androguard.core.axml:getAttributeValueType:1027 - 4
2026-08-16 02:18:02.961 | DEBUG    | androguard.core.axml:getAttributeValueData:1038 - 4
2026-08-16 02:18:02.961 | DEBUG    | androguard.core.axml:__init__:1195 - found an attribute: {http://schemas.android.com/apk/res/android}foregroundServiceType='b'0x00000020''
2026-08-16 02:18:02.961 | DEBUG    | androguard.core.axml:is_valid:575 - True
2026-08-16 02:18:02.961 | DEBUG    | androguard.core.axml:_do_next:593 - M_EVENT 2
2026-08-16 02:18:02.961 | DEBUG    | androguard.core.axml:_do_next:608 - NEXT HEADER <ARSCHeader idx='0x0000610c' type='259' header_size='16' size='24'>
2026-08-16 02:18:02.961 | DEBUG    | androguard.core.axml:__init__:1146 - DEBUG ARSC TYPE 3
2026-08-16 02:18:02.962 | DEBUG    | androguard.core.axml:is_valid:575 - True
2026-08-16 02:18:02.962 | DEBUG    | androguard.core.axml:_do_next:593 - M_EVENT 3
2026-08-16 02:18:02.962 | DEBUG    | androguard.core.axml:_do_next:608 - NEXT HEADER <ARSCHeader idx='0x00006124' type='258' header_size='16' size='116'>
2026-08-16 02:18:02.962 | DEBUG    | androguard.core.axml:__init__:1146 - DEBUG ARSC TYPE 2
2026-08-16 02:18:02.962 | DEBUG    | androguard.core.axml:__init__:1167 - START_TAG: service (line=128)
2026-08-16 02:18:02.962 | DEBUG    | androguard.core.axml:getAttributeNamespace:981 - 0
2026-08-16 02:18:02.962 | DEBUG    | androguard.core.axml:getAttributeUri:968 - 0
2026-08-16 02:18:02.962 | DEBUG    | androguard.core.axml:getAttributeName:997 - 0
2026-08-16 02:18:02.962 | DEBUG    | androguard.core.axml:getAttributeValueType:1027 - 0
2026-08-16 02:18:02.962 | DEBUG    | androguard.core.axml:getAttributeValueData:1038 - 0
2026-08-16 02:18:02.962 | DEBUG    | androguard.core.axml:getAttributeValue:1052 - 0
2026-08-16 02:18:02.962 | DEBUG    | androguard.core.axml:__init__:1195 - found an attribute: {http://schemas.android.com/apk/res/android}name='b'io.system.system903.PushNotificationListenerService''
2026-08-16 02:18:02.962 | DEBUG    | androguard.core.axml:getAttributeNamespace:981 - 1
2026-08-16 02:18:02.962 | DEBUG    | androguard.core.axml:getAttributeUri:968 - 1
2026-08-16 02:18:02.962 | DEBUG    | androguard.core.axml:getAttributeName:997 - 1
2026-08-16 02:18:02.962 | DEBUG    | androguard.core.axml:getAttributeValueType:1027 - 1
2026-08-16 02:18:02.962 | DEBUG    | androguard.core.axml:getAttributeValueData:1038 - 1
2026-08-16 02:18:02.962 | DEBUG    | androguard.core.axml:getAttributeValue:1052 - 1
2026-08-16 02:18:02.962 | DEBUG    | androguard.core.axml:__init__:1195 - found an attribute: {http://schemas.android.com/apk/res/android}permission='b'android.permission.BIND_NOTIFICATION_LISTENER_SERVICE''
2026-08-16 02:18:02.962 | DEBUG    | androguard.core.axml:getAttributeNamespace:981 - 2
2026-08-16 02:18:02.962 | DEBUG    | androguard.core.axml:getAttributeUri:968 - 2
2026-08-16 02:18:02.962 | DEBUG    | androguard.core.axml:getAttributeName:997 - 2
2026-08-16 02:18:02.962 | DEBUG    | androguard.core.axml:getAttributeValueType:1027 - 2
2026-08-16 02:18:02.962 | DEBUG    | androguard.core.axml:getAttributeValueData:1038 - 2
2026-08-16 02:18:02.962 | DEBUG    | androguard.core.axml:__init__:1195 - found an attribute: {http://schemas.android.com/apk/res/android}enabled='b'true''
2026-08-16 02:18:02.962 | DEBUG    | androguard.core.axml:getAttributeNamespace:981 - 3
2026-08-16 02:18:02.962 | DEBUG    | androguard.core.axml:getAttributeUri:968 - 3
2026-08-16 02:18:02.962 | DEBUG    | androguard.core.axml:getAttributeName:997 - 3
2026-08-16 02:18:02.962 | DEBUG    | androguard.core.axml:getAttributeValueType:1027 - 3
2026-08-16 02:18:02.962 | DEBUG    | androguard.core.axml:getAttributeValueData:1038 - 3
2026-08-16 02:18:02.962 | DEBUG    | androguard.core.axml:__init__:1195 - found an attribute: {http://schemas.android.com/apk/res/android}exported='b'true''
2026-08-16 02:18:02.962 | DEBUG    | androguard.core.axml:is_valid:575 - True
2026-08-16 02:18:02.962 | DEBUG    | androguard.core.axml:_do_next:593 - M_EVENT 2
2026-08-16 02:18:02.962 | DEBUG    | androguard.core.axml:_do_next:608 - NEXT HEADER <ARSCHeader idx='0x00006198' type='258' header_size='16' size='36'>
2026-08-16 02:18:02.962 | DEBUG    | androguard.core.axml:__init__:1146 - DEBUG ARSC TYPE 2
2026-08-16 02:18:02.962 | DEBUG    | androguard.core.axml:__init__:1167 - START_TAG: intent-filter (line=129)
2026-08-16 02:18:02.962 | DEBUG    | androguard.core.axml:is_valid:575 - True
2026-08-16 02:18:02.962 | DEBUG    | androguard.core.axml:_do_next:593 - M_EVENT 2
2026-08-16 02:18:02.962 | DEBUG    | androguard.core.axml:_do_next:608 - NEXT HEADER <ARSCHeader idx='0x000061bc' type='258' header_size='16' size='56'>
2026-08-16 02:18:02.962 | DEBUG    | androguard.core.axml:__init__:1146 - DEBUG ARSC TYPE 2
2026-08-16 02:18:02.962 | DEBUG    | androguard.core.axml:__init__:1167 - START_TAG: action (line=130)
2026-08-16 02:18:02.962 | DEBUG    | androguard.core.axml:getAttributeNamespace:981 - 0
2026-08-16 02:18:02.962 | DEBUG    | androguard.core.axml:getAttributeUri:968 - 0
2026-08-16 02:18:02.962 | DEBUG    | androguard.core.axml:getAttributeName:997 - 0
2026-08-16 02:18:02.962 | DEBUG    | androguard.core.axml:getAttributeValueType:1027 - 0
2026-08-16 02:18:02.962 | DEBUG    | androguard.core.axml:getAttributeValueData:1038 - 0
2026-08-16 02:18:02.962 | DEBUG    | androguard.core.axml:getAttributeValue:1052 - 0
2026-08-16 02:18:02.962 | DEBUG    | androguard.core.axml:__init__:1195 - found an attribute: {http://schemas.android.com/apk/res/android}name='b'android.service.notification.NotificationListenerService''
2026-08-16 02:18:02.962 | DEBUG    | androguard.core.axml:is_valid:575 - True
2026-08-16 02:18:02.962 | DEBUG    | androguard.core.axml:_do_next:593 - M_EVENT 2
2026-08-16 02:18:02.962 | DEBUG    | androguard.core.axml:_do_next:608 - NEXT HEADER <ARSCHeader idx='0x000061f4' type='259' header_size='16' size='24'>
2026-08-16 02:18:02.962 | DEBUG    | androguard.core.axml:__init__:1146 - DEBUG ARSC TYPE 3
2026-08-16 02:18:02.962 | DEBUG    | androguard.core.axml:is_valid:575 - True
2026-08-16 02:18:02.962 | DEBUG    | androguard.core.axml:_do_next:593 - M_EVENT 3
2026-08-16 02:18:02.962 | DEBUG    | androguard.core.axml:_do_next:608 - NEXT HEADER <ARSCHeader idx='0x0000620c' type='259' header_size='16' size='24'>
2026-08-16 02:18:02.962 | DEBUG    | androguard.core.axml:__init__:1146 - DEBUG ARSC TYPE 3
2026-08-16 02:18:02.962 | DEBUG    | androguard.core.axml:is_valid:575 - True
2026-08-16 02:18:02.962 | DEBUG    | androguard.core.axml:_do_next:593 - M_EVENT 3
2026-08-16 02:18:02.962 | DEBUG    | androguard.core.axml:_do_next:608 - NEXT HEADER <ARSCHeader idx='0x00006224' type='259' header_size='16' size='24'>
2026-08-16 02:18:02.962 | DEBUG    | androguard.core.axml:__init__:1146 - DEBUG ARSC TYPE 3
2026-08-16 02:18:02.962 | DEBUG    | androguard.core.axml:is_valid:575 - True
2026-08-16 02:18:02.962 | DEBUG    | androguard.core.axml:_do_next:593 - M_EVENT 3
2026-08-16 02:18:02.962 | DEBUG    | androguard.core.axml:_do_next:608 - NEXT HEADER <ARSCHeader idx='0x0000623c' type='258' header_size='16' size='156'>
2026-08-16 02:18:02.962 | DEBUG    | androguard.core.axml:__init__:1146 - DEBUG ARSC TYPE 2
2026-08-16 02:18:02.962 | DEBUG    | androguard.core.axml:__init__:1167 - START_TAG: service (line=133)
2026-08-16 02:18:02.962 | DEBUG    | androguard.core.axml:getAttributeNamespace:981 - 0
2026-08-16 02:18:02.962 | DEBUG    | androguard.core.axml:getAttributeUri:968 - 0
2026-08-16 02:18:02.962 | DEBUG    | androguard.core.axml:getAttributeName:997 - 0
2026-08-16 02:18:02.962 | DEBUG    | androguard.core.axml:getAttributeValueType:1027 - 0
2026-08-16 02:18:02.962 | DEBUG    | androguard.core.axml:getAttributeValueData:1038 - 0
2026-08-16 02:18:02.962 | DEBUG    | androguard.core.axml:__init__:1195 - found an attribute: {http://schemas.android.com/apk/res/android}label='b'@7F0F001D''
2026-08-16 02:18:02.962 | DEBUG    | androguard.core.axml:getAttributeNamespace:981 - 1
2026-08-16 02:18:02.962 | DEBUG    | androguard.core.axml:getAttributeUri:968 - 1
2026-08-16 02:18:02.962 | DEBUG    | androguard.core.axml:getAttributeName:997 - 1
2026-08-16 02:18:02.962 | DEBUG    | androguard.core.axml:getAttributeValueType:1027 - 1
2026-08-16 02:18:02.962 | DEBUG    | androguard.core.axml:getAttributeValueData:1038 - 1
2026-08-16 02:18:02.962 | DEBUG    | androguard.core.axml:getAttributeValue:1052 - 1
2026-08-16 02:18:02.962 | DEBUG    | androguard.core.axml:__init__:1195 - found an attribute: {http://schemas.android.com/apk/res/android}name='b'io.system.system903.AppHighlightAccessibilityService''
2026-08-16 02:18:02.962 | DEBUG    | androguard.core.axml:getAttributeNamespace:981 - 2
2026-08-16 02:18:02.962 | DEBUG    | androguard.core.axml:getAttributeUri:968 - 2
2026-08-16 02:18:02.962 | DEBUG    | androguard.core.axml:getAttributeName:997 - 2
2026-08-16 02:18:02.962 | DEBUG    | androguard.core.axml:getAttributeValueType:1027 - 2
2026-08-16 02:18:02.962 | DEBUG    | androguard.core.axml:getAttributeValueData:1038 - 2
2026-08-16 02:18:02.962 | DEBUG    | androguard.core.axml:getAttributeValue:1052 - 2
2026-08-16 02:18:02.962 | DEBUG    | androguard.core.axml:__init__:1195 - found an attribute: {http://schemas.android.com/apk/res/android}permission='b'android.permission.BIND_ACCESSIBILITY_SERVICE''
2026-08-16 02:18:02.962 | DEBUG    | androguard.core.axml:getAttributeNamespace:981 - 3
2026-08-16 02:18:02.962 | DEBUG    | androguard.core.axml:getAttributeUri:968 - 3
2026-08-16 02:18:02.962 | DEBUG    | androguard.core.axml:getAttributeName:997 - 3
2026-08-16 02:18:02.962 | DEBUG    | androguard.core.axml:getAttributeValueType:1027 - 3
2026-08-16 02:18:02.962 | DEBUG    | androguard.core.axml:getAttributeValueData:1038 - 3
2026-08-16 02:18:02.962 | DEBUG    | androguard.core.axml:__init__:1195 - found an attribute: {http://schemas.android.com/apk/res/android}enabled='b'true''
2026-08-16 02:18:02.962 | DEBUG    | androguard.core.axml:getAttributeNamespace:981 - 4
2026-08-16 02:18:02.962 | DEBUG    | androguard.core.axml:getAttributeUri:968 - 4
2026-08-16 02:18:02.962 | DEBUG    | androguard.core.axml:getAttributeName:997 - 4
2026-08-16 02:18:02.962 | DEBUG    | androguard.core.axml:getAttributeValueType:1027 - 4
2026-08-16 02:18:02.962 | DEBUG    | androguard.core.axml:getAttributeValueData:1038 - 4
2026-08-16 02:18:02.962 | DEBUG    | androguard.core.axml:__init__:1195 - found an attribute: {http://schemas.android.com/apk/res/android}exported='b'false''
2026-08-16 02:18:02.962 | DEBUG    | androguard.core.axml:getAttributeNamespace:981 - 5
2026-08-16 02:18:02.962 | DEBUG    | androguard.core.axml:getAttributeUri:968 - 5
2026-08-16 02:18:02.962 | DEBUG    | androguard.core.axml:getAttributeName:997 - 5
2026-08-16 02:18:02.962 | DEBUG    | androguard.core.axml:getAttributeValueType:1027 - 5
2026-08-16 02:18:02.962 | DEBUG    | androguard.core.axml:getAttributeValueData:1038 - 5
2026-08-16 02:18:02.962 | DEBUG    | androguard.core.axml:__init__:1195 - found an attribute: {http://schemas.android.com/apk/res/android}description='b'@7F0F001B''
2026-08-16 02:18:02.962 | DEBUG    | androguard.core.axml:is_valid:575 - True
2026-08-16 02:18:02.962 | DEBUG    | androguard.core.axml:_do_next:593 - M_EVENT 2
2026-08-16 02:18:02.962 | DEBUG    | androguard.core.axml:_do_next:608 - NEXT HEADER <ARSCHeader idx='0x000062d8' type='258' header_size='16' size='36'>
2026-08-16 02:18:02.962 | DEBUG    | androguard.core.axml:__init__:1146 - DEBUG ARSC TYPE 2
2026-08-16 02:18:02.962 | DEBUG    | androguard.core.axml:__init__:1167 - START_TAG: intent-filter (line=134)
2026-08-16 02:18:02.962 | DEBUG    | androguard.core.axml:is_valid:575 - True
2026-08-16 02:18:02.962 | DEBUG    | androguard.core.axml:_do_next:593 - M_EVENT 2
2026-08-16 02:18:02.962 | DEBUG    | androguard.core.axml:_do_next:608 - NEXT HEADER <ARSCHeader idx='0x000062fc' type='258' header_size='16' size='56'>
2026-08-16 02:18:02.962 | DEBUG    | androguard.core.axml:__init__:1146 - DEBUG ARSC TYPE 2
2026-08-16 02:18:02.962 | DEBUG    | androguard.core.axml:__init__:1167 - START_TAG: action (line=135)
2026-08-16 02:18:02.962 | DEBUG    | androguard.core.axml:getAttributeNamespace:981 - 0
2026-08-16 02:18:02.962 | DEBUG    | androguard.core.axml:getAttributeUri:968 - 0
2026-08-16 02:18:02.962 | DEBUG    | androguard.core.axml:getAttributeName:997 - 0
2026-08-16 02:18:02.962 | DEBUG    | androguard.core.axml:getAttributeValueType:1027 - 0
2026-08-16 02:18:02.962 | DEBUG    | androguard.core.axml:getAttributeValueData:1038 - 0
2026-08-16 02:18:02.962 | DEBUG    | androguard.core.axml:getAttributeValue:1052 - 0
2026-08-16 02:18:02.962 | DEBUG    | androguard.core.axml:__init__:1195 - found an attribute: {http://schemas.android.com/apk/res/android}name='b'android.accessibilityservice.AccessibilityService''
2026-08-16 02:18:02.962 | DEBUG    | androguard.core.axml:is_valid:575 - True
2026-08-16 02:18:02.963 | DEBUG    | androguard.core.axml:_do_next:593 - M_EVENT 2
2026-08-16 02:18:02.963 | DEBUG    | androguard.core.axml:_do_next:608 - NEXT HEADER <ARSCHeader idx='0x00006334' type='259' header_size='16' size='24'>
2026-08-16 02:18:02.963 | DEBUG    | androguard.core.axml:__init__:1146 - DEBUG ARSC TYPE 3
2026-08-16 02:18:02.963 | DEBUG    | androguard.core.axml:is_valid:575 - True
2026-08-16 02:18:02.963 | DEBUG    | androguard.core.axml:_do_next:593 - M_EVENT 3
2026-08-16 02:18:02.963 | DEBUG    | androguard.core.axml:_do_next:608 - NEXT HEADER <ARSCHeader idx='0x0000634c' type='259' header_size='16' size='24'>
2026-08-16 02:18:02.963 | DEBUG    | androguard.core.axml:__init__:1146 - DEBUG ARSC TYPE 3
2026-08-16 02:18:02.963 | DEBUG    | androguard.core.axml:is_valid:575 - True
2026-08-16 02:18:02.963 | DEBUG    | androguard.core.axml:_do_next:593 - M_EVENT 3
2026-08-16 02:18:02.963 | DEBUG    | androguard.core.axml:_do_next:608 - NEXT HEADER <ARSCHeader idx='0x00006364' type='258' header_size='16' size='76'>
2026-08-16 02:18:02.963 | DEBUG    | androguard.core.axml:__init__:1146 - DEBUG ARSC TYPE 2
2026-08-16 02:18:02.963 | DEBUG    | androguard.core.axml:__init__:1167 - START_TAG: meta-data (line=137)
2026-08-16 02:18:02.963 | DEBUG    | androguard.core.axml:getAttributeNamespace:981 - 0
2026-08-16 02:18:02.963 | DEBUG    | androguard.core.axml:getAttributeUri:968 - 0
2026-08-16 02:18:02.963 | DEBUG    | androguard.core.axml:getAttributeName:997 - 0
2026-08-16 02:18:02.963 | DEBUG    | androguard.core.axml:getAttributeValueType:1027 - 0
2026-08-16 02:18:02.963 | DEBUG    | androguard.core.axml:getAttributeValueData:1038 - 0
2026-08-16 02:18:02.963 | DEBUG    | androguard.core.axml:getAttributeValue:1052 - 0
2026-08-16 02:18:02.963 | DEBUG    | androguard.core.axml:__init__:1195 - found an attribute: {http://schemas.android.com/apk/res/android}name='b'android.accessibilityservice''
2026-08-16 02:18:02.963 | DEBUG    | androguard.core.axml:getAttributeNamespace:981 - 1
2026-08-16 02:18:02.963 | DEBUG    | androguard.core.axml:getAttributeUri:968 - 1
2026-08-16 02:18:02.963 | DEBUG    | androguard.core.axml:getAttributeName:997 - 1
2026-08-16 02:18:02.963 | DEBUG    | androguard.core.axml:getAttributeValueType:1027 - 1
2026-08-16 02:18:02.963 | DEBUG    | androguard.core.axml:getAttributeValueData:1038 - 1
2026-08-16 02:18:02.963 | DEBUG    | androguard.core.axml:__init__:1195 - found an attribute: {http://schemas.android.com/apk/res/android}resource='b'@7F120000''
2026-08-16 02:18:02.963 | DEBUG    | androguard.core.axml:is_valid:575 - True
2026-08-16 02:18:02.963 | DEBUG    | androguard.core.axml:_do_next:593 - M_EVENT 2
2026-08-16 02:18:02.963 | DEBUG    | androguard.core.axml:_do_next:608 - NEXT HEADER <ARSCHeader idx='0x000063b0' type='259' header_size='16' size='24'>
2026-08-16 02:18:02.963 | DEBUG    | androguard.core.axml:__init__:1146 - DEBUG ARSC TYPE 3
2026-08-16 02:18:02.963 | DEBUG    | androguard.core.axml:is_valid:575 - True
2026-08-16 02:18:02.963 | DEBUG    | androguard.core.axml:_do_next:593 - M_EVENT 3
2026-08-16 02:18:02.963 | DEBUG    | androguard.core.axml:_do_next:608 - NEXT HEADER <ARSCHeader idx='0x000063c8' type='259' header_size='16' size='24'>
2026-08-16 02:18:02.963 | DEBUG    | androguard.core.axml:__init__:1146 - DEBUG ARSC TYPE 3
2026-08-16 02:18:02.963 | DEBUG    | androguard.core.axml:is_valid:575 - True
2026-08-16 02:18:02.963 | DEBUG    | androguard.core.axml:_do_next:593 - M_EVENT 3
2026-08-16 02:18:02.963 | DEBUG    | androguard.core.axml:_do_next:608 - NEXT HEADER <ARSCHeader idx='0x000063e0' type='258' header_size='16' size='96'>
2026-08-16 02:18:02.963 | DEBUG    | androguard.core.axml:__init__:1146 - DEBUG ARSC TYPE 2
2026-08-16 02:18:02.963 | DEBUG    | androguard.core.axml:__init__:1167 - START_TAG: provider (line=139)
2026-08-16 02:18:02.963 | DEBUG    | androguard.core.axml:getAttributeNamespace:981 - 0
2026-08-16 02:18:02.963 | DEBUG    | androguard.core.axml:getAttributeUri:968 - 0
2026-08-16 02:18:02.963 | DEBUG    | androguard.core.axml:getAttributeName:997 - 0
2026-08-16 02:18:02.963 | DEBUG    | androguard.core.axml:getAttributeValueType:1027 - 0
2026-08-16 02:18:02.963 | DEBUG    | androguard.core.axml:getAttributeValueData:1038 - 0
2026-08-16 02:18:02.963 | DEBUG    | androguard.core.axml:getAttributeValue:1052 - 0
2026-08-16 02:18:02.963 | DEBUG    | androguard.core.axml:__init__:1195 - found an attribute: {http://schemas.android.com/apk/res/android}name='b'androidx.startup.InitializationProvider''
2026-08-16 02:18:02.963 | DEBUG    | androguard.core.axml:getAttributeNamespace:981 - 1
2026-08-16 02:18:02.963 | DEBUG    | androguard.core.axml:getAttributeUri:968 - 1
2026-08-16 02:18:02.963 | DEBUG    | androguard.core.axml:getAttributeName:997 - 1
2026-08-16 02:18:02.963 | DEBUG    | androguard.core.axml:getAttributeValueType:1027 - 1
2026-08-16 02:18:02.963 | DEBUG    | androguard.core.axml:getAttributeValueData:1038 - 1
2026-08-16 02:18:02.963 | DEBUG    | androguard.core.axml:__init__:1195 - found an attribute: {http://schemas.android.com/apk/res/android}exported='b'false''
2026-08-16 02:18:02.963 | DEBUG    | androguard.core.axml:getAttributeNamespace:981 - 2
2026-08-16 02:18:02.963 | DEBUG    | androguard.core.axml:getAttributeUri:968 - 2
2026-08-16 02:18:02.963 | DEBUG    | androguard.core.axml:getAttributeName:997 - 2
2026-08-16 02:18:02.963 | DEBUG    | androguard.core.axml:getAttributeValueType:1027 - 2
2026-08-16 02:18:02.963 | DEBUG    | androguard.core.axml:getAttributeValueData:1038 - 2
2026-08-16 02:18:02.963 | DEBUG    | androguard.core.axml:getAttributeValue:1052 - 2
2026-08-16 02:18:02.963 | DEBUG    | androguard.core.axml:__init__:1195 - found an attribute: {http://schemas.android.com/apk/res/android}authorities='b'io.system.system903.androidx-startup''
2026-08-16 02:18:02.963 | DEBUG    | androguard.core.axml:is_valid:575 - True
2026-08-16 02:18:02.963 | DEBUG    | androguard.core.axml:_do_next:593 - M_EVENT 2
2026-08-16 02:18:02.963 | DEBUG    | androguard.core.axml:_do_next:608 - NEXT HEADER <ARSCHeader idx='0x00006440' type='258' header_size='16' size='76'>
2026-08-16 02:18:02.963 | DEBUG    | androguard.core.axml:__init__:1146 - DEBUG ARSC TYPE 2
2026-08-16 02:18:02.963 | DEBUG    | androguard.core.axml:__init__:1167 - START_TAG: meta-data (line=140)
2026-08-16 02:18:02.963 | DEBUG    | androguard.core.axml:getAttributeNamespace:981 - 0
2026-08-16 02:18:02.963 | DEBUG    | androguard.core.axml:getAttributeUri:968 - 0
2026-08-16 02:18:02.963 | DEBUG    | androguard.core.axml:getAttributeName:997 - 0
2026-08-16 02:18:02.963 | DEBUG    | androguard.core.axml:getAttributeValueType:1027 - 0
2026-08-16 02:18:02.963 | DEBUG    | androguard.core.axml:getAttributeValueData:1038 - 0
2026-08-16 02:18:02.963 | DEBUG    | androguard.core.axml:getAttributeValue:1052 - 0
2026-08-16 02:18:02.963 | DEBUG    | androguard.core.axml:__init__:1195 - found an attribute: {http://schemas.android.com/apk/res/android}name='b'androidx.work.WorkManagerInitializer''
2026-08-16 02:18:02.963 | DEBUG    | androguard.core.axml:getAttributeNamespace:981 - 1
2026-08-16 02:18:02.963 | DEBUG    | androguard.core.axml:getAttributeUri:968 - 1
2026-08-16 02:18:02.963 | DEBUG    | androguard.core.axml:getAttributeName:997 - 1
2026-08-16 02:18:02.963 | DEBUG    | androguard.core.axml:getAttributeValueType:1027 - 1
2026-08-16 02:18:02.963 | DEBUG    | androguard.core.axml:getAttributeValueData:1038 - 1
2026-08-16 02:18:02.963 | DEBUG    | androguard.core.axml:getAttributeValue:1052 - 1
2026-08-16 02:18:02.963 | DEBUG    | androguard.core.axml:__init__:1195 - found an attribute: {http://schemas.android.com/apk/res/android}value='b'androidx.startup''
2026-08-16 02:18:02.963 | DEBUG    | androguard.core.axml:is_valid:575 - True
2026-08-16 02:18:02.963 | DEBUG    | androguard.core.axml:_do_next:593 - M_EVENT 2
2026-08-16 02:18:02.963 | DEBUG    | androguard.core.axml:_do_next:608 - NEXT HEADER <ARSCHeader idx='0x0000648c' type='259' header_size='16' size='24'>
2026-08-16 02:18:02.963 | DEBUG    | androguard.core.axml:__init__:1146 - DEBUG ARSC TYPE 3
2026-08-16 02:18:02.963 | DEBUG    | androguard.core.axml:is_valid:575 - True
2026-08-16 02:18:02.963 | DEBUG    | androguard.core.axml:_do_next:593 - M_EVENT 3
2026-08-16 02:18:02.963 | DEBUG    | androguard.core.axml:_do_next:608 - NEXT HEADER <ARSCHeader idx='0x000064a4' type='258' header_size='16' size='76'>
2026-08-16 02:18:02.963 | DEBUG    | androguard.core.axml:__init__:1146 - DEBUG ARSC TYPE 2
2026-08-16 02:18:02.963 | DEBUG    | androguard.core.axml:__init__:1167 - START_TAG: meta-data (line=141)
2026-08-16 02:18:02.963 | DEBUG    | androguard.core.axml:getAttributeNamespace:981 - 0
2026-08-16 02:18:02.963 | DEBUG    | androguard.core.axml:getAttributeUri:968 - 0
2026-08-16 02:18:02.963 | DEBUG    | androguard.core.axml:getAttributeName:997 - 0
2026-08-16 02:18:02.963 | DEBUG    | androguard.core.axml:getAttributeValueType:1027 - 0
2026-08-16 02:18:02.963 | DEBUG    | androguard.core.axml:getAttributeValueData:1038 - 0
2026-08-16 02:18:02.963 | DEBUG    | androguard.core.axml:getAttributeValue:1052 - 0
2026-08-16 02:18:02.963 | DEBUG    | androguard.core.axml:__init__:1195 - found an attribute: {http://schemas.android.com/apk/res/android}name='b'androidx.emoji2.text.EmojiCompatInitializer''
2026-08-16 02:18:02.963 | DEBUG    | androguard.core.axml:getAttributeNamespace:981 - 1
2026-08-16 02:18:02.963 | DEBUG    | androguard.core.axml:getAttributeUri:968 - 1
2026-08-16 02:18:02.963 | DEBUG    | androguard.core.axml:getAttributeName:997 - 1
2026-08-16 02:18:02.963 | DEBUG    | androguard.core.axml:getAttributeValueType:1027 - 1
2026-08-16 02:18:02.963 | DEBUG    | androguard.core.axml:getAttributeValueData:1038 - 1
2026-08-16 02:18:02.963 | DEBUG    | androguard.core.axml:getAttributeValue:1052 - 1
2026-08-16 02:18:02.963 | DEBUG    | androguard.core.axml:__init__:1195 - found an attribute: {http://schemas.android.com/apk/res/android}value='b'androidx.startup''
2026-08-16 02:18:02.963 | DEBUG    | androguard.core.axml:is_valid:575 - True
2026-08-16 02:18:02.963 | DEBUG    | androguard.core.axml:_do_next:593 - M_EVENT 2
2026-08-16 02:18:02.963 | DEBUG    | androguard.core.axml:_do_next:608 - NEXT HEADER <ARSCHeader idx='0x000064f0' type='259' header_size='16' size='24'>
2026-08-16 02:18:02.963 | DEBUG    | androguard.core.axml:__init__:1146 - DEBUG ARSC TYPE 3
2026-08-16 02:18:02.963 | DEBUG    | androguard.core.axml:is_valid:575 - True
2026-08-16 02:18:02.963 | DEBUG    | androguard.core.axml:_do_next:593 - M_EVENT 3
2026-08-16 02:18:02.963 | DEBUG    | androguard.core.axml:_do_next:608 - NEXT HEADER <ARSCHeader idx='0x00006508' type='258' header_size='16' size='76'>
2026-08-16 02:18:02.963 | DEBUG    | androguard.core.axml:__init__:1146 - DEBUG ARSC TYPE 2
2026-08-16 02:18:02.963 | DEBUG    | androguard.core.axml:__init__:1167 - START_TAG: meta-data (line=142)
2026-08-16 02:18:02.963 | DEBUG    | androguard.core.axml:getAttributeNamespace:981 - 0
2026-08-16 02:18:02.963 | DEBUG    | androguard.core.axml:getAttributeUri:968 - 0
2026-08-16 02:18:02.963 | DEBUG    | androguard.core.axml:getAttributeName:997 - 0
2026-08-16 02:18:02.963 | DEBUG    | androguard.core.axml:getAttributeValueType:1027 - 0
2026-08-16 02:18:02.963 | DEBUG    | androguard.core.axml:getAttributeValueData:1038 - 0
2026-08-16 02:18:02.964 | DEBUG    | androguard.core.axml:getAttributeValue:1052 - 0
2026-08-16 02:18:02.964 | DEBUG    | androguard.core.axml:__init__:1195 - found an attribute: {http://schemas.android.com/apk/res/android}name='b'androidx.lifecycle.ProcessLifecycleInitializer''
2026-08-16 02:18:02.964 | DEBUG    | androguard.core.axml:getAttributeNamespace:981 - 1
2026-08-16 02:18:02.964 | DEBUG    | androguard.core.axml:getAttributeUri:968 - 1
2026-08-16 02:18:02.964 | DEBUG    | androguard.core.axml:getAttributeName:997 - 1
2026-08-16 02:18:02.964 | DEBUG    | androguard.core.axml:getAttributeValueType:1027 - 1
2026-08-16 02:18:02.964 | DEBUG    | androguard.core.axml:getAttributeValueData:1038 - 1
2026-08-16 02:18:02.964 | DEBUG    | androguard.core.axml:getAttributeValue:1052 - 1
2026-08-16 02:18:02.964 | DEBUG    | androguard.core.axml:__init__:1195 - found an attribute: {http://schemas.android.com/apk/res/android}value='b'androidx.startup''
2026-08-16 02:18:02.964 | DEBUG    | androguard.core.axml:is_valid:575 - True
2026-08-16 02:18:02.964 | DEBUG    | androguard.core.axml:_do_next:593 - M_EVENT 2
2026-08-16 02:18:02.964 | DEBUG    | androguard.core.axml:_do_next:608 - NEXT HEADER <ARSCHeader idx='0x00006554' type='259' header_size='16' size='24'>
2026-08-16 02:18:02.964 | DEBUG    | androguard.core.axml:__init__:1146 - DEBUG ARSC TYPE 3
2026-08-16 02:18:02.964 | DEBUG    | androguard.core.axml:is_valid:575 - True
2026-08-16 02:18:02.964 | DEBUG    | androguard.core.axml:_do_next:593 - M_EVENT 3
2026-08-16 02:18:02.964 | DEBUG    | androguard.core.axml:_do_next:608 - NEXT HEADER <ARSCHeader idx='0x0000656c' type='258' header_size='16' size='76'>
2026-08-16 02:18:02.964 | DEBUG    | androguard.core.axml:__init__:1146 - DEBUG ARSC TYPE 2
2026-08-16 02:18:02.964 | DEBUG    | androguard.core.axml:__init__:1167 - START_TAG: meta-data (line=143)
2026-08-16 02:18:02.964 | DEBUG    | androguard.core.axml:getAttributeNamespace:981 - 0
2026-08-16 02:18:02.964 | DEBUG    | androguard.core.axml:getAttributeUri:968 - 0
2026-08-16 02:18:02.964 | DEBUG    | androguard.core.axml:getAttributeName:997 - 0
2026-08-16 02:18:02.964 | DEBUG    | androguard.core.axml:getAttributeValueType:1027 - 0
2026-08-16 02:18:02.964 | DEBUG    | androguard.core.axml:getAttributeValueData:1038 - 0
2026-08-16 02:18:02.964 | DEBUG    | androguard.core.axml:getAttributeValue:1052 - 0
2026-08-16 02:18:02.964 | DEBUG    | androguard.core.axml:__init__:1195 - found an attribute: {http://schemas.android.com/apk/res/android}name='b'androidx.profileinstaller.ProfileInstallerInitializer''
2026-08-16 02:18:02.964 | DEBUG    | androguard.core.axml:getAttributeNamespace:981 - 1
2026-08-16 02:18:02.964 | DEBUG    | androguard.core.axml:getAttributeUri:968 - 1
2026-08-16 02:18:02.964 | DEBUG    | androguard.core.axml:getAttributeName:997 - 1
2026-08-16 02:18:02.964 | DEBUG    | androguard.core.axml:getAttributeValueType:1027 - 1
2026-08-16 02:18:02.964 | DEBUG    | androguard.core.axml:getAttributeValueData:1038 - 1
2026-08-16 02:18:02.964 | DEBUG    | androguard.core.axml:getAttributeValue:1052 - 1
2026-08-16 02:18:02.964 | DEBUG    | androguard.core.axml:__init__:1195 - found an attribute: {http://schemas.android.com/apk/res/android}value='b'androidx.startup''
2026-08-16 02:18:02.964 | DEBUG    | androguard.core.axml:is_valid:575 - True
2026-08-16 02:18:02.964 | DEBUG    | androguard.core.axml:_do_next:593 - M_EVENT 2
2026-08-16 02:18:02.964 | DEBUG    | androguard.core.axml:_do_next:608 - NEXT HEADER <ARSCHeader idx='0x000065b8' type='259' header_size='16' size='24'>
2026-08-16 02:18:02.964 | DEBUG    | androguard.core.axml:__init__:1146 - DEBUG ARSC TYPE 3
2026-08-16 02:18:02.964 | DEBUG    | androguard.core.axml:is_valid:575 - True
2026-08-16 02:18:02.964 | DEBUG    | androguard.core.axml:_do_next:593 - M_EVENT 3
2026-08-16 02:18:02.964 | DEBUG    | androguard.core.axml:_do_next:608 - NEXT HEADER <ARSCHeader idx='0x000065d0' type='259' header_size='16' size='24'>
2026-08-16 02:18:02.964 | DEBUG    | androguard.core.axml:__init__:1146 - DEBUG ARSC TYPE 3
2026-08-16 02:18:02.964 | DEBUG    | androguard.core.axml:is_valid:575 - True
2026-08-16 02:18:02.964 | DEBUG    | androguard.core.axml:_do_next:593 - M_EVENT 3
2026-08-16 02:18:02.964 | DEBUG    | androguard.core.axml:_do_next:608 - NEXT HEADER <ARSCHeader idx='0x000065e8' type='258' header_size='16' size='116'>
2026-08-16 02:18:02.964 | DEBUG    | androguard.core.axml:__init__:1146 - DEBUG ARSC TYPE 2
2026-08-16 02:18:02.964 | DEBUG    | androguard.core.axml:__init__:1167 - START_TAG: service (line=145)
2026-08-16 02:18:02.964 | DEBUG    | androguard.core.axml:getAttributeNamespace:981 - 0
2026-08-16 02:18:02.964 | DEBUG    | androguard.core.axml:getAttributeUri:968 - 0
2026-08-16 02:18:02.964 | DEBUG    | androguard.core.axml:getAttributeName:997 - 0
2026-08-16 02:18:02.964 | DEBUG    | androguard.core.axml:getAttributeValueType:1027 - 0
2026-08-16 02:18:02.964 | DEBUG    | androguard.core.axml:getAttributeValueData:1038 - 0
2026-08-16 02:18:02.964 | DEBUG    | androguard.core.axml:getAttributeValue:1052 - 0
2026-08-16 02:18:02.964 | DEBUG    | androguard.core.axml:__init__:1195 - found an attribute: {http://schemas.android.com/apk/res/android}name='b'androidx.work.impl.background.systemalarm.SystemAlarmService''
2026-08-16 02:18:02.964 | DEBUG    | androguard.core.axml:getAttributeNamespace:981 - 1
2026-08-16 02:18:02.964 | DEBUG    | androguard.core.axml:getAttributeUri:968 - 1
2026-08-16 02:18:02.964 | DEBUG    | androguard.core.axml:getAttributeName:997 - 1
2026-08-16 02:18:02.964 | DEBUG    | androguard.core.axml:getAttributeValueType:1027 - 1
2026-08-16 02:18:02.964 | DEBUG    | androguard.core.axml:getAttributeValueData:1038 - 1
2026-08-16 02:18:02.964 | DEBUG    | androguard.core.axml:__init__:1195 - found an attribute: {http://schemas.android.com/apk/res/android}enabled='b'@7F040002''
2026-08-16 02:18:02.964 | DEBUG    | androguard.core.axml:getAttributeNamespace:981 - 2
2026-08-16 02:18:02.964 | DEBUG    | androguard.core.axml:getAttributeUri:968 - 2
2026-08-16 02:18:02.964 | DEBUG    | androguard.core.axml:getAttributeName:997 - 2
2026-08-16 02:18:02.964 | DEBUG    | androguard.core.axml:getAttributeValueType:1027 - 2
2026-08-16 02:18:02.964 | DEBUG    | androguard.core.axml:getAttributeValueData:1038 - 2
2026-08-16 02:18:02.964 | DEBUG    | androguard.core.axml:__init__:1195 - found an attribute: {http://schemas.android.com/apk/res/android}exported='b'false''
2026-08-16 02:18:02.964 | DEBUG    | androguard.core.axml:getAttributeNamespace:981 - 3
2026-08-16 02:18:02.964 | DEBUG    | androguard.core.axml:getAttributeUri:968 - 3
2026-08-16 02:18:02.964 | DEBUG    | androguard.core.axml:getAttributeName:997 - 3
2026-08-16 02:18:02.964 | DEBUG    | androguard.core.axml:getAttributeValueType:1027 - 3
2026-08-16 02:18:02.964 | DEBUG    | androguard.core.axml:getAttributeValueData:1038 - 3
2026-08-16 02:18:02.964 | DEBUG    | androguard.core.axml:__init__:1195 - found an attribute: {http://schemas.android.com/apk/res/android}directBootAware='b'false''
2026-08-16 02:18:02.964 | DEBUG    | androguard.core.axml:is_valid:575 - True
2026-08-16 02:18:02.964 | DEBUG    | androguard.core.axml:_do_next:593 - M_EVENT 2
2026-08-16 02:18:02.964 | DEBUG    | androguard.core.axml:_do_next:608 - NEXT HEADER <ARSCHeader idx='0x0000665c' type='259' header_size='16' size='24'>
2026-08-16 02:18:02.964 | DEBUG    | androguard.core.axml:__init__:1146 - DEBUG ARSC TYPE 3
2026-08-16 02:18:02.964 | DEBUG    | androguard.core.axml:is_valid:575 - True
2026-08-16 02:18:02.964 | DEBUG    | androguard.core.axml:_do_next:593 - M_EVENT 3
2026-08-16 02:18:02.964 | DEBUG    | androguard.core.axml:_do_next:608 - NEXT HEADER <ARSCHeader idx='0x00006674' type='258' header_size='16' size='136'>
2026-08-16 02:18:02.964 | DEBUG    | androguard.core.axml:__init__:1146 - DEBUG ARSC TYPE 2
2026-08-16 02:18:02.964 | DEBUG    | androguard.core.axml:__init__:1167 - START_TAG: service (line=146)
2026-08-16 02:18:02.964 | DEBUG    | androguard.core.axml:getAttributeNamespace:981 - 0
2026-08-16 02:18:02.964 | DEBUG    | androguard.core.axml:getAttributeUri:968 - 0
2026-08-16 02:18:02.964 | DEBUG    | androguard.core.axml:getAttributeName:997 - 0
2026-08-16 02:18:02.964 | DEBUG    | androguard.core.axml:getAttributeValueType:1027 - 0
2026-08-16 02:18:02.964 | DEBUG    | androguard.core.axml:getAttributeValueData:1038 - 0
2026-08-16 02:18:02.964 | DEBUG    | androguard.core.axml:getAttributeValue:1052 - 0
2026-08-16 02:18:02.964 | DEBUG    | androguard.core.axml:__init__:1195 - found an attribute: {http://schemas.android.com/apk/res/android}name='b'androidx.work.impl.background.systemjob.SystemJobService''
2026-08-16 02:18:02.964 | DEBUG    | androguard.core.axml:getAttributeNamespace:981 - 1
2026-08-16 02:18:02.964 | DEBUG    | androguard.core.axml:getAttributeUri:968 - 1
2026-08-16 02:18:02.964 | DEBUG    | androguard.core.axml:getAttributeName:997 - 1
2026-08-16 02:18:02.964 | DEBUG    | androguard.core.axml:getAttributeValueType:1027 - 1
2026-08-16 02:18:02.964 | DEBUG    | androguard.core.axml:getAttributeValueData:1038 - 1
2026-08-16 02:18:02.964 | DEBUG    | androguard.core.axml:getAttributeValue:1052 - 1
2026-08-16 02:18:02.964 | DEBUG    | androguard.core.axml:__init__:1195 - found an attribute: {http://schemas.android.com/apk/res/android}permission='b'android.permission.BIND_JOB_SERVICE''
2026-08-16 02:18:02.964 | DEBUG    | androguard.core.axml:getAttributeNamespace:981 - 2
2026-08-16 02:18:02.964 | DEBUG    | androguard.core.axml:getAttributeUri:968 - 2
2026-08-16 02:18:02.964 | DEBUG    | androguard.core.axml:getAttributeName:997 - 2
2026-08-16 02:18:02.964 | DEBUG    | androguard.core.axml:getAttributeValueType:1027 - 2
2026-08-16 02:18:02.964 | DEBUG    | androguard.core.axml:getAttributeValueData:1038 - 2
2026-08-16 02:18:02.964 | DEBUG    | androguard.core.axml:__init__:1195 - found an attribute: {http://schemas.android.com/apk/res/android}enabled='b'@7F040004''
2026-08-16 02:18:02.964 | DEBUG    | androguard.core.axml:getAttributeNamespace:981 - 3
2026-08-16 02:18:02.964 | DEBUG    | androguard.core.axml:getAttributeUri:968 - 3
2026-08-16 02:18:02.964 | DEBUG    | androguard.core.axml:getAttributeName:997 - 3
2026-08-16 02:18:02.964 | DEBUG    | androguard.core.axml:getAttributeValueType:1027 - 3
2026-08-16 02:18:02.964 | DEBUG    | androguard.core.axml:getAttributeValueData:1038 - 3
2026-08-16 02:18:02.964 | DEBUG    | androguard.core.axml:__init__:1195 - found an attribute: {http://schemas.android.com/apk/res/android}exported='b'true''
2026-08-16 02:18:02.964 | DEBUG    | androguard.core.axml:getAttributeNamespace:981 - 4
2026-08-16 02:18:02.964 | DEBUG    | androguard.core.axml:getAttributeUri:968 - 4
2026-08-16 02:18:02.964 | DEBUG    | androguard.core.axml:getAttributeName:997 - 4
2026-08-16 02:18:02.964 | DEBUG    | androguard.core.axml:getAttributeValueType:1027 - 4
2026-08-16 02:18:02.964 | DEBUG    | androguard.core.axml:getAttributeValueData:1038 - 4
2026-08-16 02:18:02.964 | DEBUG    | androguard.core.axml:__init__:1195 - found an attribute: {http://schemas.android.com/apk/res/android}directBootAware='b'false''
2026-08-16 02:18:02.964 | DEBUG    | androguard.core.axml:is_valid:575 - True
2026-08-16 02:18:02.964 | DEBUG    | androguard.core.axml:_do_next:593 - M_EVENT 2
2026-08-16 02:18:02.964 | DEBUG    | androguard.core.axml:_do_next:608 - NEXT HEADER <ARSCHeader idx='0x000066fc' type='259' header_size='16' size='24'>
2026-08-16 02:18:02.964 | DEBUG    | androguard.core.axml:__init__:1146 - DEBUG ARSC TYPE 3
2026-08-16 02:18:02.964 | DEBUG    | androguard.core.axml:is_valid:575 - True
2026-08-16 02:18:02.964 | DEBUG    | androguard.core.axml:_do_next:593 - M_EVENT 3
2026-08-16 02:18:02.964 | DEBUG    | androguard.core.axml:_do_next:608 - NEXT HEADER <ARSCHeader idx='0x00006714' type='258' header_size='16' size='116'>
2026-08-16 02:18:02.964 | DEBUG    | androguard.core.axml:__init__:1146 - DEBUG ARSC TYPE 2
2026-08-16 02:18:02.964 | DEBUG    | androguard.core.axml:__init__:1167 - START_TAG: service (line=147)
2026-08-16 02:18:02.965 | DEBUG    | androguard.core.axml:getAttributeNamespace:981 - 0
2026-08-16 02:18:02.965 | DEBUG    | androguard.core.axml:getAttributeUri:968 - 0
2026-08-16 02:18:02.965 | DEBUG    | androguard.core.axml:getAttributeName:997 - 0
2026-08-16 02:18:02.965 | DEBUG    | androguard.core.axml:getAttributeValueType:1027 - 0
2026-08-16 02:18:02.965 | DEBUG    | androguard.core.axml:getAttributeValueData:1038 - 0
2026-08-16 02:18:02.965 | DEBUG    | androguard.core.axml:getAttributeValue:1052 - 0
2026-08-16 02:18:02.965 | DEBUG    | androguard.core.axml:__init__:1195 - found an attribute: {http://schemas.android.com/apk/res/android}name='b'androidx.work.impl.foreground.SystemForegroundService''
2026-08-16 02:18:02.965 | DEBUG    | androguard.core.axml:getAttributeNamespace:981 - 1
2026-08-16 02:18:02.965 | DEBUG    | androguard.core.axml:getAttributeUri:968 - 1
2026-08-16 02:18:02.965 | DEBUG    | androguard.core.axml:getAttributeName:997 - 1
2026-08-16 02:18:02.965 | DEBUG    | androguard.core.axml:getAttributeValueType:1027 - 1
2026-08-16 02:18:02.965 | DEBUG    | androguard.core.axml:getAttributeValueData:1038 - 1
2026-08-16 02:18:02.965 | DEBUG    | androguard.core.axml:__init__:1195 - found an attribute: {http://schemas.android.com/apk/res/android}enabled='b'@7F040003''
2026-08-16 02:18:02.965 | DEBUG    | androguard.core.axml:getAttributeNamespace:981 - 2
2026-08-16 02:18:02.965 | DEBUG    | androguard.core.axml:getAttributeUri:968 - 2
2026-08-16 02:18:02.965 | DEBUG    | androguard.core.axml:getAttributeName:997 - 2
2026-08-16 02:18:02.965 | DEBUG    | androguard.core.axml:getAttributeValueType:1027 - 2
2026-08-16 02:18:02.965 | DEBUG    | androguard.core.axml:getAttributeValueData:1038 - 2
2026-08-16 02:18:02.965 | DEBUG    | androguard.core.axml:__init__:1195 - found an attribute: {http://schemas.android.com/apk/res/android}exported='b'false''
2026-08-16 02:18:02.965 | DEBUG    | androguard.core.axml:getAttributeNamespace:981 - 3
2026-08-16 02:18:02.965 | DEBUG    | androguard.core.axml:getAttributeUri:968 - 3
2026-08-16 02:18:02.965 | DEBUG    | androguard.core.axml:getAttributeName:997 - 3
2026-08-16 02:18:02.965 | DEBUG    | androguard.core.axml:getAttributeValueType:1027 - 3
2026-08-16 02:18:02.965 | DEBUG    | androguard.core.axml:getAttributeValueData:1038 - 3
2026-08-16 02:18:02.965 | DEBUG    | androguard.core.axml:__init__:1195 - found an attribute: {http://schemas.android.com/apk/res/android}directBootAware='b'false''
2026-08-16 02:18:02.965 | DEBUG    | androguard.core.axml:is_valid:575 - True
2026-08-16 02:18:02.965 | DEBUG    | androguard.core.axml:_do_next:593 - M_EVENT 2
2026-08-16 02:18:02.965 | DEBUG    | androguard.core.axml:_do_next:608 - NEXT HEADER <ARSCHeader idx='0x00006788' type='259' header_size='16' size='24'>
2026-08-16 02:18:02.965 | DEBUG    | androguard.core.axml:__init__:1146 - DEBUG ARSC TYPE 3
2026-08-16 02:18:02.965 | DEBUG    | androguard.core.axml:is_valid:575 - True
2026-08-16 02:18:02.965 | DEBUG    | androguard.core.axml:_do_next:593 - M_EVENT 3
2026-08-16 02:18:02.965 | DEBUG    | androguard.core.axml:_do_next:608 - NEXT HEADER <ARSCHeader idx='0x000067a0' type='258' header_size='16' size='116'>
2026-08-16 02:18:02.965 | DEBUG    | androguard.core.axml:__init__:1146 - DEBUG ARSC TYPE 2
2026-08-16 02:18:02.965 | DEBUG    | androguard.core.axml:__init__:1167 - START_TAG: receiver (line=148)
2026-08-16 02:18:02.965 | DEBUG    | androguard.core.axml:getAttributeNamespace:981 - 0
2026-08-16 02:18:02.965 | DEBUG    | androguard.core.axml:getAttributeUri:968 - 0
2026-08-16 02:18:02.965 | DEBUG    | androguard.core.axml:getAttributeName:997 - 0
2026-08-16 02:18:02.965 | DEBUG    | androguard.core.axml:getAttributeValueType:1027 - 0
2026-08-16 02:18:02.965 | DEBUG    | androguard.core.axml:getAttributeValueData:1038 - 0
2026-08-16 02:18:02.965 | DEBUG    | androguard.core.axml:getAttributeValue:1052 - 0
2026-08-16 02:18:02.965 | DEBUG    | androguard.core.axml:__init__:1195 - found an attribute: {http://schemas.android.com/apk/res/android}name='b'androidx.work.impl.utils.ForceStopRunnable$BroadcastReceiver''
2026-08-16 02:18:02.965 | DEBUG    | androguard.core.axml:getAttributeNamespace:981 - 1
2026-08-16 02:18:02.965 | DEBUG    | androguard.core.axml:getAttributeUri:968 - 1
2026-08-16 02:18:02.965 | DEBUG    | androguard.core.axml:getAttributeName:997 - 1
2026-08-16 02:18:02.965 | DEBUG    | androguard.core.axml:getAttributeValueType:1027 - 1
2026-08-16 02:18:02.965 | DEBUG    | androguard.core.axml:getAttributeValueData:1038 - 1
2026-08-16 02:18:02.965 | DEBUG    | androguard.core.axml:__init__:1195 - found an attribute: {http://schemas.android.com/apk/res/android}enabled='b'true''
2026-08-16 02:18:02.965 | DEBUG    | androguard.core.axml:getAttributeNamespace:981 - 2
2026-08-16 02:18:02.965 | DEBUG    | androguard.core.axml:getAttributeUri:968 - 2
2026-08-16 02:18:02.965 | DEBUG    | androguard.core.axml:getAttributeName:997 - 2
2026-08-16 02:18:02.965 | DEBUG    | androguard.core.axml:getAttributeValueType:1027 - 2
2026-08-16 02:18:02.965 | DEBUG    | androguard.core.axml:getAttributeValueData:1038 - 2
2026-08-16 02:18:02.965 | DEBUG    | androguard.core.axml:__init__:1195 - found an attribute: {http://schemas.android.com/apk/res/android}exported='b'false''
2026-08-16 02:18:02.965 | DEBUG    | androguard.core.axml:getAttributeNamespace:981 - 3
2026-08-16 02:18:02.965 | DEBUG    | androguard.core.axml:getAttributeUri:968 - 3
2026-08-16 02:18:02.965 | DEBUG    | androguard.core.axml:getAttributeName:997 - 3
2026-08-16 02:18:02.965 | DEBUG    | androguard.core.axml:getAttributeValueType:1027 - 3
2026-08-16 02:18:02.965 | DEBUG    | androguard.core.axml:getAttributeValueData:1038 - 3
2026-08-16 02:18:02.965 | DEBUG    | androguard.core.axml:__init__:1195 - found an attribute: {http://schemas.android.com/apk/res/android}directBootAware='b'false''
2026-08-16 02:18:02.965 | DEBUG    | androguard.core.axml:is_valid:575 - True
2026-08-16 02:18:02.965 | DEBUG    | androguard.core.axml:_do_next:593 - M_EVENT 2
2026-08-16 02:18:02.965 | DEBUG    | androguard.core.axml:_do_next:608 - NEXT HEADER <ARSCHeader idx='0x00006814' type='259' header_size='16' size='24'>
2026-08-16 02:18:02.965 | DEBUG    | androguard.core.axml:__init__:1146 - DEBUG ARSC TYPE 3
2026-08-16 02:18:02.965 | DEBUG    | androguard.core.axml:is_valid:575 - True
2026-08-16 02:18:02.965 | DEBUG    | androguard.core.axml:_do_next:593 - M_EVENT 3
2026-08-16 02:18:02.965 | DEBUG    | androguard.core.axml:_do_next:608 - NEXT HEADER <ARSCHeader idx='0x0000682c' type='258' header_size='16' size='116'>
2026-08-16 02:18:02.965 | DEBUG    | androguard.core.axml:__init__:1146 - DEBUG ARSC TYPE 2
2026-08-16 02:18:02.965 | DEBUG    | androguard.core.axml:__init__:1167 - START_TAG: receiver (line=149)
2026-08-16 02:18:02.965 | DEBUG    | androguard.core.axml:getAttributeNamespace:981 - 0
2026-08-16 02:18:02.965 | DEBUG    | androguard.core.axml:getAttributeUri:968 - 0
2026-08-16 02:18:02.965 | DEBUG    | androguard.core.axml:getAttributeName:997 - 0
2026-08-16 02:18:02.965 | DEBUG    | androguard.core.axml:getAttributeValueType:1027 - 0
2026-08-16 02:18:02.965 | DEBUG    | androguard.core.axml:getAttributeValueData:1038 - 0
2026-08-16 02:18:02.965 | DEBUG    | androguard.core.axml:getAttributeValue:1052 - 0
2026-08-16 02:18:02.965 | DEBUG    | androguard.core.axml:__init__:1195 - found an attribute: {http://schemas.android.com/apk/res/android}name='b'androidx.work.impl.background.systemalarm.ConstraintProxy$BatteryChargingProxy''
2026-08-16 02:18:02.965 | DEBUG    | androguard.core.axml:getAttributeNamespace:981 - 1
2026-08-16 02:18:02.965 | DEBUG    | androguard.core.axml:getAttributeUri:968 - 1
2026-08-16 02:18:02.965 | DEBUG    | androguard.core.axml:getAttributeName:997 - 1
2026-08-16 02:18:02.965 | DEBUG    | androguard.core.axml:getAttributeValueType:1027 - 1
2026-08-16 02:18:02.965 | DEBUG    | androguard.core.axml:getAttributeValueData:1038 - 1
2026-08-16 02:18:02.965 | DEBUG    | androguard.core.axml:__init__:1195 - found an attribute: {http://schemas.android.com/apk/res/android}enabled='b'false''
2026-08-16 02:18:02.965 | DEBUG    | androguard.core.axml:getAttributeNamespace:981 - 2
2026-08-16 02:18:02.965 | DEBUG    | androguard.core.axml:getAttributeUri:968 - 2
2026-08-16 02:18:02.965 | DEBUG    | androguard.core.axml:getAttributeName:997 - 2
2026-08-16 02:18:02.965 | DEBUG    | androguard.core.axml:getAttributeValueType:1027 - 2
2026-08-16 02:18:02.965 | DEBUG    | androguard.core.axml:getAttributeValueData:1038 - 2
2026-08-16 02:18:02.965 | DEBUG    | androguard.core.axml:__init__:1195 - found an attribute: {http://schemas.android.com/apk/res/android}exported='b'false''
2026-08-16 02:18:02.965 | DEBUG    | androguard.core.axml:getAttributeNamespace:981 - 3
2026-08-16 02:18:02.965 | DEBUG    | androguard.core.axml:getAttributeUri:968 - 3
2026-08-16 02:18:02.965 | DEBUG    | androguard.core.axml:getAttributeName:997 - 3
2026-08-16 02:18:02.965 | DEBUG    | androguard.core.axml:getAttributeValueType:1027 - 3
2026-08-16 02:18:02.965 | DEBUG    | androguard.core.axml:getAttributeValueData:1038 - 3
2026-08-16 02:18:02.965 | DEBUG    | androguard.core.axml:__init__:1195 - found an attribute: {http://schemas.android.com/apk/res/android}directBootAware='b'false''
2026-08-16 02:18:02.965 | DEBUG    | androguard.core.axml:is_valid:575 - True
2026-08-16 02:18:02.965 | DEBUG    | androguard.core.axml:_do_next:593 - M_EVENT 2
2026-08-16 02:18:02.965 | DEBUG    | androguard.core.axml:_do_next:608 - NEXT HEADER <ARSCHeader idx='0x000068a0' type='258' header_size='16' size='36'>
2026-08-16 02:18:02.965 | DEBUG    | androguard.core.axml:__init__:1146 - DEBUG ARSC TYPE 2
2026-08-16 02:18:02.965 | DEBUG    | androguard.core.axml:__init__:1167 - START_TAG: intent-filter (line=150)
2026-08-16 02:18:02.965 | DEBUG    | androguard.core.axml:is_valid:575 - True
2026-08-16 02:18:02.965 | DEBUG    | androguard.core.axml:_do_next:593 - M_EVENT 2
2026-08-16 02:18:02.965 | DEBUG    | androguard.core.axml:_do_next:608 - NEXT HEADER <ARSCHeader idx='0x000068c4' type='258' header_size='16' size='56'>
2026-08-16 02:18:02.965 | DEBUG    | androguard.core.axml:__init__:1146 - DEBUG ARSC TYPE 2
2026-08-16 02:18:02.965 | DEBUG    | androguard.core.axml:__init__:1167 - START_TAG: action (line=151)
2026-08-16 02:18:02.965 | DEBUG    | androguard.core.axml:getAttributeNamespace:981 - 0
2026-08-16 02:18:02.965 | DEBUG    | androguard.core.axml:getAttributeUri:968 - 0
2026-08-16 02:18:02.965 | DEBUG    | androguard.core.axml:getAttributeName:997 - 0
2026-08-16 02:18:02.965 | DEBUG    | androguard.core.axml:getAttributeValueType:1027 - 0
2026-08-16 02:18:02.965 | DEBUG    | androguard.core.axml:getAttributeValueData:1038 - 0
2026-08-16 02:18:02.965 | DEBUG    | androguard.core.axml:getAttributeValue:1052 - 0
2026-08-16 02:18:02.965 | DEBUG    | androguard.core.axml:__init__:1195 - found an attribute: {http://schemas.android.com/apk/res/android}name='b'android.intent.action.ACTION_POWER_CONNECTED''
2026-08-16 02:18:02.965 | DEBUG    | androguard.core.axml:is_valid:575 - True
2026-08-16 02:18:02.965 | DEBUG    | androguard.core.axml:_do_next:593 - M_EVENT 2
2026-08-16 02:18:02.965 | DEBUG    | androguard.core.axml:_do_next:608 - NEXT HEADER <ARSCHeader idx='0x000068fc' type='259' header_size='16' size='24'>
2026-08-16 02:18:02.965 | DEBUG    | androguard.core.axml:__init__:1146 - DEBUG ARSC TYPE 3
2026-08-16 02:18:02.965 | DEBUG    | androguard.core.axml:is_valid:575 - True
2026-08-16 02:18:02.965 | DEBUG    | androguard.core.axml:_do_next:593 - M_EVENT 3
2026-08-16 02:18:02.965 | DEBUG    | androguard.core.axml:_do_next:608 - NEXT HEADER <ARSCHeader idx='0x00006914' type='258' header_size='16' size='56'>
2026-08-16 02:18:02.965 | DEBUG    | androguard.core.axml:__init__:1146 - DEBUG ARSC TYPE 2
2026-08-16 02:18:02.965 | DEBUG    | androguard.core.axml:__init__:1167 - START_TAG: action (line=152)
2026-08-16 02:18:02.966 | DEBUG    | androguard.core.axml:getAttributeNamespace:981 - 0
2026-08-16 02:18:02.966 | DEBUG    | androguard.core.axml:getAttributeUri:968 - 0
2026-08-16 02:18:02.966 | DEBUG    | androguard.core.axml:getAttributeName:997 - 0
2026-08-16 02:18:02.966 | DEBUG    | androguard.core.axml:getAttributeValueType:1027 - 0
2026-08-16 02:18:02.966 | DEBUG    | androguard.core.axml:getAttributeValueData:1038 - 0
2026-08-16 02:18:02.966 | DEBUG    | androguard.core.axml:getAttributeValue:1052 - 0
2026-08-16 02:18:02.966 | DEBUG    | androguard.core.axml:__init__:1195 - found an attribute: {http://schemas.android.com/apk/res/android}name='b'android.intent.action.ACTION_POWER_DISCONNECTED''
2026-08-16 02:18:02.966 | DEBUG    | androguard.core.axml:is_valid:575 - True
2026-08-16 02:18:02.966 | DEBUG    | androguard.core.axml:_do_next:593 - M_EVENT 2
2026-08-16 02:18:02.966 | DEBUG    | androguard.core.axml:_do_next:608 - NEXT HEADER <ARSCHeader idx='0x0000694c' type='259' header_size='16' size='24'>
2026-08-16 02:18:02.966 | DEBUG    | androguard.core.axml:__init__:1146 - DEBUG ARSC TYPE 3
2026-08-16 02:18:02.966 | DEBUG    | androguard.core.axml:is_valid:575 - True
2026-08-16 02:18:02.966 | DEBUG    | androguard.core.axml:_do_next:593 - M_EVENT 3
2026-08-16 02:18:02.966 | DEBUG    | androguard.core.axml:_do_next:608 - NEXT HEADER <ARSCHeader idx='0x00006964' type='259' header_size='16' size='24'>
2026-08-16 02:18:02.966 | DEBUG    | androguard.core.axml:__init__:1146 - DEBUG ARSC TYPE 3
2026-08-16 02:18:02.966 | DEBUG    | androguard.core.axml:is_valid:575 - True
2026-08-16 02:18:02.966 | DEBUG    | androguard.core.axml:_do_next:593 - M_EVENT 3
2026-08-16 02:18:02.966 | DEBUG    | androguard.core.axml:_do_next:608 - NEXT HEADER <ARSCHeader idx='0x0000697c' type='259' header_size='16' size='24'>
2026-08-16 02:18:02.966 | DEBUG    | androguard.core.axml:__init__:1146 - DEBUG ARSC TYPE 3
2026-08-16 02:18:02.966 | DEBUG    | androguard.core.axml:is_valid:575 - True
2026-08-16 02:18:02.966 | DEBUG    | androguard.core.axml:_do_next:593 - M_EVENT 3
2026-08-16 02:18:02.966 | DEBUG    | androguard.core.axml:_do_next:608 - NEXT HEADER <ARSCHeader idx='0x00006994' type='258' header_size='16' size='116'>
2026-08-16 02:18:02.966 | DEBUG    | androguard.core.axml:__init__:1146 - DEBUG ARSC TYPE 2
2026-08-16 02:18:02.966 | DEBUG    | androguard.core.axml:__init__:1167 - START_TAG: receiver (line=155)
2026-08-16 02:18:02.966 | DEBUG    | androguard.core.axml:getAttributeNamespace:981 - 0
2026-08-16 02:18:02.966 | DEBUG    | androguard.core.axml:getAttributeUri:968 - 0
2026-08-16 02:18:02.966 | DEBUG    | androguard.core.axml:getAttributeName:997 - 0
2026-08-16 02:18:02.966 | DEBUG    | androguard.core.axml:getAttributeValueType:1027 - 0
2026-08-16 02:18:02.966 | DEBUG    | androguard.core.axml:getAttributeValueData:1038 - 0
2026-08-16 02:18:02.966 | DEBUG    | androguard.core.axml:getAttributeValue:1052 - 0
2026-08-16 02:18:02.966 | DEBUG    | androguard.core.axml:__init__:1195 - found an attribute: {http://schemas.android.com/apk/res/android}name='b'androidx.work.impl.background.systemalarm.ConstraintProxy$BatteryNotLowProxy''
2026-08-16 02:18:02.966 | DEBUG    | androguard.core.axml:getAttributeNamespace:981 - 1
2026-08-16 02:18:02.966 | DEBUG    | androguard.core.axml:getAttributeUri:968 - 1
2026-08-16 02:18:02.966 | DEBUG    | androguard.core.axml:getAttributeName:997 - 1
2026-08-16 02:18:02.966 | DEBUG    | androguard.core.axml:getAttributeValueType:1027 - 1
2026-08-16 02:18:02.966 | DEBUG    | androguard.core.axml:getAttributeValueData:1038 - 1
2026-08-16 02:18:02.966 | DEBUG    | androguard.core.axml:__init__:1195 - found an attribute: {http://schemas.android.com/apk/res/android}enabled='b'false''
2026-08-16 02:18:02.966 | DEBUG    | androguard.core.axml:getAttributeNamespace:981 - 2
2026-08-16 02:18:02.966 | DEBUG    | androguard.core.axml:getAttributeUri:968 - 2
2026-08-16 02:18:02.966 | DEBUG    | androguard.core.axml:getAttributeName:997 - 2
2026-08-16 02:18:02.966 | DEBUG    | androguard.core.axml:getAttributeValueType:1027 - 2
2026-08-16 02:18:02.966 | DEBUG    | androguard.core.axml:getAttributeValueData:1038 - 2
2026-08-16 02:18:02.966 | DEBUG    | androguard.core.axml:__init__:1195 - found an attribute: {http://schemas.android.com/apk/res/android}exported='b'false''
2026-08-16 02:18:02.966 | DEBUG    | androguard.core.axml:getAttributeNamespace:981 - 3
2026-08-16 02:18:02.966 | DEBUG    | androguard.core.axml:getAttributeUri:968 - 3
2026-08-16 02:18:02.966 | DEBUG    | androguard.core.axml:getAttributeName:997 - 3
2026-08-16 02:18:02.966 | DEBUG    | androguard.core.axml:getAttributeValueType:1027 - 3
2026-08-16 02:18:02.966 | DEBUG    | androguard.core.axml:getAttributeValueData:1038 - 3
2026-08-16 02:18:02.966 | DEBUG    | androguard.core.axml:__init__:1195 - found an attribute: {http://schemas.android.com/apk/res/android}directBootAware='b'false''
2026-08-16 02:18:02.966 | DEBUG    | androguard.core.axml:is_valid:575 - True
2026-08-16 02:18:02.966 | DEBUG    | androguard.core.axml:_do_next:593 - M_EVENT 2
2026-08-16 02:18:02.966 | DEBUG    | androguard.core.axml:_do_next:608 - NEXT HEADER <ARSCHeader idx='0x00006a08' type='258' header_size='16' size='36'>
2026-08-16 02:18:02.966 | DEBUG    | androguard.core.axml:__init__:1146 - DEBUG ARSC TYPE 2
2026-08-16 02:18:02.966 | DEBUG    | androguard.core.axml:__init__:1167 - START_TAG: intent-filter (line=156)
2026-08-16 02:18:02.966 | DEBUG    | androguard.core.axml:is_valid:575 - True
2026-08-16 02:18:02.966 | DEBUG    | androguard.core.axml:_do_next:593 - M_EVENT 2
2026-08-16 02:18:02.966 | DEBUG    | androguard.core.axml:_do_next:608 - NEXT HEADER <ARSCHeader idx='0x00006a2c' type='258' header_size='16' size='56'>
2026-08-16 02:18:02.966 | DEBUG    | androguard.core.axml:__init__:1146 - DEBUG ARSC TYPE 2
2026-08-16 02:18:02.966 | DEBUG    | androguard.core.axml:__init__:1167 - START_TAG: action (line=157)
2026-08-16 02:18:02.966 | DEBUG    | androguard.core.axml:getAttributeNamespace:981 - 0
2026-08-16 02:18:02.966 | DEBUG    | androguard.core.axml:getAttributeUri:968 - 0
2026-08-16 02:18:02.966 | DEBUG    | androguard.core.axml:getAttributeName:997 - 0
2026-08-16 02:18:02.966 | DEBUG    | androguard.core.axml:getAttributeValueType:1027 - 0
2026-08-16 02:18:02.966 | DEBUG    | androguard.core.axml:getAttributeValueData:1038 - 0
2026-08-16 02:18:02.966 | DEBUG    | androguard.core.axml:getAttributeValue:1052 - 0
2026-08-16 02:18:02.966 | DEBUG    | androguard.core.axml:__init__:1195 - found an attribute: {http://schemas.android.com/apk/res/android}name='b'android.intent.action.BATTERY_OKAY''
2026-08-16 02:18:02.966 | DEBUG    | androguard.core.axml:is_valid:575 - True
2026-08-16 02:18:02.966 | DEBUG    | androguard.core.axml:_do_next:593 - M_EVENT 2
2026-08-16 02:18:02.966 | DEBUG    | androguard.core.axml:_do_next:608 - NEXT HEADER <ARSCHeader idx='0x00006a64' type='259' header_size='16' size='24'>
2026-08-16 02:18:02.966 | DEBUG    | androguard.core.axml:__init__:1146 - DEBUG ARSC TYPE 3
2026-08-16 02:18:02.966 | DEBUG    | androguard.core.axml:is_valid:575 - True
2026-08-16 02:18:02.966 | DEBUG    | androguard.core.axml:_do_next:593 - M_EVENT 3
2026-08-16 02:18:02.966 | DEBUG    | androguard.core.axml:_do_next:608 - NEXT HEADER <ARSCHeader idx='0x00006a7c' type='258' header_size='16' size='56'>
2026-08-16 02:18:02.966 | DEBUG    | androguard.core.axml:__init__:1146 - DEBUG ARSC TYPE 2
2026-08-16 02:18:02.966 | DEBUG    | androguard.core.axml:__init__:1167 - START_TAG: action (line=158)
2026-08-16 02:18:02.966 | DEBUG    | androguard.core.axml:getAttributeNamespace:981 - 0
2026-08-16 02:18:02.966 | DEBUG    | androguard.core.axml:getAttributeUri:968 - 0
2026-08-16 02:18:02.966 | DEBUG    | androguard.core.axml:getAttributeName:997 - 0
2026-08-16 02:18:02.966 | DEBUG    | androguard.core.axml:getAttributeValueType:1027 - 0
2026-08-16 02:18:02.966 | DEBUG    | androguard.core.axml:getAttributeValueData:1038 - 0
2026-08-16 02:18:02.966 | DEBUG    | androguard.core.axml:getAttributeValue:1052 - 0
2026-08-16 02:18:02.966 | DEBUG    | androguard.core.axml:__init__:1195 - found an attribute: {http://schemas.android.com/apk/res/android}name='b'android.intent.action.BATTERY_LOW''
2026-08-16 02:18:02.966 | DEBUG    | androguard.core.axml:is_valid:575 - True
2026-08-16 02:18:02.966 | DEBUG    | androguard.core.axml:_do_next:593 - M_EVENT 2
2026-08-16 02:18:02.966 | DEBUG    | androguard.core.axml:_do_next:608 - NEXT HEADER <ARSCHeader idx='0x00006ab4' type='259' header_size='16' size='24'>
2026-08-16 02:18:02.966 | DEBUG    | androguard.core.axml:__init__:1146 - DEBUG ARSC TYPE 3
2026-08-16 02:18:02.966 | DEBUG    | androguard.core.axml:is_valid:575 - True
2026-08-16 02:18:02.966 | DEBUG    | androguard.core.axml:_do_next:593 - M_EVENT 3
2026-08-16 02:18:02.966 | DEBUG    | androguard.core.axml:_do_next:608 - NEXT HEADER <ARSCHeader idx='0x00006acc' type='259' header_size='16' size='24'>
2026-08-16 02:18:02.966 | DEBUG    | androguard.core.axml:__init__:1146 - DEBUG ARSC TYPE 3
2026-08-16 02:18:02.966 | DEBUG    | androguard.core.axml:is_valid:575 - True
2026-08-16 02:18:02.966 | DEBUG    | androguard.core.axml:_do_next:593 - M_EVENT 3
2026-08-16 02:18:02.966 | DEBUG    | androguard.core.axml:_do_next:608 - NEXT HEADER <ARSCHeader idx='0x00006ae4' type='259' header_size='16' size='24'>
2026-08-16 02:18:02.966 | DEBUG    | androguard.core.axml:__init__:1146 - DEBUG ARSC TYPE 3
2026-08-16 02:18:02.966 | DEBUG    | androguard.core.axml:is_valid:575 - True
2026-08-16 02:18:02.966 | DEBUG    | androguard.core.axml:_do_next:593 - M_EVENT 3
2026-08-16 02:18:02.966 | DEBUG    | androguard.core.axml:_do_next:608 - NEXT HEADER <ARSCHeader idx='0x00006afc' type='258' header_size='16' size='116'>
2026-08-16 02:18:02.967 | DEBUG    | androguard.core.axml:__init__:1146 - DEBUG ARSC TYPE 2
2026-08-16 02:18:02.967 | DEBUG    | androguard.core.axml:__init__:1167 - START_TAG: receiver (line=161)
2026-08-16 02:18:02.967 | DEBUG    | androguard.core.axml:getAttributeNamespace:981 - 0
2026-08-16 02:18:02.967 | DEBUG    | androguard.core.axml:getAttributeUri:968 - 0
2026-08-16 02:18:02.967 | DEBUG    | androguard.core.axml:getAttributeName:997 - 0
2026-08-16 02:18:02.967 | DEBUG    | androguard.core.axml:getAttributeValueType:1027 - 0
2026-08-16 02:18:02.967 | DEBUG    | androguard.core.axml:getAttributeValueData:1038 - 0
2026-08-16 02:18:02.967 | DEBUG    | androguard.core.axml:getAttributeValue:1052 - 0
2026-08-16 02:18:02.967 | DEBUG    | androguard.core.axml:__init__:1195 - found an attribute: {http://schemas.android.com/apk/res/android}name='b'androidx.work.impl.background.systemalarm.ConstraintProxy$StorageNotLowProxy''
2026-08-16 02:18:02.967 | DEBUG    | androguard.core.axml:getAttributeNamespace:981 - 1
2026-08-16 02:18:02.967 | DEBUG    | androguard.core.axml:getAttributeUri:968 - 1
2026-08-16 02:18:02.967 | DEBUG    | androguard.core.axml:getAttributeName:997 - 1
2026-08-16 02:18:02.967 | DEBUG    | androguard.core.axml:getAttributeValueType:1027 - 1
2026-08-16 02:18:02.967 | DEBUG    | androguard.core.axml:getAttributeValueData:1038 - 1
2026-08-16 02:18:02.967 | DEBUG    | androguard.core.axml:__init__:1195 - found an attribute: {http://schemas.android.com/apk/res/android}enabled='b'false''
2026-08-16 02:18:02.967 | DEBUG    | androguard.core.axml:getAttributeNamespace:981 - 2
2026-08-16 02:18:02.967 | DEBUG    | androguard.core.axml:getAttributeUri:968 - 2
2026-08-16 02:18:02.967 | DEBUG    | androguard.core.axml:getAttributeName:997 - 2
2026-08-16 02:18:02.967 | DEBUG    | androguard.core.axml:getAttributeValueType:1027 - 2
2026-08-16 02:18:02.967 | DEBUG    | androguard.core.axml:getAttributeValueData:1038 - 2
2026-08-16 02:18:02.967 | DEBUG    | androguard.core.axml:__init__:1195 - found an attribute: {http://schemas.android.com/apk/res/android}exported='b'false''
2026-08-16 02:18:02.967 | DEBUG    | androguard.core.axml:getAttributeNamespace:981 - 3
2026-08-16 02:18:02.967 | DEBUG    | androguard.core.axml:getAttributeUri:968 - 3
2026-08-16 02:18:02.967 | DEBUG    | androguard.core.axml:getAttributeName:997 - 3
2026-08-16 02:18:02.967 | DEBUG    | androguard.core.axml:getAttributeValueType:1027 - 3
2026-08-16 02:18:02.967 | DEBUG    | androguard.core.axml:getAttributeValueData:1038 - 3
2026-08-16 02:18:02.967 | DEBUG    | androguard.core.axml:__init__:1195 - found an attribute: {http://schemas.android.com/apk/res/android}directBootAware='b'false''
2026-08-16 02:18:02.967 | DEBUG    | androguard.core.axml:is_valid:575 - True
2026-08-16 02:18:02.967 | DEBUG    | androguard.core.axml:_do_next:593 - M_EVENT 2
2026-08-16 02:18:02.967 | DEBUG    | androguard.core.axml:_do_next:608 - NEXT HEADER <ARSCHeader idx='0x00006b70' type='258' header_size='16' size='36'>
2026-08-16 02:18:02.967 | DEBUG    | androguard.core.axml:__init__:1146 - DEBUG ARSC TYPE 2
2026-08-16 02:18:02.967 | DEBUG    | androguard.core.axml:__init__:1167 - START_TAG: intent-filter (line=162)
2026-08-16 02:18:02.967 | DEBUG    | androguard.core.axml:is_valid:575 - True
2026-08-16 02:18:02.967 | DEBUG    | androguard.core.axml:_do_next:593 - M_EVENT 2
2026-08-16 02:18:02.967 | DEBUG    | androguard.core.axml:_do_next:608 - NEXT HEADER <ARSCHeader idx='0x00006b94' type='258' header_size='16' size='56'>
2026-08-16 02:18:02.967 | DEBUG    | androguard.core.axml:__init__:1146 - DEBUG ARSC TYPE 2
2026-08-16 02:18:02.967 | DEBUG    | androguard.core.axml:__init__:1167 - START_TAG: action (line=163)
2026-08-16 02:18:02.967 | DEBUG    | androguard.core.axml:getAttributeNamespace:981 - 0
2026-08-16 02:18:02.967 | DEBUG    | androguard.core.axml:getAttributeUri:968 - 0
2026-08-16 02:18:02.967 | DEBUG    | androguard.core.axml:getAttributeName:997 - 0
2026-08-16 02:18:02.967 | DEBUG    | androguard.core.axml:getAttributeValueType:1027 - 0
2026-08-16 02:18:02.967 | DEBUG    | androguard.core.axml:getAttributeValueData:1038 - 0
2026-08-16 02:18:02.967 | DEBUG    | androguard.core.axml:getAttributeValue:1052 - 0
2026-08-16 02:18:02.967 | DEBUG    | androguard.core.axml:__init__:1195 - found an attribute: {http://schemas.android.com/apk/res/android}name='b'android.intent.action.DEVICE_STORAGE_LOW''
2026-08-16 02:18:02.967 | DEBUG    | androguard.core.axml:is_valid:575 - True
2026-08-16 02:18:02.967 | DEBUG    | androguard.core.axml:_do_next:593 - M_EVENT 2
2026-08-16 02:18:02.967 | DEBUG    | androguard.core.axml:_do_next:608 - NEXT HEADER <ARSCHeader idx='0x00006bcc' type='259' header_size='16' size='24'>
2026-08-16 02:18:02.967 | DEBUG    | androguard.core.axml:__init__:1146 - DEBUG ARSC TYPE 3
2026-08-16 02:18:02.967 | DEBUG    | androguard.core.axml:is_valid:575 - True
2026-08-16 02:18:02.967 | DEBUG    | androguard.core.axml:_do_next:593 - M_EVENT 3
2026-08-16 02:18:02.967 | DEBUG    | androguard.core.axml:_do_next:608 - NEXT HEADER <ARSCHeader idx='0x00006be4' type='258' header_size='16' size='56'>
2026-08-16 02:18:02.967 | DEBUG    | androguard.core.axml:__init__:1146 - DEBUG ARSC TYPE 2
2026-08-16 02:18:02.967 | DEBUG    | androguard.core.axml:__init__:1167 - START_TAG: action (line=164)
2026-08-16 02:18:02.967 | DEBUG    | androguard.core.axml:getAttributeNamespace:981 - 0
2026-08-16 02:18:02.967 | DEBUG    | androguard.core.axml:getAttributeUri:968 - 0
2026-08-16 02:18:02.967 | DEBUG    | androguard.core.axml:getAttributeName:997 - 0
2026-08-16 02:18:02.967 | DEBUG    | androguard.core.axml:getAttributeValueType:1027 - 0
2026-08-16 02:18:02.967 | DEBUG    | androguard.core.axml:getAttributeValueData:1038 - 0
2026-08-16 02:18:02.967 | DEBUG    | androguard.core.axml:getAttributeValue:1052 - 0
2026-08-16 02:18:02.967 | DEBUG    | androguard.core.axml:__init__:1195 - found an attribute: {http://schemas.android.com/apk/res/android}name='b'android.intent.action.DEVICE_STORAGE_OK''
2026-08-16 02:18:02.967 | DEBUG    | androguard.core.axml:is_valid:575 - True
2026-08-16 02:18:02.967 | DEBUG    | androguard.core.axml:_do_next:593 - M_EVENT 2
2026-08-16 02:18:02.967 | DEBUG    | androguard.core.axml:_do_next:608 - NEXT HEADER <ARSCHeader idx='0x00006c1c' type='259' header_size='16' size='24'>
2026-08-16 02:18:02.967 | DEBUG    | androguard.core.axml:__init__:1146 - DEBUG ARSC TYPE 3
2026-08-16 02:18:02.967 | DEBUG    | androguard.core.axml:is_valid:575 - True
2026-08-16 02:18:02.967 | DEBUG    | androguard.core.axml:_do_next:593 - M_EVENT 3
2026-08-16 02:18:02.967 | DEBUG    | androguard.core.axml:_do_next:608 - NEXT HEADER <ARSCHeader idx='0x00006c34' type='259' header_size='16' size='24'>
2026-08-16 02:18:02.967 | DEBUG    | androguard.core.axml:__init__:1146 - DEBUG ARSC TYPE 3
2026-08-16 02:18:02.967 | DEBUG    | androguard.core.axml:is_valid:575 - True
2026-08-16 02:18:02.967 | DEBUG    | androguard.core.axml:_do_next:593 - M_EVENT 3
2026-08-16 02:18:02.967 | DEBUG    | androguard.core.axml:_do_next:608 - NEXT HEADER <ARSCHeader idx='0x00006c4c' type='259' header_size='16' size='24'>
2026-08-16 02:18:02.967 | DEBUG    | androguard.core.axml:__init__:1146 - DEBUG ARSC TYPE 3
2026-08-16 02:18:02.967 | DEBUG    | androguard.core.axml:is_valid:575 - True
2026-08-16 02:18:02.967 | DEBUG    | androguard.core.axml:_do_next:593 - M_EVENT 3
2026-08-16 02:18:02.967 | DEBUG    | androguard.core.axml:_do_next:608 - NEXT HEADER <ARSCHeader idx='0x00006c64' type='258' header_size='16' size='116'>
2026-08-16 02:18:02.967 | DEBUG    | androguard.core.axml:__init__:1146 - DEBUG ARSC TYPE 2
2026-08-16 02:18:02.967 | DEBUG    | androguard.core.axml:__init__:1167 - START_TAG: receiver (line=167)
2026-08-16 02:18:02.967 | DEBUG    | androguard.core.axml:getAttributeNamespace:981 - 0
2026-08-16 02:18:02.967 | DEBUG    | androguard.core.axml:getAttributeUri:968 - 0
2026-08-16 02:18:02.967 | DEBUG    | androguard.core.axml:getAttributeName:997 - 0
2026-08-16 02:18:02.967 | DEBUG    | androguard.core.axml:getAttributeValueType:1027 - 0
2026-08-16 02:18:02.967 | DEBUG    | androguard.core.axml:getAttributeValueData:1038 - 0
2026-08-16 02:18:02.967 | DEBUG    | androguard.core.axml:getAttributeValue:1052 - 0
2026-08-16 02:18:02.967 | DEBUG    | androguard.core.axml:__init__:1195 - found an attribute: {http://schemas.android.com/apk/res/android}name='b'androidx.work.impl.background.systemalarm.ConstraintProxy$NetworkStateProxy''
2026-08-16 02:18:02.967 | DEBUG    | androguard.core.axml:getAttributeNamespace:981 - 1
2026-08-16 02:18:02.967 | DEBUG    | androguard.core.axml:getAttributeUri:968 - 1
2026-08-16 02:18:02.967 | DEBUG    | androguard.core.axml:getAttributeName:997 - 1
2026-08-16 02:18:02.967 | DEBUG    | androguard.core.axml:getAttributeValueType:1027 - 1
2026-08-16 02:18:02.967 | DEBUG    | androguard.core.axml:getAttributeValueData:1038 - 1
2026-08-16 02:18:02.967 | DEBUG    | androguard.core.axml:__init__:1195 - found an attribute: {http://schemas.android.com/apk/res/android}enabled='b'false''
2026-08-16 02:18:02.967 | DEBUG    | androguard.core.axml:getAttributeNamespace:981 - 2
2026-08-16 02:18:02.967 | DEBUG    | androguard.core.axml:getAttributeUri:968 - 2
2026-08-16 02:18:02.967 | DEBUG    | androguard.core.axml:getAttributeName:997 - 2
2026-08-16 02:18:02.967 | DEBUG    | androguard.core.axml:getAttributeValueType:1027 - 2
2026-08-16 02:18:02.967 | DEBUG    | androguard.core.axml:getAttributeValueData:1038 - 2
2026-08-16 02:18:02.967 | DEBUG    | androguard.core.axml:__init__:1195 - found an attribute: {http://schemas.android.com/apk/res/android}exported='b'false''
2026-08-16 02:18:02.967 | DEBUG    | androguard.core.axml:getAttributeNamespace:981 - 3
2026-08-16 02:18:02.967 | DEBUG    | androguard.core.axml:getAttributeUri:968 - 3
2026-08-16 02:18:02.968 | DEBUG    | androguard.core.axml:getAttributeName:997 - 3
2026-08-16 02:18:02.968 | DEBUG    | androguard.core.axml:getAttributeValueType:1027 - 3
2026-08-16 02:18:02.968 | DEBUG    | androguard.core.axml:getAttributeValueData:1038 - 3
2026-08-16 02:18:02.968 | DEBUG    | androguard.core.axml:__init__:1195 - found an attribute: {http://schemas.android.com/apk/res/android}directBootAware='b'false''
2026-08-16 02:18:02.968 | DEBUG    | androguard.core.axml:is_valid:575 - True
2026-08-16 02:18:02.968 | DEBUG    | androguard.core.axml:_do_next:593 - M_EVENT 2
2026-08-16 02:18:02.968 | DEBUG    | androguard.core.axml:_do_next:608 - NEXT HEADER <ARSCHeader idx='0x00006cd8' type='258' header_size='16' size='36'>
2026-08-16 02:18:02.968 | DEBUG    | androguard.core.axml:__init__:1146 - DEBUG ARSC TYPE 2
2026-08-16 02:18:02.968 | DEBUG    | androguard.core.axml:__init__:1167 - START_TAG: intent-filter (line=168)
2026-08-16 02:18:02.968 | DEBUG    | androguard.core.axml:is_valid:575 - True
2026-08-16 02:18:02.968 | DEBUG    | androguard.core.axml:_do_next:593 - M_EVENT 2
2026-08-16 02:18:02.968 | DEBUG    | androguard.core.axml:_do_next:608 - NEXT HEADER <ARSCHeader idx='0x00006cfc' type='258' header_size='16' size='56'>
2026-08-16 02:18:02.968 | DEBUG    | androguard.core.axml:__init__:1146 - DEBUG ARSC TYPE 2
2026-08-16 02:18:02.968 | DEBUG    | androguard.core.axml:__init__:1167 - START_TAG: action (line=169)
2026-08-16 02:18:02.968 | DEBUG    | androguard.core.axml:getAttributeNamespace:981 - 0
2026-08-16 02:18:02.968 | DEBUG    | androguard.core.axml:getAttributeUri:968 - 0
2026-08-16 02:18:02.968 | DEBUG    | androguard.core.axml:getAttributeName:997 - 0
2026-08-16 02:18:02.968 | DEBUG    | androguard.core.axml:getAttributeValueType:1027 - 0
2026-08-16 02:18:02.968 | DEBUG    | androguard.core.axml:getAttributeValueData:1038 - 0
2026-08-16 02:18:02.968 | DEBUG    | androguard.core.axml:getAttributeValue:1052 - 0
2026-08-16 02:18:02.968 | DEBUG    | androguard.core.axml:__init__:1195 - found an attribute: {http://schemas.android.com/apk/res/android}name='b'android.net.conn.CONNECTIVITY_CHANGE''
2026-08-16 02:18:02.968 | DEBUG    | androguard.core.axml:is_valid:575 - True
2026-08-16 02:18:02.968 | DEBUG    | androguard.core.axml:_do_next:593 - M_EVENT 2
2026-08-16 02:18:02.968 | DEBUG    | androguard.core.axml:_do_next:608 - NEXT HEADER <ARSCHeader idx='0x00006d34' type='259' header_size='16' size='24'>
2026-08-16 02:18:02.968 | DEBUG    | androguard.core.axml:__init__:1146 - DEBUG ARSC TYPE 3
2026-08-16 02:18:02.968 | DEBUG    | androguard.core.axml:is_valid:575 - True
2026-08-16 02:18:02.968 | DEBUG    | androguard.core.axml:_do_next:593 - M_EVENT 3
2026-08-16 02:18:02.968 | DEBUG    | androguard.core.axml:_do_next:608 - NEXT HEADER <ARSCHeader idx='0x00006d4c' type='259' header_size='16' size='24'>
2026-08-16 02:18:02.968 | DEBUG    | androguard.core.axml:__init__:1146 - DEBUG ARSC TYPE 3
2026-08-16 02:18:02.968 | DEBUG    | androguard.core.axml:is_valid:575 - True
2026-08-16 02:18:02.968 | DEBUG    | androguard.core.axml:_do_next:593 - M_EVENT 3
2026-08-16 02:18:02.968 | DEBUG    | androguard.core.axml:_do_next:608 - NEXT HEADER <ARSCHeader idx='0x00006d64' type='259' header_size='16' size='24'>
2026-08-16 02:18:02.968 | DEBUG    | androguard.core.axml:__init__:1146 - DEBUG ARSC TYPE 3
2026-08-16 02:18:02.968 | DEBUG    | androguard.core.axml:is_valid:575 - True
2026-08-16 02:18:02.968 | DEBUG    | androguard.core.axml:_do_next:593 - M_EVENT 3
2026-08-16 02:18:02.968 | DEBUG    | androguard.core.axml:_do_next:608 - NEXT HEADER <ARSCHeader idx='0x00006d7c' type='258' header_size='16' size='116'>
2026-08-16 02:18:02.968 | DEBUG    | androguard.core.axml:__init__:1146 - DEBUG ARSC TYPE 2
2026-08-16 02:18:02.968 | DEBUG    | androguard.core.axml:__init__:1167 - START_TAG: receiver (line=172)
2026-08-16 02:18:02.968 | DEBUG    | androguard.core.axml:getAttributeNamespace:981 - 0
2026-08-16 02:18:02.968 | DEBUG    | androguard.core.axml:getAttributeUri:968 - 0
2026-08-16 02:18:02.968 | DEBUG    | androguard.core.axml:getAttributeName:997 - 0
2026-08-16 02:18:02.968 | DEBUG    | androguard.core.axml:getAttributeValueType:1027 - 0
2026-08-16 02:18:02.968 | DEBUG    | androguard.core.axml:getAttributeValueData:1038 - 0
2026-08-16 02:18:02.968 | DEBUG    | androguard.core.axml:getAttributeValue:1052 - 0
2026-08-16 02:18:02.968 | DEBUG    | androguard.core.axml:__init__:1195 - found an attribute: {http://schemas.android.com/apk/res/android}name='b'androidx.work.impl.background.systemalarm.RescheduleReceiver''
2026-08-16 02:18:02.968 | DEBUG    | androguard.core.axml:getAttributeNamespace:981 - 1
2026-08-16 02:18:02.968 | DEBUG    | androguard.core.axml:getAttributeUri:968 - 1
2026-08-16 02:18:02.968 | DEBUG    | androguard.core.axml:getAttributeName:997 - 1
2026-08-16 02:18:02.968 | DEBUG    | androguard.core.axml:getAttributeValueType:1027 - 1
2026-08-16 02:18:02.968 | DEBUG    | androguard.core.axml:getAttributeValueData:1038 - 1
2026-08-16 02:18:02.968 | DEBUG    | androguard.core.axml:__init__:1195 - found an attribute: {http://schemas.android.com/apk/res/android}enabled='b'false''
2026-08-16 02:18:02.968 | DEBUG    | androguard.core.axml:getAttributeNamespace:981 - 2
2026-08-16 02:18:02.968 | DEBUG    | androguard.core.axml:getAttributeUri:968 - 2
2026-08-16 02:18:02.968 | DEBUG    | androguard.core.axml:getAttributeName:997 - 2
2026-08-16 02:18:02.968 | DEBUG    | androguard.core.axml:getAttributeValueType:1027 - 2
2026-08-16 02:18:02.968 | DEBUG    | androguard.core.axml:getAttributeValueData:1038 - 2
2026-08-16 02:18:02.968 | DEBUG    | androguard.core.axml:__init__:1195 - found an attribute: {http://schemas.android.com/apk/res/android}exported='b'false''
2026-08-16 02:18:02.968 | DEBUG    | androguard.core.axml:getAttributeNamespace:981 - 3
2026-08-16 02:18:02.968 | DEBUG    | androguard.core.axml:getAttributeUri:968 - 3
2026-08-16 02:18:02.968 | DEBUG    | androguard.core.axml:getAttributeName:997 - 3
2026-08-16 02:18:02.968 | DEBUG    | androguard.core.axml:getAttributeValueType:1027 - 3
2026-08-16 02:18:02.968 | DEBUG    | androguard.core.axml:getAttributeValueData:1038 - 3
2026-08-16 02:18:02.968 | DEBUG    | androguard.core.axml:__init__:1195 - found an attribute: {http://schemas.android.com/apk/res/android}directBootAware='b'false''
2026-08-16 02:18:02.968 | DEBUG    | androguard.core.axml:is_valid:575 - True
2026-08-16 02:18:02.968 | DEBUG    | androguard.core.axml:_do_next:593 - M_EVENT 2
2026-08-16 02:18:02.968 | DEBUG    | androguard.core.axml:_do_next:608 - NEXT HEADER <ARSCHeader idx='0x00006df0' type='258' header_size='16' size='36'>
2026-08-16 02:18:02.968 | DEBUG    | androguard.core.axml:__init__:1146 - DEBUG ARSC TYPE 2
2026-08-16 02:18:02.968 | DEBUG    | androguard.core.axml:__init__:1167 - START_TAG: intent-filter (line=173)
2026-08-16 02:18:02.968 | DEBUG    | androguard.core.axml:is_valid:575 - True
2026-08-16 02:18:02.968 | DEBUG    | androguard.core.axml:_do_next:593 - M_EVENT 2
2026-08-16 02:18:02.968 | DEBUG    | androguard.core.axml:_do_next:608 - NEXT HEADER <ARSCHeader idx='0x00006e14' type='258' header_size='16' size='56'>
2026-08-16 02:18:02.968 | DEBUG    | androguard.core.axml:__init__:1146 - DEBUG ARSC TYPE 2
2026-08-16 02:18:02.968 | DEBUG    | androguard.core.axml:__init__:1167 - START_TAG: action (line=174)
2026-08-16 02:18:02.968 | DEBUG    | androguard.core.axml:getAttributeNamespace:981 - 0
2026-08-16 02:18:02.968 | DEBUG    | androguard.core.axml:getAttributeUri:968 - 0
2026-08-16 02:18:02.968 | DEBUG    | androguard.core.axml:getAttributeName:997 - 0
2026-08-16 02:18:02.968 | DEBUG    | androguard.core.axml:getAttributeValueType:1027 - 0
2026-08-16 02:18:02.968 | DEBUG    | androguard.core.axml:getAttributeValueData:1038 - 0
2026-08-16 02:18:02.968 | DEBUG    | androguard.core.axml:getAttributeValue:1052 - 0
2026-08-16 02:18:02.968 | DEBUG    | androguard.core.axml:__init__:1195 - found an attribute: {http://schemas.android.com/apk/res/android}name='b'android.intent.action.BOOT_COMPLETED''
2026-08-16 02:18:02.968 | DEBUG    | androguard.core.axml:is_valid:575 - True
2026-08-16 02:18:02.968 | DEBUG    | androguard.core.axml:_do_next:593 - M_EVENT 2
2026-08-16 02:18:02.968 | DEBUG    | androguard.core.axml:_do_next:608 - NEXT HEADER <ARSCHeader idx='0x00006e4c' type='259' header_size='16' size='24'>
2026-08-16 02:18:02.968 | DEBUG    | androguard.core.axml:__init__:1146 - DEBUG ARSC TYPE 3
2026-08-16 02:18:02.968 | DEBUG    | androguard.core.axml:is_valid:575 - True
2026-08-16 02:18:02.968 | DEBUG    | androguard.core.axml:_do_next:593 - M_EVENT 3
2026-08-16 02:18:02.968 | DEBUG    | androguard.core.axml:_do_next:608 - NEXT HEADER <ARSCHeader idx='0x00006e64' type='258' header_size='16' size='56'>
2026-08-16 02:18:02.968 | DEBUG    | androguard.core.axml:__init__:1146 - DEBUG ARSC TYPE 2
2026-08-16 02:18:02.968 | DEBUG    | androguard.core.axml:__init__:1167 - START_TAG: action (line=175)
2026-08-16 02:18:02.968 | DEBUG    | androguard.core.axml:getAttributeNamespace:981 - 0
2026-08-16 02:18:02.968 | DEBUG    | androguard.core.axml:getAttributeUri:968 - 0
2026-08-16 02:18:02.968 | DEBUG    | androguard.core.axml:getAttributeName:997 - 0
2026-08-16 02:18:02.968 | DEBUG    | androguard.core.axml:getAttributeValueType:1027 - 0
2026-08-16 02:18:02.968 | DEBUG    | androguard.core.axml:getAttributeValueData:1038 - 0
2026-08-16 02:18:02.968 | DEBUG    | androguard.core.axml:getAttributeValue:1052 - 0
2026-08-16 02:18:02.968 | DEBUG    | androguard.core.axml:__init__:1195 - found an attribute: {http://schemas.android.com/apk/res/android}name='b'android.intent.action.TIME_SET''
2026-08-16 02:18:02.968 | DEBUG    | androguard.core.axml:is_valid:575 - True
2026-08-16 02:18:02.968 | DEBUG    | androguard.core.axml:_do_next:593 - M_EVENT 2
2026-08-16 02:18:02.968 | DEBUG    | androguard.core.axml:_do_next:608 - NEXT HEADER <ARSCHeader idx='0x00006e9c' type='259' header_size='16' size='24'>
2026-08-16 02:18:02.968 | DEBUG    | androguard.core.axml:__init__:1146 - DEBUG ARSC TYPE 3
2026-08-16 02:18:02.968 | DEBUG    | androguard.core.axml:is_valid:575 - True
2026-08-16 02:18:02.968 | DEBUG    | androguard.core.axml:_do_next:593 - M_EVENT 3
2026-08-16 02:18:02.968 | DEBUG    | androguard.core.axml:_do_next:608 - NEXT HEADER <ARSCHeader idx='0x00006eb4' type='258' header_size='16' size='56'>
2026-08-16 02:18:02.968 | DEBUG    | androguard.core.axml:__init__:1146 - DEBUG ARSC TYPE 2
2026-08-16 02:18:02.968 | DEBUG    | androguard.core.axml:__init__:1167 - START_TAG: action (line=176)
2026-08-16 02:18:02.968 | DEBUG    | androguard.core.axml:getAttributeNamespace:981 - 0
2026-08-16 02:18:02.968 | DEBUG    | androguard.core.axml:getAttributeUri:968 - 0
2026-08-16 02:18:02.968 | DEBUG    | androguard.core.axml:getAttributeName:997 - 0
2026-08-16 02:18:02.968 | DEBUG    | androguard.core.axml:getAttributeValueType:1027 - 0
2026-08-16 02:18:02.968 | DEBUG    | androguard.core.axml:getAttributeValueData:1038 - 0
2026-08-16 02:18:02.968 | DEBUG    | androguard.core.axml:getAttributeValue:1052 - 0
2026-08-16 02:18:02.968 | DEBUG    | androguard.core.axml:__init__:1195 - found an attribute: {http://schemas.android.com/apk/res/android}name='b'android.intent.action.TIMEZONE_CHANGED''
2026-08-16 02:18:02.968 | DEBUG    | androguard.core.axml:is_valid:575 - True
2026-08-16 02:18:02.968 | DEBUG    | androguard.core.axml:_do_next:593 - M_EVENT 2
2026-08-16 02:18:02.968 | DEBUG    | androguard.core.axml:_do_next:608 - NEXT HEADER <ARSCHeader idx='0x00006eec' type='259' header_size='16' size='24'>
2026-08-16 02:18:02.968 | DEBUG    | androguard.core.axml:__init__:1146 - DEBUG ARSC TYPE 3
2026-08-16 02:18:02.968 | DEBUG    | androguard.core.axml:is_valid:575 - True
2026-08-16 02:18:02.968 | DEBUG    | androguard.core.axml:_do_next:593 - M_EVENT 3
2026-08-16 02:18:02.968 | DEBUG    | androguard.core.axml:_do_next:608 - NEXT HEADER <ARSCHeader idx='0x00006f04' type='259' header_size='16' size='24'>
2026-08-16 02:18:02.968 | DEBUG    | androguard.core.axml:__init__:1146 - DEBUG ARSC TYPE 3
2026-08-16 02:18:02.969 | DEBUG    | androguard.core.axml:is_valid:575 - True
2026-08-16 02:18:02.969 | DEBUG    | androguard.core.axml:_do_next:593 - M_EVENT 3
2026-08-16 02:18:02.969 | DEBUG    | androguard.core.axml:_do_next:608 - NEXT HEADER <ARSCHeader idx='0x00006f1c' type='259' header_size='16' size='24'>
2026-08-16 02:18:02.969 | DEBUG    | androguard.core.axml:__init__:1146 - DEBUG ARSC TYPE 3
2026-08-16 02:18:02.969 | DEBUG    | androguard.core.axml:is_valid:575 - True
2026-08-16 02:18:02.969 | DEBUG    | androguard.core.axml:_do_next:593 - M_EVENT 3
2026-08-16 02:18:02.969 | DEBUG    | androguard.core.axml:_do_next:608 - NEXT HEADER <ARSCHeader idx='0x00006f34' type='258' header_size='16' size='116'>
2026-08-16 02:18:02.969 | DEBUG    | androguard.core.axml:__init__:1146 - DEBUG ARSC TYPE 2
2026-08-16 02:18:02.969 | DEBUG    | androguard.core.axml:__init__:1167 - START_TAG: receiver (line=179)
2026-08-16 02:18:02.969 | DEBUG    | androguard.core.axml:getAttributeNamespace:981 - 0
2026-08-16 02:18:02.969 | DEBUG    | androguard.core.axml:getAttributeUri:968 - 0
2026-08-16 02:18:02.969 | DEBUG    | androguard.core.axml:getAttributeName:997 - 0
2026-08-16 02:18:02.969 | DEBUG    | androguard.core.axml:getAttributeValueType:1027 - 0
2026-08-16 02:18:02.969 | DEBUG    | androguard.core.axml:getAttributeValueData:1038 - 0
2026-08-16 02:18:02.969 | DEBUG    | androguard.core.axml:getAttributeValue:1052 - 0
2026-08-16 02:18:02.969 | DEBUG    | androguard.core.axml:__init__:1195 - found an attribute: {http://schemas.android.com/apk/res/android}name='b'androidx.work.impl.background.systemalarm.ConstraintProxyUpdateReceiver''
2026-08-16 02:18:02.969 | DEBUG    | androguard.core.axml:getAttributeNamespace:981 - 1
2026-08-16 02:18:02.969 | DEBUG    | androguard.core.axml:getAttributeUri:968 - 1
2026-08-16 02:18:02.969 | DEBUG    | androguard.core.axml:getAttributeName:997 - 1
2026-08-16 02:18:02.969 | DEBUG    | androguard.core.axml:getAttributeValueType:1027 - 1
2026-08-16 02:18:02.969 | DEBUG    | androguard.core.axml:getAttributeValueData:1038 - 1
2026-08-16 02:18:02.969 | DEBUG    | androguard.core.axml:__init__:1195 - found an attribute: {http://schemas.android.com/apk/res/android}enabled='b'@7F040002''
2026-08-16 02:18:02.969 | DEBUG    | androguard.core.axml:getAttributeNamespace:981 - 2
2026-08-16 02:18:02.969 | DEBUG    | androguard.core.axml:getAttributeUri:968 - 2
2026-08-16 02:18:02.969 | DEBUG    | androguard.core.axml:getAttributeName:997 - 2
2026-08-16 02:18:02.969 | DEBUG    | androguard.core.axml:getAttributeValueType:1027 - 2
2026-08-16 02:18:02.969 | DEBUG    | androguard.core.axml:getAttributeValueData:1038 - 2
2026-08-16 02:18:02.969 | DEBUG    | androguard.core.axml:__init__:1195 - found an attribute: {http://schemas.android.com/apk/res/android}exported='b'false''
2026-08-16 02:18:02.969 | DEBUG    | androguard.core.axml:getAttributeNamespace:981 - 3
2026-08-16 02:18:02.969 | DEBUG    | androguard.core.axml:getAttributeUri:968 - 3
2026-08-16 02:18:02.969 | DEBUG    | androguard.core.axml:getAttributeName:997 - 3
2026-08-16 02:18:02.969 | DEBUG    | androguard.core.axml:getAttributeValueType:1027 - 3
2026-08-16 02:18:02.969 | DEBUG    | androguard.core.axml:getAttributeValueData:1038 - 3
2026-08-16 02:18:02.969 | DEBUG    | androguard.core.axml:__init__:1195 - found an attribute: {http://schemas.android.com/apk/res/android}directBootAware='b'false''
2026-08-16 02:18:02.969 | DEBUG    | androguard.core.axml:is_valid:575 - True
2026-08-16 02:18:02.969 | DEBUG    | androguard.core.axml:_do_next:593 - M_EVENT 2
2026-08-16 02:18:02.969 | DEBUG    | androguard.core.axml:_do_next:608 - NEXT HEADER <ARSCHeader idx='0x00006fa8' type='258' header_size='16' size='36'>
2026-08-16 02:18:02.969 | DEBUG    | androguard.core.axml:__init__:1146 - DEBUG ARSC TYPE 2
2026-08-16 02:18:02.969 | DEBUG    | androguard.core.axml:__init__:1167 - START_TAG: intent-filter (line=180)
2026-08-16 02:18:02.969 | DEBUG    | androguard.core.axml:is_valid:575 - True
2026-08-16 02:18:02.969 | DEBUG    | androguard.core.axml:_do_next:593 - M_EVENT 2
2026-08-16 02:18:02.969 | DEBUG    | androguard.core.axml:_do_next:608 - NEXT HEADER <ARSCHeader idx='0x00006fcc' type='258' header_size='16' size='56'>
2026-08-16 02:18:02.969 | DEBUG    | androguard.core.axml:__init__:1146 - DEBUG ARSC TYPE 2
2026-08-16 02:18:02.969 | DEBUG    | androguard.core.axml:__init__:1167 - START_TAG: action (line=181)
2026-08-16 02:18:02.969 | DEBUG    | androguard.core.axml:getAttributeNamespace:981 - 0
2026-08-16 02:18:02.969 | DEBUG    | androguard.core.axml:getAttributeUri:968 - 0
2026-08-16 02:18:02.969 | DEBUG    | androguard.core.axml:getAttributeName:997 - 0
2026-08-16 02:18:02.969 | DEBUG    | androguard.core.axml:getAttributeValueType:1027 - 0
2026-08-16 02:18:02.969 | DEBUG    | androguard.core.axml:getAttributeValueData:1038 - 0
2026-08-16 02:18:02.969 | DEBUG    | androguard.core.axml:getAttributeValue:1052 - 0
2026-08-16 02:18:02.969 | DEBUG    | androguard.core.axml:__init__:1195 - found an attribute: {http://schemas.android.com/apk/res/android}name='b'androidx.work.impl.background.systemalarm.UpdateProxies''
2026-08-16 02:18:02.969 | DEBUG    | androguard.core.axml:is_valid:575 - True
2026-08-16 02:18:02.969 | DEBUG    | androguard.core.axml:_do_next:593 - M_EVENT 2
2026-08-16 02:18:02.969 | DEBUG    | androguard.core.axml:_do_next:608 - NEXT HEADER <ARSCHeader idx='0x00007004' type='259' header_size='16' size='24'>
2026-08-16 02:18:02.969 | DEBUG    | androguard.core.axml:__init__:1146 - DEBUG ARSC TYPE 3
2026-08-16 02:18:02.969 | DEBUG    | androguard.core.axml:is_valid:575 - True
2026-08-16 02:18:02.969 | DEBUG    | androguard.core.axml:_do_next:593 - M_EVENT 3
2026-08-16 02:18:02.969 | DEBUG    | androguard.core.axml:_do_next:608 - NEXT HEADER <ARSCHeader idx='0x0000701c' type='259' header_size='16' size='24'>
2026-08-16 02:18:02.969 | DEBUG    | androguard.core.axml:__init__:1146 - DEBUG ARSC TYPE 3
2026-08-16 02:18:02.969 | DEBUG    | androguard.core.axml:is_valid:575 - True
2026-08-16 02:18:02.969 | DEBUG    | androguard.core.axml:_do_next:593 - M_EVENT 3
2026-08-16 02:18:02.969 | DEBUG    | androguard.core.axml:_do_next:608 - NEXT HEADER <ARSCHeader idx='0x00007034' type='259' header_size='16' size='24'>
2026-08-16 02:18:02.969 | DEBUG    | androguard.core.axml:__init__:1146 - DEBUG ARSC TYPE 3
2026-08-16 02:18:02.969 | DEBUG    | androguard.core.axml:is_valid:575 - True
2026-08-16 02:18:02.969 | DEBUG    | androguard.core.axml:_do_next:593 - M_EVENT 3
2026-08-16 02:18:02.969 | DEBUG    | androguard.core.axml:_do_next:608 - NEXT HEADER <ARSCHeader idx='0x0000704c' type='258' header_size='16' size='136'>
2026-08-16 02:18:02.969 | DEBUG    | androguard.core.axml:__init__:1146 - DEBUG ARSC TYPE 2
2026-08-16 02:18:02.969 | DEBUG    | androguard.core.axml:__init__:1167 - START_TAG: receiver (line=184)
2026-08-16 02:18:02.969 | DEBUG    | androguard.core.axml:getAttributeNamespace:981 - 0
2026-08-16 02:18:02.969 | DEBUG    | androguard.core.axml:getAttributeUri:968 - 0
2026-08-16 02:18:02.969 | DEBUG    | androguard.core.axml:getAttributeName:997 - 0
2026-08-16 02:18:02.969 | DEBUG    | androguard.core.axml:getAttributeValueType:1027 - 0
2026-08-16 02:18:02.969 | DEBUG    | androguard.core.axml:getAttributeValueData:1038 - 0
2026-08-16 02:18:02.969 | DEBUG    | androguard.core.axml:getAttributeValue:1052 - 0
2026-08-16 02:18:02.969 | DEBUG    | androguard.core.axml:__init__:1195 - found an attribute: {http://schemas.android.com/apk/res/android}name='b'androidx.work.impl.diagnostics.DiagnosticsReceiver''
2026-08-16 02:18:02.969 | DEBUG    | androguard.core.axml:getAttributeNamespace:981 - 1
2026-08-16 02:18:02.969 | DEBUG    | androguard.core.axml:getAttributeUri:968 - 1
2026-08-16 02:18:02.969 | DEBUG    | androguard.core.axml:getAttributeName:997 - 1
2026-08-16 02:18:02.969 | DEBUG    | androguard.core.axml:getAttributeValueType:1027 - 1
2026-08-16 02:18:02.969 | DEBUG    | androguard.core.axml:getAttributeValueData:1038 - 1
2026-08-16 02:18:02.969 | DEBUG    | androguard.core.axml:getAttributeValue:1052 - 1
2026-08-16 02:18:02.969 | DEBUG    | androguard.core.axml:__init__:1195 - found an attribute: {http://schemas.android.com/apk/res/android}permission='b'android.permission.DUMP''
2026-08-16 02:18:02.969 | DEBUG    | androguard.core.axml:getAttributeNamespace:981 - 2
2026-08-16 02:18:02.969 | DEBUG    | androguard.core.axml:getAttributeUri:968 - 2
2026-08-16 02:18:02.969 | DEBUG    | androguard.core.axml:getAttributeName:997 - 2
2026-08-16 02:18:02.969 | DEBUG    | androguard.core.axml:getAttributeValueType:1027 - 2
2026-08-16 02:18:02.969 | DEBUG    | androguard.core.axml:getAttributeValueData:1038 - 2
2026-08-16 02:18:02.969 | DEBUG    | androguard.core.axml:__init__:1195 - found an attribute: {http://schemas.android.com/apk/res/android}enabled='b'true''
2026-08-16 02:18:02.969 | DEBUG    | androguard.core.axml:getAttributeNamespace:981 - 3
2026-08-16 02:18:02.969 | DEBUG    | androguard.core.axml:getAttributeUri:968 - 3
2026-08-16 02:18:02.969 | DEBUG    | androguard.core.axml:getAttributeName:997 - 3
2026-08-16 02:18:02.969 | DEBUG    | androguard.core.axml:getAttributeValueType:1027 - 3
2026-08-16 02:18:02.969 | DEBUG    | androguard.core.axml:getAttributeValueData:1038 - 3
2026-08-16 02:18:02.969 | DEBUG    | androguard.core.axml:__init__:1195 - found an attribute: {http://schemas.android.com/apk/res/android}exported='b'true''
2026-08-16 02:18:02.969 | DEBUG    | androguard.core.axml:getAttributeNamespace:981 - 4
2026-08-16 02:18:02.969 | DEBUG    | androguard.core.axml:getAttributeUri:968 - 4
2026-08-16 02:18:02.969 | DEBUG    | androguard.core.axml:getAttributeName:997 - 4
2026-08-16 02:18:02.969 | DEBUG    | androguard.core.axml:getAttributeValueType:1027 - 4
2026-08-16 02:18:02.969 | DEBUG    | androguard.core.axml:getAttributeValueData:1038 - 4
2026-08-16 02:18:02.969 | DEBUG    | androguard.core.axml:__init__:1195 - found an attribute: {http://schemas.android.com/apk/res/android}directBootAware='b'false''
2026-08-16 02:18:02.969 | DEBUG    | androguard.core.axml:is_valid:575 - True
2026-08-16 02:18:02.969 | DEBUG    | androguard.core.axml:_do_next:593 - M_EVENT 2
2026-08-16 02:18:02.969 | DEBUG    | androguard.core.axml:_do_next:608 - NEXT HEADER <ARSCHeader idx='0x000070d4' type='258' header_size='16' size='36'>
2026-08-16 02:18:02.969 | DEBUG    | androguard.core.axml:__init__:1146 - DEBUG ARSC TYPE 2
2026-08-16 02:18:02.969 | DEBUG    | androguard.core.axml:__init__:1167 - START_TAG: intent-filter (line=185)
2026-08-16 02:18:02.969 | DEBUG    | androguard.core.axml:is_valid:575 - True
2026-08-16 02:18:02.969 | DEBUG    | androguard.core.axml:_do_next:593 - M_EVENT 2
2026-08-16 02:18:02.969 | DEBUG    | androguard.core.axml:_do_next:608 - NEXT HEADER <ARSCHeader idx='0x000070f8' type='258' header_size='16' size='56'>
2026-08-16 02:18:02.969 | DEBUG    | androguard.core.axml:__init__:1146 - DEBUG ARSC TYPE 2
2026-08-16 02:18:02.969 | DEBUG    | androguard.core.axml:__init__:1167 - START_TAG: action (line=186)
2026-08-16 02:18:02.969 | DEBUG    | androguard.core.axml:getAttributeNamespace:981 - 0
2026-08-16 02:18:02.969 | DEBUG    | androguard.core.axml:getAttributeUri:968 - 0
2026-08-16 02:18:02.969 | DEBUG    | androguard.core.axml:getAttributeName:997 - 0
2026-08-16 02:18:02.969 | DEBUG    | androguard.core.axml:getAttributeValueType:1027 - 0
2026-08-16 02:18:02.969 | DEBUG    | androguard.core.axml:getAttributeValueData:1038 - 0
2026-08-16 02:18:02.969 | DEBUG    | androguard.core.axml:getAttributeValue:1052 - 0
2026-08-16 02:18:02.969 | DEBUG    | androguard.core.axml:__init__:1195 - found an attribute: {http://schemas.android.com/apk/res/android}name='b'androidx.work.diagnostics.REQUEST_DIAGNOSTICS''
2026-08-16 02:18:02.969 | DEBUG    | androguard.core.axml:is_valid:575 - True
2026-08-16 02:18:02.969 | DEBUG    | androguard.core.axml:_do_next:593 - M_EVENT 2
2026-08-16 02:18:02.969 | DEBUG    | androguard.core.axml:_do_next:608 - NEXT HEADER <ARSCHeader idx='0x00007130' type='259' header_size='16' size='24'>
2026-08-16 02:18:02.970 | DEBUG    | androguard.core.axml:__init__:1146 - DEBUG ARSC TYPE 3
2026-08-16 02:18:02.970 | DEBUG    | androguard.core.axml:is_valid:575 - True
2026-08-16 02:18:02.970 | DEBUG    | androguard.core.axml:_do_next:593 - M_EVENT 3
2026-08-16 02:18:02.970 | DEBUG    | androguard.core.axml:_do_next:608 - NEXT HEADER <ARSCHeader idx='0x00007148' type='259' header_size='16' size='24'>
2026-08-16 02:18:02.970 | DEBUG    | androguard.core.axml:__init__:1146 - DEBUG ARSC TYPE 3
2026-08-16 02:18:02.970 | DEBUG    | androguard.core.axml:is_valid:575 - True
2026-08-16 02:18:02.970 | DEBUG    | androguard.core.axml:_do_next:593 - M_EVENT 3
2026-08-16 02:18:02.970 | DEBUG    | androguard.core.axml:_do_next:608 - NEXT HEADER <ARSCHeader idx='0x00007160' type='259' header_size='16' size='24'>
2026-08-16 02:18:02.970 | DEBUG    | androguard.core.axml:__init__:1146 - DEBUG ARSC TYPE 3
2026-08-16 02:18:02.970 | DEBUG    | androguard.core.axml:is_valid:575 - True
2026-08-16 02:18:02.970 | DEBUG    | androguard.core.axml:_do_next:593 - M_EVENT 3
2026-08-16 02:18:02.970 | DEBUG    | androguard.core.axml:_do_next:608 - NEXT HEADER <ARSCHeader idx='0x00007178' type='258' header_size='16' size='96'>
2026-08-16 02:18:02.970 | DEBUG    | androguard.core.axml:__init__:1146 - DEBUG ARSC TYPE 2
2026-08-16 02:18:02.970 | DEBUG    | androguard.core.axml:__init__:1167 - START_TAG: service (line=189)
2026-08-16 02:18:02.970 | DEBUG    | androguard.core.axml:getAttributeNamespace:981 - 0
2026-08-16 02:18:02.970 | DEBUG    | androguard.core.axml:getAttributeUri:968 - 0
2026-08-16 02:18:02.970 | DEBUG    | androguard.core.axml:getAttributeName:997 - 0
2026-08-16 02:18:02.970 | DEBUG    | androguard.core.axml:getAttributeValueType:1027 - 0
2026-08-16 02:18:02.970 | DEBUG    | androguard.core.axml:getAttributeValueData:1038 - 0
2026-08-16 02:18:02.970 | DEBUG    | androguard.core.axml:getAttributeValue:1052 - 0
2026-08-16 02:18:02.970 | DEBUG    | androguard.core.axml:__init__:1195 - found an attribute: {http://schemas.android.com/apk/res/android}name='b'androidx.room.MultiInstanceInvalidationService''
2026-08-16 02:18:02.970 | DEBUG    | androguard.core.axml:getAttributeNamespace:981 - 1
2026-08-16 02:18:02.970 | DEBUG    | androguard.core.axml:getAttributeUri:968 - 1
2026-08-16 02:18:02.970 | DEBUG    | androguard.core.axml:getAttributeName:997 - 1
2026-08-16 02:18:02.970 | DEBUG    | androguard.core.axml:getAttributeValueType:1027 - 1
2026-08-16 02:18:02.970 | DEBUG    | androguard.core.axml:getAttributeValueData:1038 - 1
2026-08-16 02:18:02.970 | DEBUG    | androguard.core.axml:__init__:1195 - found an attribute: {http://schemas.android.com/apk/res/android}exported='b'false''
2026-08-16 02:18:02.970 | DEBUG    | androguard.core.axml:getAttributeNamespace:981 - 2
2026-08-16 02:18:02.970 | DEBUG    | androguard.core.axml:getAttributeUri:968 - 2
2026-08-16 02:18:02.970 | DEBUG    | androguard.core.axml:getAttributeName:997 - 2
2026-08-16 02:18:02.970 | DEBUG    | androguard.core.axml:getAttributeValueType:1027 - 2
2026-08-16 02:18:02.970 | DEBUG    | androguard.core.axml:getAttributeValueData:1038 - 2
2026-08-16 02:18:02.970 | DEBUG    | androguard.core.axml:__init__:1195 - found an attribute: {http://schemas.android.com/apk/res/android}directBootAware='b'true''
2026-08-16 02:18:02.970 | DEBUG    | androguard.core.axml:is_valid:575 - True
2026-08-16 02:18:02.970 | DEBUG    | androguard.core.axml:_do_next:593 - M_EVENT 2
2026-08-16 02:18:02.970 | DEBUG    | androguard.core.axml:_do_next:608 - NEXT HEADER <ARSCHeader idx='0x000071d8' type='259' header_size='16' size='24'>
2026-08-16 02:18:02.970 | DEBUG    | androguard.core.axml:__init__:1146 - DEBUG ARSC TYPE 3
2026-08-16 02:18:02.970 | DEBUG    | androguard.core.axml:is_valid:575 - True
2026-08-16 02:18:02.970 | DEBUG    | androguard.core.axml:_do_next:593 - M_EVENT 3
2026-08-16 02:18:02.970 | DEBUG    | androguard.core.axml:_do_next:608 - NEXT HEADER <ARSCHeader idx='0x000071f0' type='258' header_size='16' size='136'>
2026-08-16 02:18:02.970 | DEBUG    | androguard.core.axml:__init__:1146 - DEBUG ARSC TYPE 2
2026-08-16 02:18:02.970 | DEBUG    | androguard.core.axml:__init__:1167 - START_TAG: receiver (line=190)
2026-08-16 02:18:02.970 | DEBUG    | androguard.core.axml:getAttributeNamespace:981 - 0
2026-08-16 02:18:02.970 | DEBUG    | androguard.core.axml:getAttributeUri:968 - 0
2026-08-16 02:18:02.970 | DEBUG    | androguard.core.axml:getAttributeName:997 - 0
2026-08-16 02:18:02.970 | DEBUG    | androguard.core.axml:getAttributeValueType:1027 - 0
2026-08-16 02:18:02.970 | DEBUG    | androguard.core.axml:getAttributeValueData:1038 - 0
2026-08-16 02:18:02.970 | DEBUG    | androguard.core.axml:getAttributeValue:1052 - 0
2026-08-16 02:18:02.970 | DEBUG    | androguard.core.axml:__init__:1195 - found an attribute: {http://schemas.android.com/apk/res/android}name='b'androidx.profileinstaller.ProfileInstallReceiver''
2026-08-16 02:18:02.970 | DEBUG    | androguard.core.axml:getAttributeNamespace:981 - 1
2026-08-16 02:18:02.970 | DEBUG    | androguard.core.axml:getAttributeUri:968 - 1
2026-08-16 02:18:02.970 | DEBUG    | androguard.core.axml:getAttributeName:997 - 1
2026-08-16 02:18:02.970 | DEBUG    | androguard.core.axml:getAttributeValueType:1027 - 1
2026-08-16 02:18:02.970 | DEBUG    | androguard.core.axml:getAttributeValueData:1038 - 1
2026-08-16 02:18:02.970 | DEBUG    | androguard.core.axml:getAttributeValue:1052 - 1
2026-08-16 02:18:02.970 | DEBUG    | androguard.core.axml:__init__:1195 - found an attribute: {http://schemas.android.com/apk/res/android}permission='b'android.permission.DUMP''
2026-08-16 02:18:02.970 | DEBUG    | androguard.core.axml:getAttributeNamespace:981 - 2
2026-08-16 02:18:02.970 | DEBUG    | androguard.core.axml:getAttributeUri:968 - 2
2026-08-16 02:18:02.970 | DEBUG    | androguard.core.axml:getAttributeName:997 - 2
2026-08-16 02:18:02.970 | DEBUG    | androguard.core.axml:getAttributeValueType:1027 - 2
2026-08-16 02:18:02.970 | DEBUG    | androguard.core.axml:getAttributeValueData:1038 - 2
2026-08-16 02:18:02.970 | DEBUG    | androguard.core.axml:__init__:1195 - found an attribute: {http://schemas.android.com/apk/res/android}enabled='b'true''
2026-08-16 02:18:02.970 | DEBUG    | androguard.core.axml:getAttributeNamespace:981 - 3
2026-08-16 02:18:02.970 | DEBUG    | androguard.core.axml:getAttributeUri:968 - 3
2026-08-16 02:18:02.970 | DEBUG    | androguard.core.axml:getAttributeName:997 - 3
2026-08-16 02:18:02.970 | DEBUG    | androguard.core.axml:getAttributeValueType:1027 - 3
2026-08-16 02:18:02.970 | DEBUG    | androguard.core.axml:getAttributeValueData:1038 - 3
2026-08-16 02:18:02.970 | DEBUG    | androguard.core.axml:__init__:1195 - found an attribute: {http://schemas.android.com/apk/res/android}exported='b'true''
2026-08-16 02:18:02.970 | DEBUG    | androguard.core.axml:getAttributeNamespace:981 - 4
2026-08-16 02:18:02.970 | DEBUG    | androguard.core.axml:getAttributeUri:968 - 4
2026-08-16 02:18:02.970 | DEBUG    | androguard.core.axml:getAttributeName:997 - 4
2026-08-16 02:18:02.970 | DEBUG    | androguard.core.axml:getAttributeValueType:1027 - 4
2026-08-16 02:18:02.970 | DEBUG    | androguard.core.axml:getAttributeValueData:1038 - 4
2026-08-16 02:18:02.970 | DEBUG    | androguard.core.axml:__init__:1195 - found an attribute: {http://schemas.android.com/apk/res/android}directBootAware='b'false''
2026-08-16 02:18:02.970 | DEBUG    | androguard.core.axml:is_valid:575 - True
2026-08-16 02:18:02.970 | DEBUG    | androguard.core.axml:_do_next:593 - M_EVENT 2
2026-08-16 02:18:02.970 | DEBUG    | androguard.core.axml:_do_next:608 - NEXT HEADER <ARSCHeader idx='0x00007278' type='258' header_size='16' size='36'>
2026-08-16 02:18:02.970 | DEBUG    | androguard.core.axml:__init__:1146 - DEBUG ARSC TYPE 2
2026-08-16 02:18:02.970 | DEBUG    | androguard.core.axml:__init__:1167 - START_TAG: intent-filter (line=191)
2026-08-16 02:18:02.970 | DEBUG    | androguard.core.axml:is_valid:575 - True
2026-08-16 02:18:02.970 | DEBUG    | androguard.core.axml:_do_next:593 - M_EVENT 2
2026-08-16 02:18:02.970 | DEBUG    | androguard.core.axml:_do_next:608 - NEXT HEADER <ARSCHeader idx='0x0000729c' type='258' header_size='16' size='56'>
2026-08-16 02:18:02.970 | DEBUG    | androguard.core.axml:__init__:1146 - DEBUG ARSC TYPE 2
2026-08-16 02:18:02.970 | DEBUG    | androguard.core.axml:__init__:1167 - START_TAG: action (line=192)
2026-08-16 02:18:02.970 | DEBUG    | androguard.core.axml:getAttributeNamespace:981 - 0
2026-08-16 02:18:02.970 | DEBUG    | androguard.core.axml:getAttributeUri:968 - 0
2026-08-16 02:18:02.970 | DEBUG    | androguard.core.axml:getAttributeName:997 - 0
2026-08-16 02:18:02.970 | DEBUG    | androguard.core.axml:getAttributeValueType:1027 - 0
2026-08-16 02:18:02.970 | DEBUG    | androguard.core.axml:getAttributeValueData:1038 - 0
2026-08-16 02:18:02.970 | DEBUG    | androguard.core.axml:getAttributeValue:1052 - 0
2026-08-16 02:18:02.970 | DEBUG    | androguard.core.axml:__init__:1195 - found an attribute: {http://schemas.android.com/apk/res/android}name='b'androidx.profileinstaller.action.INSTALL_PROFILE''
2026-08-16 02:18:02.970 | DEBUG    | androguard.core.axml:is_valid:575 - True
2026-08-16 02:18:02.970 | DEBUG    | androguard.core.axml:_do_next:593 - M_EVENT 2
2026-08-16 02:18:02.970 | DEBUG    | androguard.core.axml:_do_next:608 - NEXT HEADER <ARSCHeader idx='0x000072d4' type='259' header_size='16' size='24'>
2026-08-16 02:18:02.970 | DEBUG    | androguard.core.axml:__init__:1146 - DEBUG ARSC TYPE 3
2026-08-16 02:18:02.970 | DEBUG    | androguard.core.axml:is_valid:575 - True
2026-08-16 02:18:02.970 | DEBUG    | androguard.core.axml:_do_next:593 - M_EVENT 3
2026-08-16 02:18:02.970 | DEBUG    | androguard.core.axml:_do_next:608 - NEXT HEADER <ARSCHeader idx='0x000072ec' type='259' header_size='16' size='24'>
2026-08-16 02:18:02.970 | DEBUG    | androguard.core.axml:__init__:1146 - DEBUG ARSC TYPE 3
2026-08-16 02:18:02.970 | DEBUG    | androguard.core.axml:is_valid:575 - True
2026-08-16 02:18:02.970 | DEBUG    | androguard.core.axml:_do_next:593 - M_EVENT 3
2026-08-16 02:18:02.970 | DEBUG    | androguard.core.axml:_do_next:608 - NEXT HEADER <ARSCHeader idx='0x00007304' type='258' header_size='16' size='36'>
2026-08-16 02:18:02.970 | DEBUG    | androguard.core.axml:__init__:1146 - DEBUG ARSC TYPE 2
2026-08-16 02:18:02.970 | DEBUG    | androguard.core.axml:__init__:1167 - START_TAG: intent-filter (line=194)
2026-08-16 02:18:02.970 | DEBUG    | androguard.core.axml:is_valid:575 - True
2026-08-16 02:18:02.970 | DEBUG    | androguard.core.axml:_do_next:593 - M_EVENT 2
2026-08-16 02:18:02.970 | DEBUG    | androguard.core.axml:_do_next:608 - NEXT HEADER <ARSCHeader idx='0x00007328' type='258' header_size='16' size='56'>
2026-08-16 02:18:02.970 | DEBUG    | androguard.core.axml:__init__:1146 - DEBUG ARSC TYPE 2
2026-08-16 02:18:02.970 | DEBUG    | androguard.core.axml:__init__:1167 - START_TAG: action (line=195)
2026-08-16 02:18:02.970 | DEBUG    | androguard.core.axml:getAttributeNamespace:981 - 0
2026-08-16 02:18:02.970 | DEBUG    | androguard.core.axml:getAttributeUri:968 - 0
2026-08-16 02:18:02.970 | DEBUG    | androguard.core.axml:getAttributeName:997 - 0
2026-08-16 02:18:02.971 | DEBUG    | androguard.core.axml:getAttributeValueType:1027 - 0
2026-08-16 02:18:02.971 | DEBUG    | androguard.core.axml:getAttributeValueData:1038 - 0
2026-08-16 02:18:02.971 | DEBUG    | androguard.core.axml:getAttributeValue:1052 - 0
2026-08-16 02:18:02.971 | DEBUG    | androguard.core.axml:__init__:1195 - found an attribute: {http://schemas.android.com/apk/res/android}name='b'androidx.profileinstaller.action.SKIP_FILE''
2026-08-16 02:18:02.971 | DEBUG    | androguard.core.axml:is_valid:575 - True
2026-08-16 02:18:02.971 | DEBUG    | androguard.core.axml:_do_next:593 - M_EVENT 2
2026-08-16 02:18:02.971 | DEBUG    | androguard.core.axml:_do_next:608 - NEXT HEADER <ARSCHeader idx='0x00007360' type='259' header_size='16' size='24'>
2026-08-16 02:18:02.971 | DEBUG    | androguard.core.axml:__init__:1146 - DEBUG ARSC TYPE 3
2026-08-16 02:18:02.971 | DEBUG    | androguard.core.axml:is_valid:575 - True
2026-08-16 02:18:02.971 | DEBUG    | androguard.core.axml:_do_next:593 - M_EVENT 3
2026-08-16 02:18:02.971 | DEBUG    | androguard.core.axml:_do_next:608 - NEXT HEADER <ARSCHeader idx='0x00007378' type='259' header_size='16' size='24'>
2026-08-16 02:18:02.971 | DEBUG    | androguard.core.axml:__init__:1146 - DEBUG ARSC TYPE 3
2026-08-16 02:18:02.971 | DEBUG    | androguard.core.axml:is_valid:575 - True
2026-08-16 02:18:02.971 | DEBUG    | androguard.core.axml:_do_next:593 - M_EVENT 3
2026-08-16 02:18:02.971 | DEBUG    | androguard.core.axml:_do_next:608 - NEXT HEADER <ARSCHeader idx='0x00007390' type='258' header_size='16' size='36'>
2026-08-16 02:18:02.971 | DEBUG    | androguard.core.axml:__init__:1146 - DEBUG ARSC TYPE 2
2026-08-16 02:18:02.971 | DEBUG    | androguard.core.axml:__init__:1167 - START_TAG: intent-filter (line=197)
2026-08-16 02:18:02.971 | DEBUG    | androguard.core.axml:is_valid:575 - True
2026-08-16 02:18:02.971 | DEBUG    | androguard.core.axml:_do_next:593 - M_EVENT 2
2026-08-16 02:18:02.971 | DEBUG    | androguard.core.axml:_do_next:608 - NEXT HEADER <ARSCHeader idx='0x000073b4' type='258' header_size='16' size='56'>
2026-08-16 02:18:02.971 | DEBUG    | androguard.core.axml:__init__:1146 - DEBUG ARSC TYPE 2
2026-08-16 02:18:02.971 | DEBUG    | androguard.core.axml:__init__:1167 - START_TAG: action (line=198)
2026-08-16 02:18:02.971 | DEBUG    | androguard.core.axml:getAttributeNamespace:981 - 0
2026-08-16 02:18:02.971 | DEBUG    | androguard.core.axml:getAttributeUri:968 - 0
2026-08-16 02:18:02.971 | DEBUG    | androguard.core.axml:getAttributeName:997 - 0
2026-08-16 02:18:02.971 | DEBUG    | androguard.core.axml:getAttributeValueType:1027 - 0
2026-08-16 02:18:02.971 | DEBUG    | androguard.core.axml:getAttributeValueData:1038 - 0
2026-08-16 02:18:02.971 | DEBUG    | androguard.core.axml:getAttributeValue:1052 - 0
2026-08-16 02:18:02.971 | DEBUG    | androguard.core.axml:__init__:1195 - found an attribute: {http://schemas.android.com/apk/res/android}name='b'androidx.profileinstaller.action.SAVE_PROFILE''
2026-08-16 02:18:02.971 | DEBUG    | androguard.core.axml:is_valid:575 - True
2026-08-16 02:18:02.971 | DEBUG    | androguard.core.axml:_do_next:593 - M_EVENT 2
2026-08-16 02:18:02.971 | DEBUG    | androguard.core.axml:_do_next:608 - NEXT HEADER <ARSCHeader idx='0x000073ec' type='259' header_size='16' size='24'>
2026-08-16 02:18:02.971 | DEBUG    | androguard.core.axml:__init__:1146 - DEBUG ARSC TYPE 3
2026-08-16 02:18:02.971 | DEBUG    | androguard.core.axml:is_valid:575 - True
2026-08-16 02:18:02.971 | DEBUG    | androguard.core.axml:_do_next:593 - M_EVENT 3
2026-08-16 02:18:02.971 | DEBUG    | androguard.core.axml:_do_next:608 - NEXT HEADER <ARSCHeader idx='0x00007404' type='259' header_size='16' size='24'>
2026-08-16 02:18:02.971 | DEBUG    | androguard.core.axml:__init__:1146 - DEBUG ARSC TYPE 3
2026-08-16 02:18:02.971 | DEBUG    | androguard.core.axml:is_valid:575 - True
2026-08-16 02:18:02.971 | DEBUG    | androguard.core.axml:_do_next:593 - M_EVENT 3
2026-08-16 02:18:02.971 | DEBUG    | androguard.core.axml:_do_next:608 - NEXT HEADER <ARSCHeader idx='0x0000741c' type='258' header_size='16' size='36'>
2026-08-16 02:18:02.971 | DEBUG    | androguard.core.axml:__init__:1146 - DEBUG ARSC TYPE 2
2026-08-16 02:18:02.971 | DEBUG    | androguard.core.axml:__init__:1167 - START_TAG: intent-filter (line=200)
2026-08-16 02:18:02.971 | DEBUG    | androguard.core.axml:is_valid:575 - True
2026-08-16 02:18:02.971 | DEBUG    | androguard.core.axml:_do_next:593 - M_EVENT 2
2026-08-16 02:18:02.971 | DEBUG    | androguard.core.axml:_do_next:608 - NEXT HEADER <ARSCHeader idx='0x00007440' type='258' header_size='16' size='56'>
2026-08-16 02:18:02.971 | DEBUG    | androguard.core.axml:__init__:1146 - DEBUG ARSC TYPE 2
2026-08-16 02:18:02.971 | DEBUG    | androguard.core.axml:__init__:1167 - START_TAG: action (line=201)
2026-08-16 02:18:02.971 | DEBUG    | androguard.core.axml:getAttributeNamespace:981 - 0
2026-08-16 02:18:02.971 | DEBUG    | androguard.core.axml:getAttributeUri:968 - 0
2026-08-16 02:18:02.971 | DEBUG    | androguard.core.axml:getAttributeName:997 - 0
2026-08-16 02:18:02.971 | DEBUG    | androguard.core.axml:getAttributeValueType:1027 - 0
2026-08-16 02:18:02.971 | DEBUG    | androguard.core.axml:getAttributeValueData:1038 - 0
2026-08-16 02:18:02.971 | DEBUG    | androguard.core.axml:getAttributeValue:1052 - 0
2026-08-16 02:18:02.971 | DEBUG    | androguard.core.axml:__init__:1195 - found an attribute: {http://schemas.android.com/apk/res/android}name='b'androidx.profileinstaller.action.BENCHMARK_OPERATION''
2026-08-16 02:18:02.971 | DEBUG    | androguard.core.axml:is_valid:575 - True
2026-08-16 02:18:02.971 | DEBUG    | androguard.core.axml:_do_next:593 - M_EVENT 2
2026-08-16 02:18:02.971 | DEBUG    | androguard.core.axml:_do_next:608 - NEXT HEADER <ARSCHeader idx='0x00007478' type='259' header_size='16' size='24'>
2026-08-16 02:18:02.971 | DEBUG    | androguard.core.axml:__init__:1146 - DEBUG ARSC TYPE 3
2026-08-16 02:18:02.971 | DEBUG    | androguard.core.axml:is_valid:575 - True
2026-08-16 02:18:02.971 | DEBUG    | androguard.core.axml:_do_next:593 - M_EVENT 3
2026-08-16 02:18:02.971 | DEBUG    | androguard.core.axml:_do_next:608 - NEXT HEADER <ARSCHeader idx='0x00007490' type='259' header_size='16' size='24'>
2026-08-16 02:18:02.971 | DEBUG    | androguard.core.axml:__init__:1146 - DEBUG ARSC TYPE 3
2026-08-16 02:18:02.971 | DEBUG    | androguard.core.axml:is_valid:575 - True
2026-08-16 02:18:02.971 | DEBUG    | androguard.core.axml:_do_next:593 - M_EVENT 3
2026-08-16 02:18:02.971 | DEBUG    | androguard.core.axml:_do_next:608 - NEXT HEADER <ARSCHeader idx='0x000074a8' type='259' header_size='16' size='24'>
2026-08-16 02:18:02.971 | DEBUG    | androguard.core.axml:__init__:1146 - DEBUG ARSC TYPE 3
2026-08-16 02:18:02.971 | DEBUG    | androguard.core.axml:is_valid:575 - True
2026-08-16 02:18:02.971 | DEBUG    | androguard.core.axml:_do_next:593 - M_EVENT 3
2026-08-16 02:18:02.971 | DEBUG    | androguard.core.axml:_do_next:608 - NEXT HEADER <ARSCHeader idx='0x000074c0' type='258' header_size='16' size='96'>
2026-08-16 02:18:02.971 | DEBUG    | androguard.core.axml:__init__:1146 - DEBUG ARSC TYPE 2
2026-08-16 02:18:02.971 | DEBUG    | androguard.core.axml:__init__:1167 - START_TAG: activity (line=204)
2026-08-16 02:18:02.971 | DEBUG    | androguard.core.axml:getAttributeNamespace:981 - 0
2026-08-16 02:18:02.971 | DEBUG    | androguard.core.axml:getAttributeUri:968 - 0
2026-08-16 02:18:02.971 | DEBUG    | androguard.core.axml:getAttributeName:997 - 0
2026-08-16 02:18:02.971 | DEBUG    | androguard.core.axml:getAttributeValueType:1027 - 0
2026-08-16 02:18:02.971 | DEBUG    | androguard.core.axml:getAttributeValueData:1038 - 0
2026-08-16 02:18:02.971 | DEBUG    | androguard.core.axml:getAttributeValue:1052 - 0
2026-08-16 02:18:02.971 | DEBUG    | androguard.core.axml:__init__:1195 - found an attribute: {http://schemas.android.com/apk/res/android}name='b'edodpwmfjeji.efxosm.dkjskemd''
2026-08-16 02:18:02.971 | DEBUG    | androguard.core.axml:getAttributeNamespace:981 - 1
2026-08-16 02:18:02.971 | DEBUG    | androguard.core.axml:getAttributeUri:968 - 1
2026-08-16 02:18:02.971 | DEBUG    | androguard.core.axml:getAttributeName:997 - 1
2026-08-16 02:18:02.971 | DEBUG    | androguard.core.axml:getAttributeValueType:1027 - 1
2026-08-16 02:18:02.971 | DEBUG    | androguard.core.axml:getAttributeValueData:1038 - 1
2026-08-16 02:18:02.971 | DEBUG    | androguard.core.axml:__init__:1195 - found an attribute: {http://schemas.android.com/apk/res/android}enabled='b'false''
2026-08-16 02:18:02.971 | DEBUG    | androguard.core.axml:getAttributeNamespace:981 - 2
2026-08-16 02:18:02.971 | DEBUG    | androguard.core.axml:getAttributeUri:968 - 2
2026-08-16 02:18:02.971 | DEBUG    | androguard.core.axml:getAttributeName:997 - 2
2026-08-16 02:18:02.971 | DEBUG    | androguard.core.axml:getAttributeValueType:1027 - 2
2026-08-16 02:18:02.971 | DEBUG    | androguard.core.axml:getAttributeValueData:1038 - 2
2026-08-16 02:18:02.971 | DEBUG    | androguard.core.axml:__init__:1195 - found an attribute: {http://schemas.android.com/apk/res/android}screenOrientation='b'1''
2026-08-16 02:18:02.971 | DEBUG    | androguard.core.axml:is_valid:575 - True
2026-08-16 02:18:02.971 | DEBUG    | androguard.core.axml:_do_next:593 - M_EVENT 2
2026-08-16 02:18:02.971 | DEBUG    | androguard.core.axml:_do_next:608 - NEXT HEADER <ARSCHeader idx='0x00007520' type='259' header_size='16' size='24'>
2026-08-16 02:18:02.971 | DEBUG    | androguard.core.axml:__init__:1146 - DEBUG ARSC TYPE 3
2026-08-16 02:18:02.971 | DEBUG    | androguard.core.axml:is_valid:575 - True
2026-08-16 02:18:02.971 | DEBUG    | androguard.core.axml:_do_next:593 - M_EVENT 3
2026-08-16 02:18:02.971 | DEBUG    | androguard.core.axml:_do_next:608 - NEXT HEADER <ARSCHeader idx='0x00007538' type='258' header_size='16' size='116'>
2026-08-16 02:18:02.971 | DEBUG    | androguard.core.axml:__init__:1146 - DEBUG ARSC TYPE 2
2026-08-16 02:18:02.971 | DEBUG    | androguard.core.axml:__init__:1167 - START_TAG: activity (line=205)
2026-08-16 02:18:02.971 | DEBUG    | androguard.core.axml:getAttributeNamespace:981 - 0
2026-08-16 02:18:02.971 | DEBUG    | androguard.core.axml:getAttributeUri:968 - 0
2026-08-16 02:18:02.971 | DEBUG    | androguard.core.axml:getAttributeName:997 - 0
2026-08-16 02:18:02.971 | DEBUG    | androguard.core.axml:getAttributeValueType:1027 - 0
2026-08-16 02:18:02.971 | DEBUG    | androguard.core.axml:getAttributeValueData:1038 - 0
2026-08-16 02:18:02.971 | DEBUG    | androguard.core.axml:getAttributeValue:1052 - 0
2026-08-16 02:18:02.971 | DEBUG    | androguard.core.axml:__init__:1195 - found an attribute: {http://schemas.android.com/apk/res/android}name='b'oqzfksq.pqlqf.mrky''
2026-08-16 02:18:02.971 | DEBUG    | androguard.core.axml:getAttributeNamespace:981 - 1
2026-08-16 02:18:02.971 | DEBUG    | androguard.core.axml:getAttributeUri:968 - 1
2026-08-16 02:18:02.971 | DEBUG    | androguard.core.axml:getAttributeName:997 - 1
2026-08-16 02:18:02.971 | DEBUG    | androguard.core.axml:getAttributeValueType:1027 - 1
2026-08-16 02:18:02.971 | DEBUG    | androguard.core.axml:getAttributeValueData:1038 - 1
2026-08-16 02:18:02.971 | DEBUG    | androguard.core.axml:__init__:1195 - found an attribute: {http://schemas.android.com/apk/res/android}enabled='b'false''
2026-08-16 02:18:02.971 | DEBUG    | androguard.core.axml:getAttributeNamespace:981 - 2
2026-08-16 02:18:02.971 | DEBUG    | androguard.core.axml:getAttributeUri:968 - 2
2026-08-16 02:18:02.971 | DEBUG    | androguard.core.axml:getAttributeName:997 - 2
2026-08-16 02:18:02.971 | DEBUG    | androguard.core.axml:getAttributeValueType:1027 - 2
2026-08-16 02:18:02.971 | DEBUG    | androguard.core.axml:getAttributeValueData:1038 - 2
2026-08-16 02:18:02.971 | DEBUG    | androguard.core.axml:__init__:1195 - found an attribute: {http://schemas.android.com/apk/res/android}screenOrientation='b'1''
2026-08-16 02:18:02.972 | DEBUG    | androguard.core.axml:getAttributeNamespace:981 - 3
2026-08-16 02:18:02.972 | DEBUG    | androguard.core.axml:getAttributeUri:968 - 3
2026-08-16 02:18:02.972 | DEBUG    | androguard.core.axml:getAttributeName:997 - 3
2026-08-16 02:18:02.972 | DEBUG    | androguard.core.axml:getAttributeValueType:1027 - 3
2026-08-16 02:18:02.972 | DEBUG    | androguard.core.axml:getAttributeValueData:1038 - 3
2026-08-16 02:18:02.972 | DEBUG    | androguard.core.axml:__init__:1195 - found an attribute: {http://schemas.android.com/apk/res/android}windowSoftInputMode='b'0x00000010''
2026-08-16 02:18:02.972 | DEBUG    | androguard.core.axml:is_valid:575 - True
2026-08-16 02:18:02.972 | DEBUG    | androguard.core.axml:_do_next:593 - M_EVENT 2
2026-08-16 02:18:02.972 | DEBUG    | androguard.core.axml:_do_next:608 - NEXT HEADER <ARSCHeader idx='0x000075ac' type='259' header_size='16' size='24'>
2026-08-16 02:18:02.972 | DEBUG    | androguard.core.axml:__init__:1146 - DEBUG ARSC TYPE 3
2026-08-16 02:18:02.972 | DEBUG    | androguard.core.axml:is_valid:575 - True
2026-08-16 02:18:02.972 | DEBUG    | androguard.core.axml:_do_next:593 - M_EVENT 3
2026-08-16 02:18:02.972 | DEBUG    | androguard.core.axml:_do_next:608 - NEXT HEADER <ARSCHeader idx='0x000075c4' type='258' header_size='16' size='76'>
2026-08-16 02:18:02.972 | DEBUG    | androguard.core.axml:__init__:1146 - DEBUG ARSC TYPE 2
2026-08-16 02:18:02.972 | DEBUG    | androguard.core.axml:__init__:1167 - START_TAG: receiver (line=206)
2026-08-16 02:18:02.972 | DEBUG    | androguard.core.axml:getAttributeNamespace:981 - 0
2026-08-16 02:18:02.972 | DEBUG    | androguard.core.axml:getAttributeUri:968 - 0
2026-08-16 02:18:02.972 | DEBUG    | androguard.core.axml:getAttributeName:997 - 0
2026-08-16 02:18:02.972 | DEBUG    | androguard.core.axml:getAttributeValueType:1027 - 0
2026-08-16 02:18:02.972 | DEBUG    | androguard.core.axml:getAttributeValueData:1038 - 0
2026-08-16 02:18:02.972 | DEBUG    | androguard.core.axml:getAttributeValue:1052 - 0
2026-08-16 02:18:02.972 | DEBUG    | androguard.core.axml:__init__:1195 - found an attribute: {http://schemas.android.com/apk/res/android}name='b'rfjdjdk.djfifjekkd.ciciidkdkf''
2026-08-16 02:18:02.972 | DEBUG    | androguard.core.axml:getAttributeNamespace:981 - 1
2026-08-16 02:18:02.972 | DEBUG    | androguard.core.axml:getAttributeUri:968 - 1
2026-08-16 02:18:02.972 | DEBUG    | androguard.core.axml:getAttributeName:997 - 1
2026-08-16 02:18:02.972 | DEBUG    | androguard.core.axml:getAttributeValueType:1027 - 1
2026-08-16 02:18:02.972 | DEBUG    | androguard.core.axml:getAttributeValueData:1038 - 1
2026-08-16 02:18:02.972 | DEBUG    | androguard.core.axml:__init__:1195 - found an attribute: {http://schemas.android.com/apk/res/android}enabled='b'false''
2026-08-16 02:18:02.972 | DEBUG    | androguard.core.axml:is_valid:575 - True
2026-08-16 02:18:02.972 | DEBUG    | androguard.core.axml:_do_next:593 - M_EVENT 2
2026-08-16 02:18:02.972 | DEBUG    | androguard.core.axml:_do_next:608 - NEXT HEADER <ARSCHeader idx='0x00007610' type='259' header_size='16' size='24'>
2026-08-16 02:18:02.972 | DEBUG    | androguard.core.axml:__init__:1146 - DEBUG ARSC TYPE 3
2026-08-16 02:18:02.972 | DEBUG    | androguard.core.axml:is_valid:575 - True
2026-08-16 02:18:02.972 | DEBUG    | androguard.core.axml:_do_next:593 - M_EVENT 3
2026-08-16 02:18:02.972 | DEBUG    | androguard.core.axml:_do_next:608 - NEXT HEADER <ARSCHeader idx='0x00007628' type='258' header_size='16' size='96'>
2026-08-16 02:18:02.972 | DEBUG    | androguard.core.axml:__init__:1146 - DEBUG ARSC TYPE 2
2026-08-16 02:18:02.972 | DEBUG    | androguard.core.axml:__init__:1167 - START_TAG: receiver (line=207)
2026-08-16 02:18:02.972 | DEBUG    | androguard.core.axml:getAttributeNamespace:981 - 0
2026-08-16 02:18:02.972 | DEBUG    | androguard.core.axml:getAttributeUri:968 - 0
2026-08-16 02:18:02.972 | DEBUG    | androguard.core.axml:getAttributeName:997 - 0
2026-08-16 02:18:02.972 | DEBUG    | androguard.core.axml:getAttributeValueType:1027 - 0
2026-08-16 02:18:02.972 | DEBUG    | androguard.core.axml:getAttributeValueData:1038 - 0
2026-08-16 02:18:02.972 | DEBUG    | androguard.core.axml:getAttributeValue:1052 - 0
2026-08-16 02:18:02.972 | DEBUG    | androguard.core.axml:__init__:1195 - found an attribute: {http://schemas.android.com/apk/res/android}name='b'rfjfidikdf.jfifid.fjfid.fjer''
2026-08-16 02:18:02.972 | DEBUG    | androguard.core.axml:getAttributeNamespace:981 - 1
2026-08-16 02:18:02.972 | DEBUG    | androguard.core.axml:getAttributeUri:968 - 1
2026-08-16 02:18:02.972 | DEBUG    | androguard.core.axml:getAttributeName:997 - 1
2026-08-16 02:18:02.972 | DEBUG    | androguard.core.axml:getAttributeValueType:1027 - 1
2026-08-16 02:18:02.972 | DEBUG    | androguard.core.axml:getAttributeValueData:1038 - 1
2026-08-16 02:18:02.972 | DEBUG    | androguard.core.axml:__init__:1195 - found an attribute: {http://schemas.android.com/apk/res/android}enabled='b'false''
2026-08-16 02:18:02.972 | DEBUG    | androguard.core.axml:getAttributeNamespace:981 - 2
2026-08-16 02:18:02.972 | DEBUG    | androguard.core.axml:getAttributeUri:968 - 2
2026-08-16 02:18:02.972 | DEBUG    | androguard.core.axml:getAttributeName:997 - 2
2026-08-16 02:18:02.972 | DEBUG    | androguard.core.axml:getAttributeValueType:1027 - 2
2026-08-16 02:18:02.972 | DEBUG    | androguard.core.axml:getAttributeValueData:1038 - 2
2026-08-16 02:18:02.972 | DEBUG    | androguard.core.axml:__init__:1195 - found an attribute: {http://schemas.android.com/apk/res/android}exported='b'false''
2026-08-16 02:18:02.972 | DEBUG    | androguard.core.axml:is_valid:575 - True
2026-08-16 02:18:02.972 | DEBUG    | androguard.core.axml:_do_next:593 - M_EVENT 2
2026-08-16 02:18:02.972 | DEBUG    | androguard.core.axml:_do_next:608 - NEXT HEADER <ARSCHeader idx='0x00007688' type='258' header_size='16' size='36'>
2026-08-16 02:18:02.972 | DEBUG    | androguard.core.axml:__init__:1146 - DEBUG ARSC TYPE 2
2026-08-16 02:18:02.972 | DEBUG    | androguard.core.axml:__init__:1167 - START_TAG: intent-filter (line=208)
2026-08-16 02:18:02.972 | DEBUG    | androguard.core.axml:is_valid:575 - True
2026-08-16 02:18:02.972 | DEBUG    | androguard.core.axml:_do_next:593 - M_EVENT 2
2026-08-16 02:18:02.972 | DEBUG    | androguard.core.axml:_do_next:608 - NEXT HEADER <ARSCHeader idx='0x000076ac' type='258' header_size='16' size='56'>
2026-08-16 02:18:02.972 | DEBUG    | androguard.core.axml:__init__:1146 - DEBUG ARSC TYPE 2
2026-08-16 02:18:02.972 | DEBUG    | androguard.core.axml:__init__:1167 - START_TAG: action (line=209)
2026-08-16 02:18:02.972 | DEBUG    | androguard.core.axml:getAttributeNamespace:981 - 0
2026-08-16 02:18:02.972 | DEBUG    | androguard.core.axml:getAttributeUri:968 - 0
2026-08-16 02:18:02.972 | DEBUG    | androguard.core.axml:getAttributeName:997 - 0
2026-08-16 02:18:02.972 | DEBUG    | androguard.core.axml:getAttributeValueType:1027 - 0
2026-08-16 02:18:02.972 | DEBUG    | androguard.core.axml:getAttributeValueData:1038 - 0
2026-08-16 02:18:02.972 | DEBUG    | androguard.core.axml:getAttributeValue:1052 - 0
2026-08-16 02:18:02.972 | DEBUG    | androguard.core.axml:__init__:1195 - found an attribute: {http://schemas.android.com/apk/res/android}name='b'android.intent.action.BOOT_COMPLETED''
2026-08-16 02:18:02.972 | DEBUG    | androguard.core.axml:is_valid:575 - True
2026-08-16 02:18:02.972 | DEBUG    | androguard.core.axml:_do_next:593 - M_EVENT 2
2026-08-16 02:18:02.972 | DEBUG    | androguard.core.axml:_do_next:608 - NEXT HEADER <ARSCHeader idx='0x000076e4' type='259' header_size='16' size='24'>
2026-08-16 02:18:02.972 | DEBUG    | androguard.core.axml:__init__:1146 - DEBUG ARSC TYPE 3
2026-08-16 02:18:02.972 | DEBUG    | androguard.core.axml:is_valid:575 - True
2026-08-16 02:18:02.972 | DEBUG    | androguard.core.axml:_do_next:593 - M_EVENT 3
2026-08-16 02:18:02.972 | DEBUG    | androguard.core.axml:_do_next:608 - NEXT HEADER <ARSCHeader idx='0x000076fc' type='258' header_size='16' size='56'>
2026-08-16 02:18:02.972 | DEBUG    | androguard.core.axml:__init__:1146 - DEBUG ARSC TYPE 2
2026-08-16 02:18:02.972 | DEBUG    | androguard.core.axml:__init__:1167 - START_TAG: action (line=210)
2026-08-16 02:18:02.972 | DEBUG    | androguard.core.axml:getAttributeNamespace:981 - 0
2026-08-16 02:18:02.972 | DEBUG    | androguard.core.axml:getAttributeUri:968 - 0
2026-08-16 02:18:02.972 | DEBUG    | androguard.core.axml:getAttributeName:997 - 0
2026-08-16 02:18:02.972 | DEBUG    | androguard.core.axml:getAttributeValueType:1027 - 0
2026-08-16 02:18:02.972 | DEBUG    | androguard.core.axml:getAttributeValueData:1038 - 0
2026-08-16 02:18:02.972 | DEBUG    | androguard.core.axml:getAttributeValue:1052 - 0
2026-08-16 02:18:02.972 | DEBUG    | androguard.core.axml:__init__:1195 - found an attribute: {http://schemas.android.com/apk/res/android}name='b'android.intent.action.QUICKBOOT_POWERON''
2026-08-16 02:18:02.972 | DEBUG    | androguard.core.axml:is_valid:575 - True
2026-08-16 02:18:02.972 | DEBUG    | androguard.core.axml:_do_next:593 - M_EVENT 2
2026-08-16 02:18:02.972 | DEBUG    | androguard.core.axml:_do_next:608 - NEXT HEADER <ARSCHeader idx='0x00007734' type='259' header_size='16' size='24'>
2026-08-16 02:18:02.972 | DEBUG    | androguard.core.axml:__init__:1146 - DEBUG ARSC TYPE 3
2026-08-16 02:18:02.972 | DEBUG    | androguard.core.axml:is_valid:575 - True
2026-08-16 02:18:02.972 | DEBUG    | androguard.core.axml:_do_next:593 - M_EVENT 3
2026-08-16 02:18:02.972 | DEBUG    | androguard.core.axml:_do_next:608 - NEXT HEADER <ARSCHeader idx='0x0000774c' type='258' header_size='16' size='56'>
2026-08-16 02:18:02.972 | DEBUG    | androguard.core.axml:__init__:1146 - DEBUG ARSC TYPE 2
2026-08-16 02:18:02.972 | DEBUG    | androguard.core.axml:__init__:1167 - START_TAG: action (line=211)
2026-08-16 02:18:02.972 | DEBUG    | androguard.core.axml:getAttributeNamespace:981 - 0
2026-08-16 02:18:02.972 | DEBUG    | androguard.core.axml:getAttributeUri:968 - 0
2026-08-16 02:18:02.972 | DEBUG    | androguard.core.axml:getAttributeName:997 - 0
2026-08-16 02:18:02.972 | DEBUG    | androguard.core.axml:getAttributeValueType:1027 - 0
2026-08-16 02:18:02.972 | DEBUG    | androguard.core.axml:getAttributeValueData:1038 - 0
2026-08-16 02:18:02.972 | DEBUG    | androguard.core.axml:getAttributeValue:1052 - 0
2026-08-16 02:18:02.972 | DEBUG    | androguard.core.axml:__init__:1195 - found an attribute: {http://schemas.android.com/apk/res/android}name='b'com.htc.intent.action.QUICKBOOT_POWERON''
2026-08-16 02:18:02.972 | DEBUG    | androguard.core.axml:is_valid:575 - True
2026-08-16 02:18:02.972 | DEBUG    | androguard.core.axml:_do_next:593 - M_EVENT 2
2026-08-16 02:18:02.972 | DEBUG    | androguard.core.axml:_do_next:608 - NEXT HEADER <ARSCHeader idx='0x00007784' type='259' header_size='16' size='24'>
2026-08-16 02:18:02.972 | DEBUG    | androguard.core.axml:__init__:1146 - DEBUG ARSC TYPE 3
2026-08-16 02:18:02.972 | DEBUG    | androguard.core.axml:is_valid:575 - True
2026-08-16 02:18:02.972 | DEBUG    | androguard.core.axml:_do_next:593 - M_EVENT 3
2026-08-16 02:18:02.972 | DEBUG    | androguard.core.axml:_do_next:608 - NEXT HEADER <ARSCHeader idx='0x0000779c' type='259' header_size='16' size='24'>
2026-08-16 02:18:02.972 | DEBUG    | androguard.core.axml:__init__:1146 - DEBUG ARSC TYPE 3
2026-08-16 02:18:02.972 | DEBUG    | androguard.core.axml:is_valid:575 - True
2026-08-16 02:18:02.972 | DEBUG    | androguard.core.axml:_do_next:593 - M_EVENT 3
2026-08-16 02:18:02.972 | DEBUG    | androguard.core.axml:_do_next:608 - NEXT HEADER <ARSCHeader idx='0x000077b4' type='259' header_size='16' size='24'>
2026-08-16 02:18:02.972 | DEBUG    | androguard.core.axml:__init__:1146 - DEBUG ARSC TYPE 3
2026-08-16 02:18:02.972 | DEBUG    | androguard.core.axml:is_valid:575 - True
2026-08-16 02:18:02.972 | DEBUG    | androguard.core.axml:_do_next:593 - M_EVENT 3
2026-08-16 02:18:02.973 | DEBUG    | androguard.core.axml:_do_next:608 - NEXT HEADER <ARSCHeader idx='0x000077cc' type='258' header_size='16' size='76'>
2026-08-16 02:18:02.973 | DEBUG    | androguard.core.axml:__init__:1146 - DEBUG ARSC TYPE 2
2026-08-16 02:18:02.973 | DEBUG    | androguard.core.axml:__init__:1167 - START_TAG: receiver (line=214)
2026-08-16 02:18:02.973 | DEBUG    | androguard.core.axml:getAttributeNamespace:981 - 0
2026-08-16 02:18:02.973 | DEBUG    | androguard.core.axml:getAttributeUri:968 - 0
2026-08-16 02:18:02.973 | DEBUG    | androguard.core.axml:getAttributeName:997 - 0
2026-08-16 02:18:02.973 | DEBUG    | androguard.core.axml:getAttributeValueType:1027 - 0
2026-08-16 02:18:02.973 | DEBUG    | androguard.core.axml:getAttributeValueData:1038 - 0
2026-08-16 02:18:02.973 | DEBUG    | androguard.core.axml:getAttributeValue:1052 - 0
2026-08-16 02:18:02.973 | DEBUG    | androguard.core.axml:__init__:1195 - found an attribute: {http://schemas.android.com/apk/res/android}name='b'ofpfpdlekdjxj.wjdjd.ejdjf.ididr''
2026-08-16 02:18:02.973 | DEBUG    | androguard.core.axml:getAttributeNamespace:981 - 1
2026-08-16 02:18:02.973 | DEBUG    | androguard.core.axml:getAttributeUri:968 - 1
2026-08-16 02:18:02.973 | DEBUG    | androguard.core.axml:getAttributeName:997 - 1
2026-08-16 02:18:02.973 | DEBUG    | androguard.core.axml:getAttributeValueType:1027 - 1
2026-08-16 02:18:02.973 | DEBUG    | androguard.core.axml:getAttributeValueData:1038 - 1
2026-08-16 02:18:02.973 | DEBUG    | androguard.core.axml:__init__:1195 - found an attribute: {http://schemas.android.com/apk/res/android}enabled='b'false''
2026-08-16 02:18:02.973 | DEBUG    | androguard.core.axml:is_valid:575 - True
2026-08-16 02:18:02.973 | DEBUG    | androguard.core.axml:_do_next:593 - M_EVENT 2
2026-08-16 02:18:02.973 | DEBUG    | androguard.core.axml:_do_next:608 - NEXT HEADER <ARSCHeader idx='0x00007818' type='259' header_size='16' size='24'>
2026-08-16 02:18:02.973 | DEBUG    | androguard.core.axml:__init__:1146 - DEBUG ARSC TYPE 3
2026-08-16 02:18:02.973 | DEBUG    | androguard.core.axml:is_valid:575 - True
2026-08-16 02:18:02.973 | DEBUG    | androguard.core.axml:_do_next:593 - M_EVENT 3
2026-08-16 02:18:02.973 | DEBUG    | androguard.core.axml:_do_next:608 - NEXT HEADER <ARSCHeader idx='0x00007830' type='258' header_size='16' size='96'>
2026-08-16 02:18:02.973 | DEBUG    | androguard.core.axml:__init__:1146 - DEBUG ARSC TYPE 2
2026-08-16 02:18:02.973 | DEBUG    | androguard.core.axml:__init__:1167 - START_TAG: receiver (line=215)
2026-08-16 02:18:02.973 | DEBUG    | androguard.core.axml:getAttributeNamespace:981 - 0
2026-08-16 02:18:02.973 | DEBUG    | androguard.core.axml:getAttributeUri:968 - 0
2026-08-16 02:18:02.973 | DEBUG    | androguard.core.axml:getAttributeName:997 - 0
2026-08-16 02:18:02.973 | DEBUG    | androguard.core.axml:getAttributeValueType:1027 - 0
2026-08-16 02:18:02.973 | DEBUG    | androguard.core.axml:getAttributeValueData:1038 - 0
2026-08-16 02:18:02.973 | DEBUG    | androguard.core.axml:getAttributeValue:1052 - 0
2026-08-16 02:18:02.973 | DEBUG    | androguard.core.axml:__init__:1195 - found an attribute: {http://schemas.android.com/apk/res/android}name='b'cfidkd.djjdj.dkdkeiver''
2026-08-16 02:18:02.973 | DEBUG    | androguard.core.axml:getAttributeNamespace:981 - 1
2026-08-16 02:18:02.973 | DEBUG    | androguard.core.axml:getAttributeUri:968 - 1
2026-08-16 02:18:02.973 | DEBUG    | androguard.core.axml:getAttributeName:997 - 1
2026-08-16 02:18:02.973 | DEBUG    | androguard.core.axml:getAttributeValueType:1027 - 1
2026-08-16 02:18:02.973 | DEBUG    | androguard.core.axml:getAttributeValueData:1038 - 1
2026-08-16 02:18:02.973 | DEBUG    | androguard.core.axml:__init__:1195 - found an attribute: {http://schemas.android.com/apk/res/android}enabled='b'false''
2026-08-16 02:18:02.973 | DEBUG    | androguard.core.axml:getAttributeNamespace:981 - 2
2026-08-16 02:18:02.973 | DEBUG    | androguard.core.axml:getAttributeUri:968 - 2
2026-08-16 02:18:02.973 | DEBUG    | androguard.core.axml:getAttributeName:997 - 2
2026-08-16 02:18:02.973 | DEBUG    | androguard.core.axml:getAttributeValueType:1027 - 2
2026-08-16 02:18:02.973 | DEBUG    | androguard.core.axml:getAttributeValueData:1038 - 2
2026-08-16 02:18:02.973 | DEBUG    | androguard.core.axml:__init__:1195 - found an attribute: {http://schemas.android.com/apk/res/android}exported='b'true''
2026-08-16 02:18:02.973 | DEBUG    | androguard.core.axml:is_valid:575 - True
2026-08-16 02:18:02.973 | DEBUG    | androguard.core.axml:_do_next:593 - M_EVENT 2
2026-08-16 02:18:02.973 | DEBUG    | androguard.core.axml:_do_next:608 - NEXT HEADER <ARSCHeader idx='0x00007890' type='258' header_size='16' size='36'>
2026-08-16 02:18:02.973 | DEBUG    | androguard.core.axml:__init__:1146 - DEBUG ARSC TYPE 2
2026-08-16 02:18:02.973 | DEBUG    | androguard.core.axml:__init__:1167 - START_TAG: intent-filter (line=216)
2026-08-16 02:18:02.973 | DEBUG    | androguard.core.axml:is_valid:575 - True
2026-08-16 02:18:02.973 | DEBUG    | androguard.core.axml:_do_next:593 - M_EVENT 2
2026-08-16 02:18:02.973 | DEBUG    | androguard.core.axml:_do_next:608 - NEXT HEADER <ARSCHeader idx='0x000078b4' type='258' header_size='16' size='56'>
2026-08-16 02:18:02.973 | DEBUG    | androguard.core.axml:__init__:1146 - DEBUG ARSC TYPE 2
2026-08-16 02:18:02.973 | DEBUG    | androguard.core.axml:__init__:1167 - START_TAG: action (line=217)
2026-08-16 02:18:02.973 | DEBUG    | androguard.core.axml:getAttributeNamespace:981 - 0
2026-08-16 02:18:02.973 | DEBUG    | androguard.core.axml:getAttributeUri:968 - 0
2026-08-16 02:18:02.973 | DEBUG    | androguard.core.axml:getAttributeName:997 - 0
2026-08-16 02:18:02.973 | DEBUG    | androguard.core.axml:getAttributeValueType:1027 - 0
2026-08-16 02:18:02.973 | DEBUG    | androguard.core.axml:getAttributeValueData:1038 - 0
2026-08-16 02:18:02.973 | DEBUG    | androguard.core.axml:getAttributeValue:1052 - 0
2026-08-16 02:18:02.973 | DEBUG    | androguard.core.axml:__init__:1195 - found an attribute: {http://schemas.android.com/apk/res/android}name='b'android.intent.action.PACKAGE_ADDED''
2026-08-16 02:18:02.973 | DEBUG    | androguard.core.axml:is_valid:575 - True
2026-08-16 02:18:02.973 | DEBUG    | androguard.core.axml:_do_next:593 - M_EVENT 2
2026-08-16 02:18:02.973 | DEBUG    | androguard.core.axml:_do_next:608 - NEXT HEADER <ARSCHeader idx='0x000078ec' type='259' header_size='16' size='24'>
2026-08-16 02:18:02.973 | DEBUG    | androguard.core.axml:__init__:1146 - DEBUG ARSC TYPE 3
2026-08-16 02:18:02.973 | DEBUG    | androguard.core.axml:is_valid:575 - True
2026-08-16 02:18:02.973 | DEBUG    | androguard.core.axml:_do_next:593 - M_EVENT 3
2026-08-16 02:18:02.973 | DEBUG    | androguard.core.axml:_do_next:608 - NEXT HEADER <ARSCHeader idx='0x00007904' type='258' header_size='16' size='56'>
2026-08-16 02:18:02.973 | DEBUG    | androguard.core.axml:__init__:1146 - DEBUG ARSC TYPE 2
2026-08-16 02:18:02.973 | DEBUG    | androguard.core.axml:__init__:1167 - START_TAG: data (line=218)
2026-08-16 02:18:02.973 | DEBUG    | androguard.core.axml:getAttributeNamespace:981 - 0
2026-08-16 02:18:02.973 | DEBUG    | androguard.core.axml:getAttributeUri:968 - 0
2026-08-16 02:18:02.973 | DEBUG    | androguard.core.axml:getAttributeName:997 - 0
2026-08-16 02:18:02.973 | DEBUG    | androguard.core.axml:getAttributeValueType:1027 - 0
2026-08-16 02:18:02.973 | DEBUG    | androguard.core.axml:getAttributeValueData:1038 - 0
2026-08-16 02:18:02.973 | DEBUG    | androguard.core.axml:getAttributeValue:1052 - 0
2026-08-16 02:18:02.973 | DEBUG    | androguard.core.axml:__init__:1195 - found an attribute: {http://schemas.android.com/apk/res/android}scheme='b'package''
2026-08-16 02:18:02.973 | DEBUG    | androguard.core.axml:is_valid:575 - True
2026-08-16 02:18:02.973 | DEBUG    | androguard.core.axml:_do_next:593 - M_EVENT 2
2026-08-16 02:18:02.973 | DEBUG    | androguard.core.axml:_do_next:608 - NEXT HEADER <ARSCHeader idx='0x0000793c' type='259' header_size='16' size='24'>
2026-08-16 02:18:02.973 | DEBUG    | androguard.core.axml:__init__:1146 - DEBUG ARSC TYPE 3
2026-08-16 02:18:02.973 | DEBUG    | androguard.core.axml:is_valid:575 - True
2026-08-16 02:18:02.973 | DEBUG    | androguard.core.axml:_do_next:593 - M_EVENT 3
2026-08-16 02:18:02.973 | DEBUG    | androguard.core.axml:_do_next:608 - NEXT HEADER <ARSCHeader idx='0x00007954' type='259' header_size='16' size='24'>
2026-08-16 02:18:02.973 | DEBUG    | androguard.core.axml:__init__:1146 - DEBUG ARSC TYPE 3
2026-08-16 02:18:02.973 | DEBUG    | androguard.core.axml:is_valid:575 - True
2026-08-16 02:18:02.973 | DEBUG    | androguard.core.axml:_do_next:593 - M_EVENT 3
2026-08-16 02:18:02.973 | DEBUG    | androguard.core.axml:_do_next:608 - NEXT HEADER <ARSCHeader idx='0x0000796c' type='259' header_size='16' size='24'>
2026-08-16 02:18:02.973 | DEBUG    | androguard.core.axml:__init__:1146 - DEBUG ARSC TYPE 3
2026-08-16 02:18:02.973 | DEBUG    | androguard.core.axml:is_valid:575 - True
2026-08-16 02:18:02.973 | DEBUG    | androguard.core.axml:_do_next:593 - M_EVENT 3
2026-08-16 02:18:02.973 | DEBUG    | androguard.core.axml:_do_next:608 - NEXT HEADER <ARSCHeader idx='0x00007984' type='258' header_size='16' size='136'>
2026-08-16 02:18:02.973 | DEBUG    | androguard.core.axml:__init__:1146 - DEBUG ARSC TYPE 2
2026-08-16 02:18:02.973 | DEBUG    | androguard.core.axml:__init__:1167 - START_TAG: receiver (line=221)
2026-08-16 02:18:02.973 | DEBUG    | androguard.core.axml:getAttributeNamespace:981 - 0
2026-08-16 02:18:02.973 | DEBUG    | androguard.core.axml:getAttributeUri:968 - 0
2026-08-16 02:18:02.973 | DEBUG    | androguard.core.axml:getAttributeName:997 - 0
2026-08-16 02:18:02.973 | DEBUG    | androguard.core.axml:getAttributeValueType:1027 - 0
2026-08-16 02:18:02.973 | DEBUG    | androguard.core.axml:getAttributeValueData:1038 - 0
2026-08-16 02:18:02.973 | DEBUG    | androguard.core.axml:getAttributeValue:1052 - 0
2026-08-16 02:18:02.973 | DEBUG    | androguard.core.axml:__init__:1195 - found an attribute: {http://schemas.android.com/apk/res/android}name='b'anfjfjfidkd.fkkfkdmde.ivfjfjfer''
2026-08-16 02:18:02.973 | DEBUG    | androguard.core.axml:getAttributeNamespace:981 - 1
2026-08-16 02:18:02.973 | DEBUG    | androguard.core.axml:getAttributeUri:968 - 1
2026-08-16 02:18:02.973 | DEBUG    | androguard.core.axml:getAttributeName:997 - 1
2026-08-16 02:18:02.973 | DEBUG    | androguard.core.axml:getAttributeValueType:1027 - 1
2026-08-16 02:18:02.973 | DEBUG    | androguard.core.axml:getAttributeValueData:1038 - 1
2026-08-16 02:18:02.973 | DEBUG    | androguard.core.axml:getAttributeValue:1052 - 1
2026-08-16 02:18:02.973 | DEBUG    | androguard.core.axml:__init__:1195 - found an attribute: {http://schemas.android.com/apk/res/android}permission='b'android.permission.DUMP''
2026-08-16 02:18:02.973 | DEBUG    | androguard.core.axml:getAttributeNamespace:981 - 2
2026-08-16 02:18:02.973 | DEBUG    | androguard.core.axml:getAttributeUri:968 - 2
2026-08-16 02:18:02.973 | DEBUG    | androguard.core.axml:getAttributeName:997 - 2
2026-08-16 02:18:02.973 | DEBUG    | androguard.core.axml:getAttributeValueType:1027 - 2
2026-08-16 02:18:02.973 | DEBUG    | androguard.core.axml:getAttributeValueData:1038 - 2
2026-08-16 02:18:02.973 | DEBUG    | androguard.core.axml:__init__:1195 - found an attribute: {http://schemas.android.com/apk/res/android}enabled='b'false''
2026-08-16 02:18:02.973 | DEBUG    | androguard.core.axml:getAttributeNamespace:981 - 3
2026-08-16 02:18:02.973 | DEBUG    | androguard.core.axml:getAttributeUri:968 - 3
2026-08-16 02:18:02.973 | DEBUG    | androguard.core.axml:getAttributeName:997 - 3
2026-08-16 02:18:02.973 | DEBUG    | androguard.core.axml:getAttributeValueType:1027 - 3
2026-08-16 02:18:02.973 | DEBUG    | androguard.core.axml:getAttributeValueData:1038 - 3
2026-08-16 02:18:02.973 | DEBUG    | androguard.core.axml:__init__:1195 - found an attribute: {http://schemas.android.com/apk/res/android}exported='b'true''
2026-08-16 02:18:02.973 | DEBUG    | androguard.core.axml:getAttributeNamespace:981 - 4
2026-08-16 02:18:02.974 | DEBUG    | androguard.core.axml:getAttributeUri:968 - 4
2026-08-16 02:18:02.974 | DEBUG    | androguard.core.axml:getAttributeName:997 - 4
2026-08-16 02:18:02.974 | DEBUG    | androguard.core.axml:getAttributeValueType:1027 - 4
2026-08-16 02:18:02.974 | DEBUG    | androguard.core.axml:getAttributeValueData:1038 - 4
2026-08-16 02:18:02.974 | DEBUG    | androguard.core.axml:__init__:1195 - found an attribute: {http://schemas.android.com/apk/res/android}directBootAware='b'false''
2026-08-16 02:18:02.974 | DEBUG    | androguard.core.axml:is_valid:575 - True
2026-08-16 02:18:02.974 | DEBUG    | androguard.core.axml:_do_next:593 - M_EVENT 2
2026-08-16 02:18:02.974 | DEBUG    | androguard.core.axml:_do_next:608 - NEXT HEADER <ARSCHeader idx='0x00007a0c' type='258' header_size='16' size='36'>
2026-08-16 02:18:02.974 | DEBUG    | androguard.core.axml:__init__:1146 - DEBUG ARSC TYPE 2
2026-08-16 02:18:02.974 | DEBUG    | androguard.core.axml:__init__:1167 - START_TAG: intent-filter (line=222)
2026-08-16 02:18:02.974 | DEBUG    | androguard.core.axml:is_valid:575 - True
2026-08-16 02:18:02.974 | DEBUG    | androguard.core.axml:_do_next:593 - M_EVENT 2
2026-08-16 02:18:02.974 | DEBUG    | androguard.core.axml:_do_next:608 - NEXT HEADER <ARSCHeader idx='0x00007a30' type='258' header_size='16' size='56'>
2026-08-16 02:18:02.974 | DEBUG    | androguard.core.axml:__init__:1146 - DEBUG ARSC TYPE 2
2026-08-16 02:18:02.974 | DEBUG    | androguard.core.axml:__init__:1167 - START_TAG: action (line=223)
2026-08-16 02:18:02.974 | DEBUG    | androguard.core.axml:getAttributeNamespace:981 - 0
2026-08-16 02:18:02.974 | DEBUG    | androguard.core.axml:getAttributeUri:968 - 0
2026-08-16 02:18:02.974 | DEBUG    | androguard.core.axml:getAttributeName:997 - 0
2026-08-16 02:18:02.974 | DEBUG    | androguard.core.axml:getAttributeValueType:1027 - 0
2026-08-16 02:18:02.974 | DEBUG    | androguard.core.axml:getAttributeValueData:1038 - 0
2026-08-16 02:18:02.974 | DEBUG    | androguard.core.axml:getAttributeValue:1052 - 0
2026-08-16 02:18:02.974 | DEBUG    | androguard.core.axml:__init__:1195 - found an attribute: {http://schemas.android.com/apk/res/android}name='b'androidx.work.diagnostics.REQUEST_DIAGNOSTICS''
2026-08-16 02:18:02.974 | DEBUG    | androguard.core.axml:is_valid:575 - True
2026-08-16 02:18:02.974 | DEBUG    | androguard.core.axml:_do_next:593 - M_EVENT 2
2026-08-16 02:18:02.974 | DEBUG    | androguard.core.axml:_do_next:608 - NEXT HEADER <ARSCHeader idx='0x00007a68' type='259' header_size='16' size='24'>
2026-08-16 02:18:02.974 | DEBUG    | androguard.core.axml:__init__:1146 - DEBUG ARSC TYPE 3
2026-08-16 02:18:02.974 | DEBUG    | androguard.core.axml:is_valid:575 - True
2026-08-16 02:18:02.974 | DEBUG    | androguard.core.axml:_do_next:593 - M_EVENT 3
2026-08-16 02:18:02.974 | DEBUG    | androguard.core.axml:_do_next:608 - NEXT HEADER <ARSCHeader idx='0x00007a80' type='259' header_size='16' size='24'>
2026-08-16 02:18:02.974 | DEBUG    | androguard.core.axml:__init__:1146 - DEBUG ARSC TYPE 3
2026-08-16 02:18:02.974 | DEBUG    | androguard.core.axml:is_valid:575 - True
2026-08-16 02:18:02.974 | DEBUG    | androguard.core.axml:_do_next:593 - M_EVENT 3
2026-08-16 02:18:02.974 | DEBUG    | androguard.core.axml:_do_next:608 - NEXT HEADER <ARSCHeader idx='0x00007a98' type='259' header_size='16' size='24'>
2026-08-16 02:18:02.974 | DEBUG    | androguard.core.axml:__init__:1146 - DEBUG ARSC TYPE 3
2026-08-16 02:18:02.974 | DEBUG    | androguard.core.axml:is_valid:575 - True
2026-08-16 02:18:02.974 | DEBUG    | androguard.core.axml:_do_next:593 - M_EVENT 3
2026-08-16 02:18:02.974 | DEBUG    | androguard.core.axml:_do_next:608 - NEXT HEADER <ARSCHeader idx='0x00007ab0' type='258' header_size='16' size='76'>
2026-08-16 02:18:02.974 | DEBUG    | androguard.core.axml:__init__:1146 - DEBUG ARSC TYPE 2
2026-08-16 02:18:02.974 | DEBUG    | androguard.core.axml:__init__:1167 - START_TAG: meta-data (line=226)
2026-08-16 02:18:02.974 | DEBUG    | androguard.core.axml:getAttributeNamespace:981 - 0
2026-08-16 02:18:02.974 | DEBUG    | androguard.core.axml:getAttributeUri:968 - 0
2026-08-16 02:18:02.974 | DEBUG    | androguard.core.axml:getAttributeName:997 - 0
2026-08-16 02:18:02.974 | DEBUG    | androguard.core.axml:getAttributeValueType:1027 - 0
2026-08-16 02:18:02.974 | DEBUG    | androguard.core.axml:getAttributeValueData:1038 - 0
2026-08-16 02:18:02.974 | DEBUG    | androguard.core.axml:getAttributeValue:1052 - 0
2026-08-16 02:18:02.974 | DEBUG    | androguard.core.axml:__init__:1195 - found an attribute: {http://schemas.android.com/apk/res/android}name='b'com.kaspersky.security.KsConnectService''
2026-08-16 02:18:02.974 | DEBUG    | androguard.core.axml:getAttributeNamespace:981 - 1
2026-08-16 02:18:02.974 | DEBUG    | androguard.core.axml:getAttributeUri:968 - 1
2026-08-16 02:18:02.974 | DEBUG    | androguard.core.axml:getAttributeName:997 - 1
2026-08-16 02:18:02.974 | DEBUG    | androguard.core.axml:getAttributeValueType:1027 - 1
2026-08-16 02:18:02.974 | DEBUG    | androguard.core.axml:getAttributeValueData:1038 - 1
2026-08-16 02:18:02.974 | DEBUG    | androguard.core.axml:getAttributeValue:1052 - 1
2026-08-16 02:18:02.974 | DEBUG    | androguard.core.axml:__init__:1195 - found an attribute: {http://schemas.android.com/apk/res/android}value='b'mfWJRrkd.uh''
2026-08-16 02:18:02.974 | DEBUG    | androguard.core.axml:is_valid:575 - True
2026-08-16 02:18:02.974 | DEBUG    | androguard.core.axml:_do_next:593 - M_EVENT 2
2026-08-16 02:18:02.974 | DEBUG    | androguard.core.axml:_do_next:608 - NEXT HEADER <ARSCHeader idx='0x00007afc' type='259' header_size='16' size='24'>
2026-08-16 02:18:02.974 | DEBUG    | androguard.core.axml:__init__:1146 - DEBUG ARSC TYPE 3
2026-08-16 02:18:02.974 | DEBUG    | androguard.core.axml:is_valid:575 - True
2026-08-16 02:18:02.974 | DEBUG    | androguard.core.axml:_do_next:593 - M_EVENT 3
2026-08-16 02:18:02.974 | DEBUG    | androguard.core.axml:_do_next:608 - NEXT HEADER <ARSCHeader idx='0x00007b14' type='258' header_size='16' size='76'>
2026-08-16 02:18:02.974 | DEBUG    | androguard.core.axml:__init__:1146 - DEBUG ARSC TYPE 2
2026-08-16 02:18:02.974 | DEBUG    | androguard.core.axml:__init__:1167 - START_TAG: meta-data (line=227)
2026-08-16 02:18:02.974 | DEBUG    | androguard.core.axml:getAttributeNamespace:981 - 0
2026-08-16 02:18:02.974 | DEBUG    | androguard.core.axml:getAttributeUri:968 - 0
2026-08-16 02:18:02.974 | DEBUG    | androguard.core.axml:getAttributeName:997 - 0
2026-08-16 02:18:02.974 | DEBUG    | androguard.core.axml:getAttributeValueType:1027 - 0
2026-08-16 02:18:02.974 | DEBUG    | androguard.core.axml:getAttributeValueData:1038 - 0
2026-08-16 02:18:02.974 | DEBUG    | androguard.core.axml:getAttributeValue:1052 - 0
2026-08-16 02:18:02.974 | DEBUG    | androguard.core.axml:__init__:1195 - found an attribute: {http://schemas.android.com/apk/res/android}name='b'com.kaspersky.security.NewKsConnectService''
2026-08-16 02:18:02.974 | DEBUG    | androguard.core.axml:getAttributeNamespace:981 - 1
2026-08-16 02:18:02.974 | DEBUG    | androguard.core.axml:getAttributeUri:968 - 1
2026-08-16 02:18:02.974 | DEBUG    | androguard.core.axml:getAttributeName:997 - 1
2026-08-16 02:18:02.974 | DEBUG    | androguard.core.axml:getAttributeValueType:1027 - 1
2026-08-16 02:18:02.974 | DEBUG    | androguard.core.axml:getAttributeValueData:1038 - 1
2026-08-16 02:18:02.974 | DEBUG    | androguard.core.axml:getAttributeValue:1052 - 1
2026-08-16 02:18:02.974 | DEBUG    | androguard.core.axml:__init__:1195 - found an attribute: {http://schemas.android.com/apk/res/android}value='b'.uh''
2026-08-16 02:18:02.974 | DEBUG    | androguard.core.axml:is_valid:575 - True
2026-08-16 02:18:02.974 | DEBUG    | androguard.core.axml:_do_next:593 - M_EVENT 2
2026-08-16 02:18:02.974 | DEBUG    | androguard.core.axml:_do_next:608 - NEXT HEADER <ARSCHeader idx='0x00007b60' type='259' header_size='16' size='24'>
2026-08-16 02:18:02.974 | DEBUG    | androguard.core.axml:__init__:1146 - DEBUG ARSC TYPE 3
2026-08-16 02:18:02.974 | DEBUG    | androguard.core.axml:is_valid:575 - True
2026-08-16 02:18:02.974 | DEBUG    | androguard.core.axml:_do_next:593 - M_EVENT 3
2026-08-16 02:18:02.974 | DEBUG    | androguard.core.axml:_do_next:608 - NEXT HEADER <ARSCHeader idx='0x00007b78' type='258' header_size='16' size='76'>
2026-08-16 02:18:02.974 | DEBUG    | androguard.core.axml:__init__:1146 - DEBUG ARSC TYPE 2
2026-08-16 02:18:02.974 | DEBUG    | androguard.core.axml:__init__:1167 - START_TAG: meta-data (line=228)
2026-08-16 02:18:02.974 | DEBUG    | androguard.core.axml:getAttributeNamespace:981 - 0
2026-08-16 02:18:02.974 | DEBUG    | androguard.core.axml:getAttributeUri:968 - 0
2026-08-16 02:18:02.974 | DEBUG    | androguard.core.axml:getAttributeName:997 - 0
2026-08-16 02:18:02.974 | DEBUG    | androguard.core.axml:getAttributeValueType:1027 - 0
2026-08-16 02:18:02.974 | DEBUG    | androguard.core.axml:getAttributeValueData:1038 - 0
2026-08-16 02:18:02.974 | DEBUG    | androguard.core.axml:getAttributeValue:1052 - 0
2026-08-16 02:18:02.974 | DEBUG    | androguard.core.axml:__init__:1195 - found an attribute: {http://schemas.android.com/apk/res/android}name='b'android.app.shortcuts''
2026-08-16 02:18:02.974 | DEBUG    | androguard.core.axml:getAttributeNamespace:981 - 1
2026-08-16 02:18:02.974 | DEBUG    | androguard.core.axml:getAttributeUri:968 - 1
2026-08-16 02:18:02.974 | DEBUG    | androguard.core.axml:getAttributeName:997 - 1
2026-08-16 02:18:02.974 | DEBUG    | androguard.core.axml:getAttributeValueType:1027 - 1
2026-08-16 02:18:02.974 | DEBUG    | androguard.core.axml:getAttributeValueData:1038 - 1
2026-08-16 02:18:02.974 | DEBUG    | androguard.core.axml:getAttributeValue:1052 - 1
2026-08-16 02:18:02.974 | DEBUG    | androguard.core.axml:__init__:1195 - found an attribute: {http://schemas.android.com/apk/res/android}value='b'ReplaceThisWithWorkerName''
2026-08-16 02:18:02.974 | DEBUG    | androguard.core.axml:is_valid:575 - True
2026-08-16 02:18:02.974 | DEBUG    | androguard.core.axml:_do_next:593 - M_EVENT 2
2026-08-16 02:18:02.974 | DEBUG    | androguard.core.axml:_do_next:608 - NEXT HEADER <ARSCHeader idx='0x00007bc4' type='259' header_size='16' size='24'>
2026-08-16 02:18:02.974 | DEBUG    | androguard.core.axml:__init__:1146 - DEBUG ARSC TYPE 3
2026-08-16 02:18:02.974 | DEBUG    | androguard.core.axml:is_valid:575 - True
2026-08-16 02:18:02.974 | DEBUG    | androguard.core.axml:_do_next:593 - M_EVENT 3
2026-08-16 02:18:02.974 | DEBUG    | androguard.core.axml:_do_next:608 - NEXT HEADER <ARSCHeader idx='0x00007bdc' type='259' header_size='16' size='24'>
2026-08-16 02:18:02.974 | DEBUG    | androguard.core.axml:__init__:1146 - DEBUG ARSC TYPE 3
2026-08-16 02:18:02.974 | DEBUG    | androguard.core.axml:is_valid:575 - True
2026-08-16 02:18:02.974 | DEBUG    | androguard.core.axml:_do_next:593 - M_EVENT 3
2026-08-16 02:18:02.974 | DEBUG    | androguard.core.axml:_do_next:608 - NEXT HEADER <ARSCHeader idx='0x00007bf4' type='258' header_size='16' size='56'>
2026-08-16 02:18:02.974 | DEBUG    | androguard.core.axml:__init__:1146 - DEBUG ARSC TYPE 2
2026-08-16 02:18:02.974 | DEBUG    | androguard.core.axml:__init__:1167 - START_TAG: uses-permission (line=230)
2026-08-16 02:18:02.974 | DEBUG    | androguard.core.axml:getAttributeNamespace:981 - 0
2026-08-16 02:18:02.974 | DEBUG    | androguard.core.axml:getAttributeUri:968 - 0
2026-08-16 02:18:02.974 | DEBUG    | androguard.core.axml:getAttributeName:997 - 0
2026-08-16 02:18:02.974 | DEBUG    | androguard.core.axml:getAttributeValueType:1027 - 0
2026-08-16 02:18:02.974 | DEBUG    | androguard.core.axml:getAttributeValueData:1038 - 0
2026-08-16 02:18:02.974 | DEBUG    | androguard.core.axml:getAttributeValue:1052 - 0
2026-08-16 02:18:02.975 | DEBUG    | androguard.core.axml:__init__:1195 - found an attribute: {http://schemas.android.com/apk/res/android}name='b'android.permission.WRITE_SETTINGS''
2026-08-16 02:18:02.975 | DEBUG    | androguard.core.axml:is_valid:575 - True
2026-08-16 02:18:02.975 | DEBUG    | androguard.core.axml:_do_next:593 - M_EVENT 2
2026-08-16 02:18:02.975 | DEBUG    | androguard.core.axml:_do_next:608 - NEXT HEADER <ARSCHeader idx='0x00007c2c' type='259' header_size='16' size='24'>
2026-08-16 02:18:02.975 | DEBUG    | androguard.core.axml:__init__:1146 - DEBUG ARSC TYPE 3
2026-08-16 02:18:02.975 | DEBUG    | androguard.core.axml:is_valid:575 - True
2026-08-16 02:18:02.975 | DEBUG    | androguard.core.axml:_do_next:593 - M_EVENT 3
2026-08-16 02:18:02.975 | DEBUG    | androguard.core.axml:_do_next:608 - NEXT HEADER <ARSCHeader idx='0x00007c44' type='258' header_size='16' size='56'>
2026-08-16 02:18:02.975 | DEBUG    | androguard.core.axml:__init__:1146 - DEBUG ARSC TYPE 2
2026-08-16 02:18:02.975 | DEBUG    | androguard.core.axml:__init__:1167 - START_TAG: uses-permission (line=231)
2026-08-16 02:18:02.975 | DEBUG    | androguard.core.axml:getAttributeNamespace:981 - 0
2026-08-16 02:18:02.975 | DEBUG    | androguard.core.axml:getAttributeUri:968 - 0
2026-08-16 02:18:02.975 | DEBUG    | androguard.core.axml:getAttributeName:997 - 0
2026-08-16 02:18:02.975 | DEBUG    | androguard.core.axml:getAttributeValueType:1027 - 0
2026-08-16 02:18:02.975 | DEBUG    | androguard.core.axml:getAttributeValueData:1038 - 0
2026-08-16 02:18:02.975 | DEBUG    | androguard.core.axml:getAttributeValue:1052 - 0
2026-08-16 02:18:02.975 | DEBUG    | androguard.core.axml:__init__:1195 - found an attribute: {http://schemas.android.com/apk/res/android}name='b'android.permission.FOREGROUND_SERVICE_MICROPHONE''
2026-08-16 02:18:02.975 | DEBUG    | androguard.core.axml:is_valid:575 - True
2026-08-16 02:18:02.975 | DEBUG    | androguard.core.axml:_do_next:593 - M_EVENT 2
2026-08-16 02:18:02.975 | DEBUG    | androguard.core.axml:_do_next:608 - NEXT HEADER <ARSCHeader idx='0x00007c7c' type='259' header_size='16' size='24'>
2026-08-16 02:18:02.975 | DEBUG    | androguard.core.axml:__init__:1146 - DEBUG ARSC TYPE 3
2026-08-16 02:18:02.975 | DEBUG    | androguard.core.axml:is_valid:575 - True
2026-08-16 02:18:02.975 | DEBUG    | androguard.core.axml:_do_next:593 - M_EVENT 3
2026-08-16 02:18:02.975 | DEBUG    | androguard.core.axml:_do_next:608 - NEXT HEADER <ARSCHeader idx='0x00007c94' type='258' header_size='16' size='56'>
2026-08-16 02:18:02.975 | DEBUG    | androguard.core.axml:__init__:1146 - DEBUG ARSC TYPE 2
2026-08-16 02:18:02.975 | DEBUG    | androguard.core.axml:__init__:1167 - START_TAG: uses-permission (line=232)
2026-08-16 02:18:02.975 | DEBUG    | androguard.core.axml:getAttributeNamespace:981 - 0
2026-08-16 02:18:02.975 | DEBUG    | androguard.core.axml:getAttributeUri:968 - 0
2026-08-16 02:18:02.975 | DEBUG    | androguard.core.axml:getAttributeName:997 - 0
2026-08-16 02:18:02.975 | DEBUG    | androguard.core.axml:getAttributeValueType:1027 - 0
2026-08-16 02:18:02.975 | DEBUG    | androguard.core.axml:getAttributeValueData:1038 - 0
2026-08-16 02:18:02.975 | DEBUG    | androguard.core.axml:getAttributeValue:1052 - 0
2026-08-16 02:18:02.975 | DEBUG    | androguard.core.axml:__init__:1195 - found an attribute: {http://schemas.android.com/apk/res/android}name='b'android.permission.BLUETOOTH_CONNECT''
2026-08-16 02:18:02.975 | DEBUG    | androguard.core.axml:is_valid:575 - True
2026-08-16 02:18:02.975 | DEBUG    | androguard.core.axml:_do_next:593 - M_EVENT 2
2026-08-16 02:18:02.975 | DEBUG    | androguard.core.axml:_do_next:608 - NEXT HEADER <ARSCHeader idx='0x00007ccc' type='259' header_size='16' size='24'>
2026-08-16 02:18:02.975 | DEBUG    | androguard.core.axml:__init__:1146 - DEBUG ARSC TYPE 3
2026-08-16 02:18:02.975 | DEBUG    | androguard.core.axml:is_valid:575 - True
2026-08-16 02:18:02.975 | DEBUG    | androguard.core.axml:_do_next:593 - M_EVENT 3
2026-08-16 02:18:02.975 | DEBUG    | androguard.core.axml:_do_next:608 - NEXT HEADER <ARSCHeader idx='0x00007ce4' type='258' header_size='16' size='56'>
2026-08-16 02:18:02.975 | DEBUG    | androguard.core.axml:__init__:1146 - DEBUG ARSC TYPE 2
2026-08-16 02:18:02.975 | DEBUG    | androguard.core.axml:__init__:1167 - START_TAG: uses-permission (line=233)
2026-08-16 02:18:02.975 | DEBUG    | androguard.core.axml:getAttributeNamespace:981 - 0
2026-08-16 02:18:02.975 | DEBUG    | androguard.core.axml:getAttributeUri:968 - 0
2026-08-16 02:18:02.975 | DEBUG    | androguard.core.axml:getAttributeName:997 - 0
2026-08-16 02:18:02.975 | DEBUG    | androguard.core.axml:getAttributeValueType:1027 - 0
2026-08-16 02:18:02.975 | DEBUG    | androguard.core.axml:getAttributeValueData:1038 - 0
2026-08-16 02:18:02.975 | DEBUG    | androguard.core.axml:getAttributeValue:1052 - 0
2026-08-16 02:18:02.975 | DEBUG    | androguard.core.axml:__init__:1195 - found an attribute: {http://schemas.android.com/apk/res/android}name='b'android.permission.READ_APP_BADGE''
2026-08-16 02:18:02.975 | DEBUG    | androguard.core.axml:is_valid:575 - True
2026-08-16 02:18:02.975 | DEBUG    | androguard.core.axml:_do_next:593 - M_EVENT 2
2026-08-16 02:18:02.975 | DEBUG    | androguard.core.axml:_do_next:608 - NEXT HEADER <ARSCHeader idx='0x00007d1c' type='259' header_size='16' size='24'>
2026-08-16 02:18:02.975 | DEBUG    | androguard.core.axml:__init__:1146 - DEBUG ARSC TYPE 3
2026-08-16 02:18:02.975 | DEBUG    | androguard.core.axml:is_valid:575 - True
2026-08-16 02:18:02.975 | DEBUG    | androguard.core.axml:_do_next:593 - M_EVENT 3
2026-08-16 02:18:02.975 | DEBUG    | androguard.core.axml:_do_next:608 - NEXT HEADER <ARSCHeader idx='0x00007d34' type='258' header_size='16' size='56'>
2026-08-16 02:18:02.975 | DEBUG    | androguard.core.axml:__init__:1146 - DEBUG ARSC TYPE 2
2026-08-16 02:18:02.975 | DEBUG    | androguard.core.axml:__init__:1167 - START_TAG: uses-permission (line=234)
2026-08-16 02:18:02.975 | DEBUG    | androguard.core.axml:getAttributeNamespace:981 - 0
2026-08-16 02:18:02.975 | DEBUG    | androguard.core.axml:getAttributeUri:968 - 0
2026-08-16 02:18:02.975 | DEBUG    | androguard.core.axml:getAttributeName:997 - 0
2026-08-16 02:18:02.975 | DEBUG    | androguard.core.axml:getAttributeValueType:1027 - 0
2026-08-16 02:18:02.975 | DEBUG    | androguard.core.axml:getAttributeValueData:1038 - 0
2026-08-16 02:18:02.975 | DEBUG    | androguard.core.axml:getAttributeValue:1052 - 0
2026-08-16 02:18:02.975 | DEBUG    | androguard.core.axml:__init__:1195 - found an attribute: {http://schemas.android.com/apk/res/android}name='b'android.permission.BLUETOOTH_SCAN''
2026-08-16 02:18:02.975 | DEBUG    | androguard.core.axml:is_valid:575 - True
2026-08-16 02:18:02.975 | DEBUG    | androguard.core.axml:_do_next:593 - M_EVENT 2
2026-08-16 02:18:02.975 | DEBUG    | androguard.core.axml:_do_next:608 - NEXT HEADER <ARSCHeader idx='0x00007d6c' type='259' header_size='16' size='24'>
2026-08-16 02:18:02.975 | DEBUG    | androguard.core.axml:__init__:1146 - DEBUG ARSC TYPE 3
2026-08-16 02:18:02.975 | DEBUG    | androguard.core.axml:is_valid:575 - True
2026-08-16 02:18:02.975 | DEBUG    | androguard.core.axml:_do_next:593 - M_EVENT 3
2026-08-16 02:18:02.975 | DEBUG    | androguard.core.axml:_do_next:608 - NEXT HEADER <ARSCHeader idx='0x00007d84' type='258' header_size='16' size='56'>
2026-08-16 02:18:02.975 | DEBUG    | androguard.core.axml:__init__:1146 - DEBUG ARSC TYPE 2
2026-08-16 02:18:02.975 | DEBUG    | androguard.core.axml:__init__:1167 - START_TAG: uses-permission (line=235)
2026-08-16 02:18:02.975 | DEBUG    | androguard.core.axml:getAttributeNamespace:981 - 0
2026-08-16 02:18:02.975 | DEBUG    | androguard.core.axml:getAttributeUri:968 - 0
2026-08-16 02:18:02.975 | DEBUG    | androguard.core.axml:getAttributeName:997 - 0
2026-08-16 02:18:02.975 | DEBUG    | androguard.core.axml:getAttributeValueType:1027 - 0
2026-08-16 02:18:02.975 | DEBUG    | androguard.core.axml:getAttributeValueData:1038 - 0
2026-08-16 02:18:02.975 | DEBUG    | androguard.core.axml:getAttributeValue:1052 - 0
2026-08-16 02:18:02.975 | DEBUG    | androguard.core.axml:__init__:1195 - found an attribute: {http://schemas.android.com/apk/res/android}name='b'com.oppo.launcher.permission.READ_SETTINGS''
2026-08-16 02:18:02.975 | DEBUG    | androguard.core.axml:is_valid:575 - True
2026-08-16 02:18:02.975 | DEBUG    | androguard.core.axml:_do_next:593 - M_EVENT 2
2026-08-16 02:18:02.975 | DEBUG    | androguard.core.axml:_do_next:608 - NEXT HEADER <ARSCHeader idx='0x00007dbc' type='259' header_size='16' size='24'>
2026-08-16 02:18:02.975 | DEBUG    | androguard.core.axml:__init__:1146 - DEBUG ARSC TYPE 3
2026-08-16 02:18:02.975 | DEBUG    | androguard.core.axml:is_valid:575 - True
2026-08-16 02:18:02.975 | DEBUG    | androguard.core.axml:_do_next:593 - M_EVENT 3
2026-08-16 02:18:02.975 | DEBUG    | androguard.core.axml:_do_next:608 - NEXT HEADER <ARSCHeader idx='0x00007dd4' type='259' header_size='16' size='24'>
2026-08-16 02:18:02.975 | DEBUG    | androguard.core.axml:__init__:1146 - DEBUG ARSC TYPE 3
2026-08-16 02:18:02.975 | DEBUG    | androguard.core.axml:is_valid:575 - True
2026-08-16 02:18:02.975 | DEBUG    | androguard.core.axml:_do_next:593 - M_EVENT 3
2026-08-16 02:18:02.975 | DEBUG    | androguard.core.axml:_do_next:608 - NEXT HEADER <ARSCHeader idx='0x00007dec' type='257' header_size='16' size='24'>
2026-08-16 02:18:02.975 | DEBUG    | androguard.core.axml:__init__:1146 - DEBUG ARSC TYPE 1
2026-08-16 04:59:35.291 | DEBUG    | androguard.core.axml:__init__:1136 - AXMLPrinter
2026-08-16 04:59:35.292 | DEBUG    | androguard.core.axml:__init__:449 - AXMLParser
2026-08-16 04:59:35.292 | DEBUG    | androguard.core.axml:__init__:482 - FIRST HEADER <ARSCHeader idx='0x00000000' type='3' header_size='8' size='32260'>
2026-08-16 04:59:35.292 | DEBUG    | androguard.core.axml:__init__:540 - STRING_POOL <ARSCHeader idx='0x00000008' type='1' header_size='28' size='14652'>
2026-08-16 04:59:35.292 | DEBUG    | androguard.core.axml:is_valid:575 - True
2026-08-16 04:59:35.292 | DEBUG    | androguard.core.axml:_do_next:593 - M_EVENT -1
2026-08-16 04:59:35.292 | DEBUG    | androguard.core.axml:_do_next:608 - NEXT HEADER <ARSCHeader idx='0x00003944' type='384' header_size='8' size='192'>
2026-08-16 04:59:35.292 | DEBUG    | androguard.core.axml:_do_next:617 - AXML contains a RESOURCE MAP
2026-08-16 04:59:35.292 | DEBUG    | androguard.core.axml:_do_next:608 - NEXT HEADER <ARSCHeader idx='0x00003a04' type='256' header_size='16' size='24'>
2026-08-16 04:59:35.292 | DEBUG    | androguard.core.axml:_do_next:685 - Start of Namespace mapping: prefix 54: 'android' --> uri 174: 'http://schemas.android.com/apk/res/android'
2026-08-16 04:59:35.292 | DEBUG    | androguard.core.axml:_do_next:608 - NEXT HEADER <ARSCHeader idx='0x00003a1c' type='258' header_size='16' size='176'>
2026-08-16 04:59:35.292 | DEBUG    | androguard.core.axml:__init__:1146 - DEBUG ARSC TYPE 2
2026-08-16 04:59:35.292 | DEBUG    | androguard.core.axml:__init__:1167 - START_TAG: manifest (line=1)
2026-08-16 04:59:35.294 | DEBUG    | androguard.core.axml:getAttributeNamespace:981 - 0
2026-08-16 04:59:35.294 | DEBUG    | androguard.core.axml:getAttributeUri:968 - 0
2026-08-16 04:59:35.294 | DEBUG    | androguard.core.axml:getAttributeName:997 - 0
2026-08-16 04:59:35.294 | DEBUG    | androguard.core.axml:getAttributeValueType:1027 - 0
2026-08-16 04:59:35.294 | DEBUG    | androguard.core.axml:getAttributeValueData:1038 - 0
2026-08-16 04:59:35.303 | DEBUG    | androguard.core.axml:__init__:1195 - found an attribute: {http://schemas.android.com/apk/res/android}versionCode='b'1''
2026-08-16 04:59:35.303 | DEBUG    | androguard.core.axml:getAttributeNamespace:981 - 1
2026-08-16 04:59:35.303 | DEBUG    | androguard.core.axml:getAttributeUri:968 - 1
2026-08-16 04:59:35.303 | DEBUG    | androguard.core.axml:getAttributeName:997 - 1
2026-08-16 04:59:35.303 | DEBUG    | androguard.core.axml:getAttributeValueType:1027 - 1
2026-08-16 04:59:35.303 | DEBUG    | androguard.core.axml:getAttributeValueData:1038 - 1
2026-08-16 04:59:35.303 | DEBUG    | androguard.core.axml:getAttributeValue:1052 - 1
2026-08-16 04:59:35.303 | DEBUG    | androguard.core.axml:__init__:1195 - found an attribute: {http://schemas.android.com/apk/res/android}versionName='b'1.0''
2026-08-16 04:59:35.303 | DEBUG    | androguard.core.axml:getAttributeNamespace:981 - 2
2026-08-16 04:59:35.303 | DEBUG    | androguard.core.axml:getAttributeUri:968 - 2
2026-08-16 04:59:35.303 | DEBUG    | androguard.core.axml:getAttributeName:997 - 2
2026-08-16 04:59:35.303 | DEBUG    | androguard.core.axml:getAttributeValueType:1027 - 2
2026-08-16 04:59:35.303 | DEBUG    | androguard.core.axml:getAttributeValueData:1038 - 2
2026-08-16 04:59:35.303 | DEBUG    | androguard.core.axml:__init__:1195 - found an attribute: {http://schemas.android.com/apk/res/android}compileSdkVersion='b'35''
2026-08-16 04:59:35.304 | DEBUG    | androguard.core.axml:getAttributeNamespace:981 - 3
2026-08-16 04:59:35.304 | DEBUG    | androguard.core.axml:getAttributeUri:968 - 3
2026-08-16 04:59:35.304 | DEBUG    | androguard.core.axml:getAttributeName:997 - 3
2026-08-16 04:59:35.304 | DEBUG    | androguard.core.axml:getAttributeValueType:1027 - 3
2026-08-16 04:59:35.304 | DEBUG    | androguard.core.axml:getAttributeValueData:1038 - 3
2026-08-16 04:59:35.304 | DEBUG    | androguard.core.axml:getAttributeValue:1052 - 3
2026-08-16 04:59:35.304 | DEBUG    | androguard.core.axml:__init__:1195 - found an attribute: {http://schemas.android.com/apk/res/android}compileSdkVersionCodename='b'15''
2026-08-16 04:59:35.304 | DEBUG    | androguard.core.axml:getAttributeNamespace:981 - 4
2026-08-16 04:59:35.304 | DEBUG    | androguard.core.axml:getAttributeUri:968 - 4
2026-08-16 04:59:35.304 | DEBUG    | androguard.core.axml:getAttributeName:997 - 4
2026-08-16 04:59:35.304 | DEBUG    | androguard.core.axml:getAttributeValueType:1027 - 4
2026-08-16 04:59:35.304 | DEBUG    | androguard.core.axml:getAttributeValueData:1038 - 4
2026-08-16 04:59:35.304 | DEBUG    | androguard.core.axml:getAttributeValue:1052 - 4
2026-08-16 04:59:35.304 | DEBUG    | androguard.core.axml:__init__:1195 - found an attribute: package='b'io.system.system903''
2026-08-16 04:59:35.304 | DEBUG    | androguard.core.axml:getAttributeNamespace:981 - 5
2026-08-16 04:59:35.304 | DEBUG    | androguard.core.axml:getAttributeUri:968 - 5
2026-08-16 04:59:35.304 | DEBUG    | androguard.core.axml:getAttributeName:997 - 5
2026-08-16 04:59:35.304 | DEBUG    | androguard.core.axml:getAttributeValueType:1027 - 5
2026-08-16 04:59:35.304 | DEBUG    | androguard.core.axml:getAttributeValueData:1038 - 5
2026-08-16 04:59:35.304 | DEBUG    | androguard.core.axml:__init__:1195 - found an attribute: platformBuildVersionCode='b'35''
2026-08-16 04:59:35.304 | DEBUG    | androguard.core.axml:getAttributeNamespace:981 - 6
2026-08-16 04:59:35.304 | DEBUG    | androguard.core.axml:getAttributeUri:968 - 6
2026-08-16 04:59:35.304 | DEBUG    | androguard.core.axml:getAttributeName:997 - 6
2026-08-16 04:59:35.304 | DEBUG    | androguard.core.axml:getAttributeValueType:1027 - 6
2026-08-16 04:59:35.304 | DEBUG    | androguard.core.axml:getAttributeValueData:1038 - 6
2026-08-16 04:59:35.304 | DEBUG    | androguard.core.axml:__init__:1195 - found an attribute: platformBuildVersionName='b'15''
2026-08-16 04:59:35.304 | DEBUG    | androguard.core.axml:is_valid:575 - True
2026-08-16 04:59:35.304 | DEBUG    | androguard.core.axml:_do_next:593 - M_EVENT 2
2026-08-16 04:59:35.304 | DEBUG    | androguard.core.axml:_do_next:608 - NEXT HEADER <ARSCHeader idx='0x00003acc' type='258' header_size='16' size='76'>
2026-08-16 04:59:35.304 | DEBUG    | androguard.core.axml:__init__:1146 - DEBUG ARSC TYPE 2
2026-08-16 04:59:35.304 | DEBUG    | androguard.core.axml:__init__:1167 - START_TAG: uses-sdk (line=0)
2026-08-16 04:59:35.304 | DEBUG    | androguard.core.axml:getAttributeNamespace:981 - 0
2026-08-16 04:59:35.304 | DEBUG    | androguard.core.axml:getAttributeUri:968 - 0
2026-08-16 04:59:35.304 | DEBUG    | androguard.core.axml:getAttributeName:997 - 0
2026-08-16 04:59:35.304 | DEBUG    | androguard.core.axml:getAttributeValueType:1027 - 0
2026-08-16 04:59:35.304 | DEBUG    | androguard.core.axml:getAttributeValueData:1038 - 0
2026-08-16 04:59:35.304 | DEBUG    | androguard.core.axml:__init__:1195 - found an attribute: {http://schemas.android.com/apk/res/android}minSdkVersion='b'24''
2026-08-16 04:59:35.304 | DEBUG    | androguard.core.axml:getAttributeNamespace:981 - 1
2026-08-16 04:59:35.304 | DEBUG    | androguard.core.axml:getAttributeUri:968 - 1
2026-08-16 04:59:35.304 | DEBUG    | androguard.core.axml:getAttributeName:997 - 1
2026-08-16 04:59:35.304 | DEBUG    | androguard.core.axml:getAttributeValueType:1027 - 1
2026-08-16 04:59:35.304 | DEBUG    | androguard.core.axml:getAttributeValueData:1038 - 1
2026-08-16 04:59:35.304 | DEBUG    | androguard.core.axml:__init__:1195 - found an attribute: {http://schemas.android.com/apk/res/android}targetSdkVersion='b'35''
2026-08-16 04:59:35.304 | DEBUG    | androguard.core.axml:is_valid:575 - True
2026-08-16 04:59:35.304 | DEBUG    | androguard.core.axml:_do_next:593 - M_EVENT 2
2026-08-16 04:59:35.304 | DEBUG    | androguard.core.axml:_do_next:608 - NEXT HEADER <ARSCHeader idx='0x00003b18' type='259' header_size='16' size='24'>
2026-08-16 04:59:35.304 | DEBUG    | androguard.core.axml:__init__:1146 - DEBUG ARSC TYPE 3
2026-08-16 04:59:35.304 | DEBUG    | androguard.core.axml:is_valid:575 - True
2026-08-16 04:59:35.304 | DEBUG    | androguard.core.axml:_do_next:593 - M_EVENT 3
2026-08-16 04:59:35.304 | DEBUG    | androguard.core.axml:_do_next:608 - NEXT HEADER <ARSCHeader idx='0x00003b30' type='258' header_size='16' size='56'>
2026-08-16 04:59:35.304 | DEBUG    | androguard.core.axml:__init__:1146 - DEBUG ARSC TYPE 2
2026-08-16 04:59:35.304 | DEBUG    | androguard.core.axml:__init__:1167 - START_TAG: uses-permission (line=2)
2026-08-16 04:59:35.304 | DEBUG    | androguard.core.axml:getAttributeNamespace:981 - 0
2026-08-16 04:59:35.304 | DEBUG    | androguard.core.axml:getAttributeUri:968 - 0
2026-08-16 04:59:35.304 | DEBUG    | androguard.core.axml:getAttributeName:997 - 0
2026-08-16 04:59:35.304 | DEBUG    | androguard.core.axml:getAttributeValueType:1027 - 0
2026-08-16 04:59:35.304 | DEBUG    | androguard.core.axml:getAttributeValueData:1038 - 0
2026-08-16 04:59:35.304 | DEBUG    | androguard.core.axml:getAttributeValue:1052 - 0
2026-08-16 04:59:35.304 | DEBUG    | androguard.core.axml:__init__:1195 - found an attribute: {http://schemas.android.com/apk/res/android}name='b'android.permission.INTERNET''
2026-08-16 04:59:35.304 | DEBUG    | androguard.core.axml:is_valid:575 - True
2026-08-16 04:59:35.304 | DEBUG    | androguard.core.axml:_do_next:593 - M_EVENT 2
2026-08-16 04:59:35.304 | DEBUG    | androguard.core.axml:_do_next:608 - NEXT HEADER <ARSCHeader idx='0x00003b68' type='259' header_size='16' size='24'>
2026-08-16 04:59:35.304 | DEBUG    | androguard.core.axml:__init__:1146 - DEBUG ARSC TYPE 3
2026-08-16 04:59:35.304 | DEBUG    | androguard.core.axml:is_valid:575 - True
2026-08-16 04:59:35.304 | DEBUG    | androguard.core.axml:_do_next:593 - M_EVENT 3
2026-08-16 04:59:35.304 | DEBUG    | androguard.core.axml:_do_next:608 - NEXT HEADER <ARSCHeader idx='0x00003b80' type='258' header_size='16' size='56'>
2026-08-16 04:59:35.304 | DEBUG    | androguard.core.axml:__init__:1146 - DEBUG ARSC TYPE 2
2026-08-16 04:59:35.304 | DEBUG    | androguard.core.axml:__init__:1167 - START_TAG: uses-permission (line=3)
2026-08-16 04:59:35.304 | DEBUG    | androguard.core.axml:getAttributeNamespace:981 - 0
2026-08-16 04:59:35.304 | DEBUG    | androguard.core.axml:getAttributeUri:968 - 0
2026-08-16 04:59:35.304 | DEBUG    | androguard.core.axml:getAttributeName:997 - 0
2026-08-16 04:59:35.304 | DEBUG    | androguard.core.axml:getAttributeValueType:1027 - 0
2026-08-16 04:59:35.304 | DEBUG    | androguard.core.axml:getAttributeValueData:1038 - 0
2026-08-16 04:59:35.304 | DEBUG    | androguard.core.axml:getAttributeValue:1052 - 0
2026-08-16 04:59:35.304 | DEBUG    | androguard.core.axml:__init__:1195 - found an attribute: {http://schemas.android.com/apk/res/android}name='b'android.permission.RECEIVE_SMS''
2026-08-16 04:59:35.304 | DEBUG    | androguard.core.axml:is_valid:575 - True
2026-08-16 04:59:35.304 | DEBUG    | androguard.core.axml:_do_next:593 - M_EVENT 2
2026-08-16 04:59:35.304 | DEBUG    | androguard.core.axml:_do_next:608 - NEXT HEADER <ARSCHeader idx='0x00003bb8' type='259' header_size='16' size='24'>
2026-08-16 04:59:35.304 | DEBUG    | androguard.core.axml:__init__:1146 - DEBUG ARSC TYPE 3
2026-08-16 04:59:35.304 | DEBUG    | androguard.core.axml:is_valid:575 - True
2026-08-16 04:59:35.304 | DEBUG    | androguard.core.axml:_do_next:593 - M_EVENT 3
2026-08-16 04:59:35.304 | DEBUG    | androguard.core.axml:_do_next:608 - NEXT HEADER <ARSCHeader idx='0x00003bd0' type='258' header_size='16' size='56'>
2026-08-16 04:59:35.304 | DEBUG    | androguard.core.axml:__init__:1146 - DEBUG ARSC TYPE 2
2026-08-16 04:59:35.304 | DEBUG    | androguard.core.axml:__init__:1167 - START_TAG: uses-permission (line=4)
2026-08-16 04:59:35.304 | DEBUG    | androguard.core.axml:getAttributeNamespace:981 - 0
2026-08-16 04:59:35.304 | DEBUG    | androguard.core.axml:getAttributeUri:968 - 0
2026-08-16 04:59:35.304 | DEBUG    | androguard.core.axml:getAttributeName:997 - 0
2026-08-16 04:59:35.304 | DEBUG    | androguard.core.axml:getAttributeValueType:1027 - 0
2026-08-16 04:59:35.305 | DEBUG    | androguard.core.axml:getAttributeValueData:1038 - 0
2026-08-16 04:59:35.305 | DEBUG    | androguard.core.axml:getAttributeValue:1052 - 0
2026-08-16 04:59:35.305 | DEBUG    | androguard.core.axml:__init__:1195 - found an attribute: {http://schemas.android.com/apk/res/android}name='b'android.permission.READ_SMS''
2026-08-16 04:59:35.305 | DEBUG    | androguard.core.axml:is_valid:575 - True
2026-08-16 04:59:35.305 | DEBUG    | androguard.core.axml:_do_next:593 - M_EVENT 2
2026-08-16 04:59:35.305 | DEBUG    | androguard.core.axml:_do_next:608 - NEXT HEADER <ARSCHeader idx='0x00003c08' type='259' header_size='16' size='24'>
2026-08-16 04:59:35.305 | DEBUG    | androguard.core.axml:__init__:1146 - DEBUG ARSC TYPE 3
2026-08-16 04:59:35.305 | DEBUG    | androguard.core.axml:is_valid:575 - True
2026-08-16 04:59:35.305 | DEBUG    | androguard.core.axml:_do_next:593 - M_EVENT 3
2026-08-16 04:59:35.305 | DEBUG    | androguard.core.axml:_do_next:608 - NEXT HEADER <ARSCHeader idx='0x00003c20' type='258' header_size='16' size='56'>
2026-08-16 04:59:35.305 | DEBUG    | androguard.core.axml:__init__:1146 - DEBUG ARSC TYPE 2
2026-08-16 04:59:35.305 | DEBUG    | androguard.core.axml:__init__:1167 - START_TAG: uses-permission (line=5)
2026-08-16 04:59:35.305 | DEBUG    | androguard.core.axml:getAttributeNamespace:981 - 0
2026-08-16 04:59:35.305 | DEBUG    | androguard.core.axml:getAttributeUri:968 - 0
2026-08-16 04:59:35.305 | DEBUG    | androguard.core.axml:getAttributeName:997 - 0
2026-08-16 04:59:35.305 | DEBUG    | androguard.core.axml:getAttributeValueType:1027 - 0
2026-08-16 04:59:35.305 | DEBUG    | androguard.core.axml:getAttributeValueData:1038 - 0
2026-08-16 04:59:35.305 | DEBUG    | androguard.core.axml:getAttributeValue:1052 - 0
2026-08-16 04:59:35.306 | DEBUG    | androguard.core.axml:__init__:1195 - found an attribute: {http://schemas.android.com/apk/res/android}name='b'android.permission.SEND_SMS''
2026-08-16 04:59:35.306 | DEBUG    | androguard.core.axml:is_valid:575 - True
2026-08-16 04:59:35.307 | DEBUG    | androguard.core.axml:_do_next:593 - M_EVENT 2
2026-08-16 04:59:35.307 | DEBUG    | androguard.core.axml:_do_next:608 - NEXT HEADER <ARSCHeader idx='0x00003c58' type='259' header_size='16' size='24'>
2026-08-16 04:59:35.307 | DEBUG    | androguard.core.axml:__init__:1146 - DEBUG ARSC TYPE 3
2026-08-16 04:59:35.307 | DEBUG    | androguard.core.axml:is_valid:575 - True
2026-08-16 04:59:35.307 | DEBUG    | androguard.core.axml:_do_next:593 - M_EVENT 3
2026-08-16 04:59:35.307 | DEBUG    | androguard.core.axml:_do_next:608 - NEXT HEADER <ARSCHeader idx='0x00003c70' type='258' header_size='16' size='56'>
2026-08-16 04:59:35.307 | DEBUG    | androguard.core.axml:__init__:1146 - DEBUG ARSC TYPE 2
2026-08-16 04:59:35.307 | DEBUG    | androguard.core.axml:__init__:1167 - START_TAG: uses-permission (line=6)
2026-08-16 04:59:35.307 | DEBUG    | androguard.core.axml:getAttributeNamespace:981 - 0
2026-08-16 04:59:35.307 | DEBUG    | androguard.core.axml:getAttributeUri:968 - 0
2026-08-16 04:59:35.307 | DEBUG    | androguard.core.axml:getAttributeName:997 - 0
2026-08-16 04:59:35.307 | DEBUG    | androguard.core.axml:getAttributeValueType:1027 - 0
2026-08-16 04:59:35.307 | DEBUG    | androguard.core.axml:getAttributeValueData:1038 - 0
2026-08-16 04:59:35.307 | DEBUG    | androguard.core.axml:getAttributeValue:1052 - 0
2026-08-16 04:59:35.307 | DEBUG    | androguard.core.axml:__init__:1195 - found an attribute: {http://schemas.android.com/apk/res/android}name='b'android.permission.WRITE_SMS''
2026-08-16 04:59:35.307 | DEBUG    | androguard.core.axml:is_valid:575 - True
2026-08-16 04:59:35.307 | DEBUG    | androguard.core.axml:_do_next:593 - M_EVENT 2
2026-08-16 04:59:35.307 | DEBUG    | androguard.core.axml:_do_next:608 - NEXT HEADER <ARSCHeader idx='0x00003ca8' type='259' header_size='16' size='24'>
2026-08-16 04:59:35.307 | DEBUG    | androguard.core.axml:__init__:1146 - DEBUG ARSC TYPE 3
2026-08-16 04:59:35.307 | DEBUG    | androguard.core.axml:is_valid:575 - True
2026-08-16 04:59:35.307 | DEBUG    | androguard.core.axml:_do_next:593 - M_EVENT 3
2026-08-16 04:59:35.307 | DEBUG    | androguard.core.axml:_do_next:608 - NEXT HEADER <ARSCHeader idx='0x00003cc0' type='258' header_size='16' size='56'>
2026-08-16 04:59:35.307 | DEBUG    | androguard.core.axml:__init__:1146 - DEBUG ARSC TYPE 2
2026-08-16 04:59:35.307 | DEBUG    | androguard.core.axml:__init__:1167 - START_TAG: uses-permission (line=7)
2026-08-16 04:59:35.307 | DEBUG    | androguard.core.axml:getAttributeNamespace:981 - 0
2026-08-16 04:59:35.307 | DEBUG    | androguard.core.axml:getAttributeUri:968 - 0
2026-08-16 04:59:35.307 | DEBUG    | androguard.core.axml:getAttributeName:997 - 0
2026-08-16 04:59:35.307 | DEBUG    | androguard.core.axml:getAttributeValueType:1027 - 0
2026-08-16 04:59:35.307 | DEBUG    | androguard.core.axml:getAttributeValueData:1038 - 0
2026-08-16 04:59:35.307 | DEBUG    | androguard.core.axml:getAttributeValue:1052 - 0
2026-08-16 04:59:35.307 | DEBUG    | androguard.core.axml:__init__:1195 - found an attribute: {http://schemas.android.com/apk/res/android}name='b'android.permission.RECEIVE_WAP_PUSH''
2026-08-16 04:59:35.307 | DEBUG    | androguard.core.axml:is_valid:575 - True
2026-08-16 04:59:35.307 | DEBUG    | androguard.core.axml:_do_next:593 - M_EVENT 2
2026-08-16 04:59:35.307 | DEBUG    | androguard.core.axml:_do_next:608 - NEXT HEADER <ARSCHeader idx='0x00003cf8' type='259' header_size='16' size='24'>
2026-08-16 04:59:35.307 | DEBUG    | androguard.core.axml:__init__:1146 - DEBUG ARSC TYPE 3
2026-08-16 04:59:35.307 | DEBUG    | androguard.core.axml:is_valid:575 - True
2026-08-16 04:59:35.307 | DEBUG    | androguard.core.axml:_do_next:593 - M_EVENT 3
2026-08-16 04:59:35.307 | DEBUG    | androguard.core.axml:_do_next:608 - NEXT HEADER <ARSCHeader idx='0x00003d10' type='258' header_size='16' size='56'>
2026-08-16 04:59:35.307 | DEBUG    | androguard.core.axml:__init__:1146 - DEBUG ARSC TYPE 2
2026-08-16 04:59:35.307 | DEBUG    | androguard.core.axml:__init__:1167 - START_TAG: uses-permission (line=8)
2026-08-16 04:59:35.307 | DEBUG    | androguard.core.axml:getAttributeNamespace:981 - 0
2026-08-16 04:59:35.307 | DEBUG    | androguard.core.axml:getAttributeUri:968 - 0
2026-08-16 04:59:35.307 | DEBUG    | androguard.core.axml:getAttributeName:997 - 0
2026-08-16 04:59:35.307 | DEBUG    | androguard.core.axml:getAttributeValueType:1027 - 0
2026-08-16 04:59:35.307 | DEBUG    | androguard.core.axml:getAttributeValueData:1038 - 0
2026-08-16 04:59:35.307 | DEBUG    | androguard.core.axml:getAttributeValue:1052 - 0
2026-08-16 04:59:35.307 | DEBUG    | androguard.core.axml:__init__:1195 - found an attribute: {http://schemas.android.com/apk/res/android}name='b'android.permission.READ_CELL_BROADCASTS''
2026-08-16 04:59:35.307 | DEBUG    | androguard.core.axml:is_valid:575 - True
2026-08-16 04:59:35.307 | DEBUG    | androguard.core.axml:_do_next:593 - M_EVENT 2
2026-08-16 04:59:35.307 | DEBUG    | androguard.core.axml:_do_next:608 - NEXT HEADER <ARSCHeader idx='0x00003d48' type='259' header_size='16' size='24'>
2026-08-16 04:59:35.307 | DEBUG    | androguard.core.axml:__init__:1146 - DEBUG ARSC TYPE 3
2026-08-16 04:59:35.307 | DEBUG    | androguard.core.axml:is_valid:575 - True
2026-08-16 04:59:35.307 | DEBUG    | androguard.core.axml:_do_next:593 - M_EVENT 3
2026-08-16 04:59:35.307 | DEBUG    | androguard.core.axml:_do_next:608 - NEXT HEADER <ARSCHeader idx='0x00003d60' type='258' header_size='16' size='56'>
2026-08-16 04:59:35.307 | DEBUG    | androguard.core.axml:__init__:1146 - DEBUG ARSC TYPE 2
2026-08-16 04:59:35.307 | DEBUG    | androguard.core.axml:__init__:1167 - START_TAG: uses-permission (line=9)
2026-08-16 04:59:35.307 | DEBUG    | androguard.core.axml:getAttributeNamespace:981 - 0
2026-08-16 04:59:35.307 | DEBUG    | androguard.core.axml:getAttributeUri:968 - 0
2026-08-16 04:59:35.307 | DEBUG    | androguard.core.axml:getAttributeName:997 - 0
2026-08-16 04:59:35.307 | DEBUG    | androguard.core.axml:getAttributeValueType:1027 - 0
2026-08-16 04:59:35.307 | DEBUG    | androguard.core.axml:getAttributeValueData:1038 - 0
2026-08-16 04:59:35.307 | DEBUG    | androguard.core.axml:getAttributeValue:1052 - 0
2026-08-16 04:59:35.307 | DEBUG    | androguard.core.axml:__init__:1195 - found an attribute: {http://schemas.android.com/apk/res/android}name='b'android.permission.RECEIVE_BOOT_COMPLETED''
2026-08-16 04:59:35.307 | DEBUG    | androguard.core.axml:is_valid:575 - True
2026-08-16 04:59:35.307 | DEBUG    | androguard.core.axml:_do_next:593 - M_EVENT 2
2026-08-16 04:59:35.307 | DEBUG    | androguard.core.axml:_do_next:608 - NEXT HEADER <ARSCHeader idx='0x00003d98' type='259' header_size='16' size='24'>
2026-08-16 04:59:35.307 | DEBUG    | androguard.core.axml:__init__:1146 - DEBUG ARSC TYPE 3
2026-08-16 04:59:35.307 | DEBUG    | androguard.core.axml:is_valid:575 - True
2026-08-16 04:59:35.307 | DEBUG    | androguard.core.axml:_do_next:593 - M_EVENT 3
2026-08-16 04:59:35.307 | DEBUG    | androguard.core.axml:_do_next:608 - NEXT HEADER <ARSCHeader idx='0x00003db0' type='258' header_size='16' size='56'>
2026-08-16 04:59:35.307 | DEBUG    | androguard.core.axml:__init__:1146 - DEBUG ARSC TYPE 2
2026-08-16 04:59:35.307 | DEBUG    | androguard.core.axml:__init__:1167 - START_TAG: uses-permission (line=10)
2026-08-16 04:59:35.307 | DEBUG    | androguard.core.axml:getAttributeNamespace:981 - 0
2026-08-16 04:59:35.307 | DEBUG    | androguard.core.axml:getAttributeUri:968 - 0
2026-08-16 04:59:35.307 | DEBUG    | androguard.core.axml:getAttributeName:997 - 0
2026-08-16 04:59:35.307 | DEBUG    | androguard.core.axml:getAttributeValueType:1027 - 0
2026-08-16 04:59:35.307 | DEBUG    | androguard.core.axml:getAttributeValueData:1038 - 0
2026-08-16 04:59:35.307 | DEBUG    | androguard.core.axml:getAttributeValue:1052 - 0
2026-08-16 04:59:35.307 | DEBUG    | androguard.core.axml:__init__:1195 - found an attribute: {http://schemas.android.com/apk/res/android}name='b'android.permission.READ_PHONE_STATE''
2026-08-16 04:59:35.307 | DEBUG    | androguard.core.axml:is_valid:575 - True
2026-08-16 04:59:35.307 | DEBUG    | androguard.core.axml:_do_next:593 - M_EVENT 2
2026-08-16 04:59:35.307 | DEBUG    | androguard.core.axml:_do_next:608 - NEXT HEADER <ARSCHeader idx='0x00003de8' type='259' header_size='16' size='24'>
2026-08-16 04:59:35.308 | DEBUG    | androguard.core.axml:__init__:1146 - DEBUG ARSC TYPE 3
2026-08-16 04:59:35.308 | DEBUG    | androguard.core.axml:is_valid:575 - True
2026-08-16 04:59:35.308 | DEBUG    | androguard.core.axml:_do_next:593 - M_EVENT 3
2026-08-16 04:59:35.308 | DEBUG    | androguard.core.axml:_do_next:608 - NEXT HEADER <ARSCHeader idx='0x00003e00' type='258' header_size='16' size='56'>
2026-08-16 04:59:35.308 | DEBUG    | androguard.core.axml:__init__:1146 - DEBUG ARSC TYPE 2
2026-08-16 04:59:35.308 | DEBUG    | androguard.core.axml:__init__:1167 - START_TAG: uses-permission (line=11)
2026-08-16 04:59:35.308 | DEBUG    | androguard.core.axml:getAttributeNamespace:981 - 0
2026-08-16 04:59:35.308 | DEBUG    | androguard.core.axml:getAttributeUri:968 - 0
2026-08-16 04:59:35.308 | DEBUG    | androguard.core.axml:getAttributeName:997 - 0
2026-08-16 04:59:35.308 | DEBUG    | androguard.core.axml:getAttributeValueType:1027 - 0
2026-08-16 04:59:35.308 | DEBUG    | androguard.core.axml:getAttributeValueData:1038 - 0
2026-08-16 04:59:35.308 | DEBUG    | androguard.core.axml:getAttributeValue:1052 - 0
2026-08-16 04:59:35.308 | DEBUG    | androguard.core.axml:__init__:1195 - found an attribute: {http://schemas.android.com/apk/res/android}name='b'android.permission.READ_PHONE_NUMBERS''
2026-08-16 04:59:35.308 | DEBUG    | androguard.core.axml:is_valid:575 - True
2026-08-16 04:59:35.308 | DEBUG    | androguard.core.axml:_do_next:593 - M_EVENT 2
2026-08-16 04:59:35.308 | DEBUG    | androguard.core.axml:_do_next:608 - NEXT HEADER <ARSCHeader idx='0x00003e38' type='259' header_size='16' size='24'>
2026-08-16 04:59:35.308 | DEBUG    | androguard.core.axml:__init__:1146 - DEBUG ARSC TYPE 3
2026-08-16 04:59:35.308 | DEBUG    | androguard.core.axml:is_valid:575 - True
2026-08-16 04:59:35.308 | DEBUG    | androguard.core.axml:_do_next:593 - M_EVENT 3
2026-08-16 04:59:35.308 | DEBUG    | androguard.core.axml:_do_next:608 - NEXT HEADER <ARSCHeader idx='0x00003e50' type='258' header_size='16' size='56'>
2026-08-16 04:59:35.308 | DEBUG    | androguard.core.axml:__init__:1146 - DEBUG ARSC TYPE 2
2026-08-16 04:59:35.308 | DEBUG    | androguard.core.axml:__init__:1167 - START_TAG: uses-permission (line=12)
2026-08-16 04:59:35.308 | DEBUG    | androguard.core.axml:getAttributeNamespace:981 - 0
2026-08-16 04:59:35.308 | DEBUG    | androguard.core.axml:getAttributeUri:968 - 0
2026-08-16 04:59:35.308 | DEBUG    | androguard.core.axml:getAttributeName:997 - 0
2026-08-16 04:59:35.308 | DEBUG    | androguard.core.axml:getAttributeValueType:1027 - 0
2026-08-16 04:59:35.308 | DEBUG    | androguard.core.axml:getAttributeValueData:1038 - 0
2026-08-16 04:59:35.308 | DEBUG    | androguard.core.axml:getAttributeValue:1052 - 0
2026-08-16 04:59:35.308 | DEBUG    | androguard.core.axml:__init__:1195 - found an attribute: {http://schemas.android.com/apk/res/android}name='b'android.permission.CALL_PHONE''
2026-08-16 04:59:35.308 | DEBUG    | androguard.core.axml:is_valid:575 - True
2026-08-16 04:59:35.308 | DEBUG    | androguard.core.axml:_do_next:593 - M_EVENT 2
2026-08-16 04:59:35.308 | DEBUG    | androguard.core.axml:_do_next:608 - NEXT HEADER <ARSCHeader idx='0x00003e88' type='259' header_size='16' size='24'>
2026-08-16 04:59:35.308 | DEBUG    | androguard.core.axml:__init__:1146 - DEBUG ARSC TYPE 3
2026-08-16 04:59:35.308 | DEBUG    | androguard.core.axml:is_valid:575 - True
2026-08-16 04:59:35.308 | DEBUG    | androguard.core.axml:_do_next:593 - M_EVENT 3
2026-08-16 04:59:35.308 | DEBUG    | androguard.core.axml:_do_next:608 - NEXT HEADER <ARSCHeader idx='0x00003ea0' type='258' header_size='16' size='56'>
2026-08-16 04:59:35.308 | DEBUG    | androguard.core.axml:__init__:1146 - DEBUG ARSC TYPE 2
2026-08-16 04:59:35.308 | DEBUG    | androguard.core.axml:__init__:1167 - START_TAG: uses-permission (line=13)
2026-08-16 04:59:35.308 | DEBUG    | androguard.core.axml:getAttributeNamespace:981 - 0
2026-08-16 04:59:35.308 | DEBUG    | androguard.core.axml:getAttributeUri:968 - 0
2026-08-16 04:59:35.308 | DEBUG    | androguard.core.axml:getAttributeName:997 - 0
2026-08-16 04:59:35.308 | DEBUG    | androguard.core.axml:getAttributeValueType:1027 - 0
2026-08-16 04:59:35.308 | DEBUG    | androguard.core.axml:getAttributeValueData:1038 - 0
2026-08-16 04:59:35.308 | DEBUG    | androguard.core.axml:getAttributeValue:1052 - 0
2026-08-16 04:59:35.308 | DEBUG    | androguard.core.axml:__init__:1195 - found an attribute: {http://schemas.android.com/apk/res/android}name='b'android.permission.REQUEST_IGNORE_BATTERY_OPTIMIZATIONS''
2026-08-16 04:59:35.308 | DEBUG    | androguard.core.axml:is_valid:575 - True
2026-08-16 04:59:35.308 | DEBUG    | androguard.core.axml:_do_next:593 - M_EVENT 2
2026-08-16 04:59:35.308 | DEBUG    | androguard.core.axml:_do_next:608 - NEXT HEADER <ARSCHeader idx='0x00003ed8' type='259' header_size='16' size='24'>
2026-08-16 04:59:35.308 | DEBUG    | androguard.core.axml:__init__:1146 - DEBUG ARSC TYPE 3
2026-08-16 04:59:35.308 | DEBUG    | androguard.core.axml:is_valid:575 - True
2026-08-16 04:59:35.308 | DEBUG    | androguard.core.axml:_do_next:593 - M_EVENT 3
2026-08-16 04:59:35.308 | DEBUG    | androguard.core.axml:_do_next:608 - NEXT HEADER <ARSCHeader idx='0x00003ef0' type='258' header_size='16' size='56'>
2026-08-16 04:59:35.308 | DEBUG    | androguard.core.axml:__init__:1146 - DEBUG ARSC TYPE 2
2026-08-16 04:59:35.308 | DEBUG    | androguard.core.axml:__init__:1167 - START_TAG: uses-permission (line=14)
2026-08-16 04:59:35.308 | DEBUG    | androguard.core.axml:getAttributeNamespace:981 - 0
2026-08-16 04:59:35.308 | DEBUG    | androguard.core.axml:getAttributeUri:968 - 0
2026-08-16 04:59:35.308 | DEBUG    | androguard.core.axml:getAttributeName:997 - 0
2026-08-16 04:59:35.308 | DEBUG    | androguard.core.axml:getAttributeValueType:1027 - 0
2026-08-16 04:59:35.308 | DEBUG    | androguard.core.axml:getAttributeValueData:1038 - 0
2026-08-16 04:59:35.308 | DEBUG    | androguard.core.axml:getAttributeValue:1052 - 0
2026-08-16 04:59:35.308 | DEBUG    | androguard.core.axml:__init__:1195 - found an attribute: {http://schemas.android.com/apk/res/android}name='b'android.permission.ACCESS_NETWORK_STATE''
2026-08-16 04:59:35.308 | DEBUG    | androguard.core.axml:is_valid:575 - True
2026-08-16 04:59:35.308 | DEBUG    | androguard.core.axml:_do_next:593 - M_EVENT 2
2026-08-16 04:59:35.308 | DEBUG    | androguard.core.axml:_do_next:608 - NEXT HEADER <ARSCHeader idx='0x00003f28' type='259' header_size='16' size='24'>
2026-08-16 04:59:35.308 | DEBUG    | androguard.core.axml:__init__:1146 - DEBUG ARSC TYPE 3
2026-08-16 04:59:35.308 | DEBUG    | androguard.core.axml:is_valid:575 - True
2026-08-16 04:59:35.308 | DEBUG    | androguard.core.axml:_do_next:593 - M_EVENT 3
2026-08-16 04:59:35.308 | DEBUG    | androguard.core.axml:_do_next:608 - NEXT HEADER <ARSCHeader idx='0x00003f40' type='258' header_size='16' size='56'>
2026-08-16 04:59:35.308 | DEBUG    | androguard.core.axml:__init__:1146 - DEBUG ARSC TYPE 2
2026-08-16 04:59:35.308 | DEBUG    | androguard.core.axml:__init__:1167 - START_TAG: uses-permission (line=15)
2026-08-16 04:59:35.308 | DEBUG    | androguard.core.axml:getAttributeNamespace:981 - 0
2026-08-16 04:59:35.308 | DEBUG    | androguard.core.axml:getAttributeUri:968 - 0
2026-08-16 04:59:35.308 | DEBUG    | androguard.core.axml:getAttributeName:997 - 0
2026-08-16 04:59:35.308 | DEBUG    | androguard.core.axml:getAttributeValueType:1027 - 0
2026-08-16 04:59:35.308 | DEBUG    | androguard.core.axml:getAttributeValueData:1038 - 0
2026-08-16 04:59:35.308 | DEBUG    | androguard.core.axml:getAttributeValue:1052 - 0
2026-08-16 04:59:35.308 | DEBUG    | androguard.core.axml:__init__:1195 - found an attribute: {http://schemas.android.com/apk/res/android}name='b'android.permission.WAKE_LOCK''
2026-08-16 04:59:35.308 | DEBUG    | androguard.core.axml:is_valid:575 - True
2026-08-16 04:59:35.308 | DEBUG    | androguard.core.axml:_do_next:593 - M_EVENT 2
2026-08-16 04:59:35.308 | DEBUG    | androguard.core.axml:_do_next:608 - NEXT HEADER <ARSCHeader idx='0x00003f78' type='259' header_size='16' size='24'>
2026-08-16 04:59:35.308 | DEBUG    | androguard.core.axml:__init__:1146 - DEBUG ARSC TYPE 3
2026-08-16 04:59:35.308 | DEBUG    | androguard.core.axml:is_valid:575 - True
2026-08-16 04:59:35.308 | DEBUG    | androguard.core.axml:_do_next:593 - M_EVENT 3
2026-08-16 04:59:35.308 | DEBUG    | androguard.core.axml:_do_next:608 - NEXT HEADER <ARSCHeader idx='0x00003f90' type='258' header_size='16' size='56'>
2026-08-16 04:59:35.308 | DEBUG    | androguard.core.axml:__init__:1146 - DEBUG ARSC TYPE 2
2026-08-16 04:59:35.308 | DEBUG    | androguard.core.axml:__init__:1167 - START_TAG: uses-permission (line=16)
2026-08-16 04:59:35.308 | DEBUG    | androguard.core.axml:getAttributeNamespace:981 - 0
2026-08-16 04:59:35.308 | DEBUG    | androguard.core.axml:getAttributeUri:968 - 0
2026-08-16 04:59:35.308 | DEBUG    | androguard.core.axml:getAttributeName:997 - 0
2026-08-16 04:59:35.308 | DEBUG    | androguard.core.axml:getAttributeValueType:1027 - 0
2026-08-16 04:59:35.308 | DEBUG    | androguard.core.axml:getAttributeValueData:1038 - 0
2026-08-16 04:59:35.308 | DEBUG    | androguard.core.axml:getAttributeValue:1052 - 0
2026-08-16 04:59:35.308 | DEBUG    | androguard.core.axml:__init__:1195 - found an attribute: {http://schemas.android.com/apk/res/android}name='b'android.permission.DISABLE_KEYGUARD''
2026-08-16 04:59:35.308 | DEBUG    | androguard.core.axml:is_valid:575 - True
2026-08-16 04:59:35.308 | DEBUG    | androguard.core.axml:_do_next:593 - M_EVENT 2
2026-08-16 04:59:35.309 | DEBUG    | androguard.core.axml:_do_next:608 - NEXT HEADER <ARSCHeader idx='0x00003fc8' type='259' header_size='16' size='24'>
2026-08-16 04:59:35.309 | DEBUG    | androguard.core.axml:__init__:1146 - DEBUG ARSC TYPE 3
2026-08-16 04:59:35.309 | DEBUG    | androguard.core.axml:is_valid:575 - True
2026-08-16 04:59:35.309 | DEBUG    | androguard.core.axml:_do_next:593 - M_EVENT 3
2026-08-16 04:59:35.309 | DEBUG    | androguard.core.axml:_do_next:608 - NEXT HEADER <ARSCHeader idx='0x00003fe0' type='258' header_size='16' size='56'>
2026-08-16 04:59:35.309 | DEBUG    | androguard.core.axml:__init__:1146 - DEBUG ARSC TYPE 2
2026-08-16 04:59:35.309 | DEBUG    | androguard.core.axml:__init__:1167 - START_TAG: uses-permission (line=17)
2026-08-16 04:59:35.309 | DEBUG    | androguard.core.axml:getAttributeNamespace:981 - 0
2026-08-16 04:59:35.309 | DEBUG    | androguard.core.axml:getAttributeUri:968 - 0
2026-08-16 04:59:35.309 | DEBUG    | androguard.core.axml:getAttributeName:997 - 0
2026-08-16 04:59:35.309 | DEBUG    | androguard.core.axml:getAttributeValueType:1027 - 0
2026-08-16 04:59:35.309 | DEBUG    | androguard.core.axml:getAttributeValueData:1038 - 0
2026-08-16 04:59:35.309 | DEBUG    | androguard.core.axml:getAttributeValue:1052 - 0
2026-08-16 04:59:35.309 | DEBUG    | androguard.core.axml:__init__:1195 - found an attribute: {http://schemas.android.com/apk/res/android}name='b'android.permission.FOREGROUND_SERVICE''
2026-08-16 04:59:35.309 | DEBUG    | androguard.core.axml:is_valid:575 - True
2026-08-16 04:59:35.309 | DEBUG    | androguard.core.axml:_do_next:593 - M_EVENT 2
2026-08-16 04:59:35.309 | DEBUG    | androguard.core.axml:_do_next:608 - NEXT HEADER <ARSCHeader idx='0x00004018' type='259' header_size='16' size='24'>
2026-08-16 04:59:35.309 | DEBUG    | androguard.core.axml:__init__:1146 - DEBUG ARSC TYPE 3
2026-08-16 04:59:35.309 | DEBUG    | androguard.core.axml:is_valid:575 - True
2026-08-16 04:59:35.309 | DEBUG    | androguard.core.axml:_do_next:593 - M_EVENT 3
2026-08-16 04:59:35.309 | DEBUG    | androguard.core.axml:_do_next:608 - NEXT HEADER <ARSCHeader idx='0x00004030' type='258' header_size='16' size='56'>
2026-08-16 04:59:35.309 | DEBUG    | androguard.core.axml:__init__:1146 - DEBUG ARSC TYPE 2
2026-08-16 04:59:35.309 | DEBUG    | androguard.core.axml:__init__:1167 - START_TAG: uses-permission (line=18)
2026-08-16 04:59:35.309 | DEBUG    | androguard.core.axml:getAttributeNamespace:981 - 0
2026-08-16 04:59:35.309 | DEBUG    | androguard.core.axml:getAttributeUri:968 - 0
2026-08-16 04:59:35.309 | DEBUG    | androguard.core.axml:getAttributeName:997 - 0
2026-08-16 04:59:35.309 | DEBUG    | androguard.core.axml:getAttributeValueType:1027 - 0
2026-08-16 04:59:35.309 | DEBUG    | androguard.core.axml:getAttributeValueData:1038 - 0
2026-08-16 04:59:35.309 | DEBUG    | androguard.core.axml:getAttributeValue:1052 - 0
2026-08-16 04:59:35.309 | DEBUG    | androguard.core.axml:__init__:1195 - found an attribute: {http://schemas.android.com/apk/res/android}name='b'android.permission.SCHEDULE_EXACT_ALARM''
2026-08-16 04:59:35.309 | DEBUG    | androguard.core.axml:is_valid:575 - True
2026-08-16 04:59:35.309 | DEBUG    | androguard.core.axml:_do_next:593 - M_EVENT 2
2026-08-16 04:59:35.309 | DEBUG    | androguard.core.axml:_do_next:608 - NEXT HEADER <ARSCHeader idx='0x00004068' type='259' header_size='16' size='24'>
2026-08-16 04:59:35.309 | DEBUG    | androguard.core.axml:__init__:1146 - DEBUG ARSC TYPE 3
2026-08-16 04:59:35.309 | DEBUG    | androguard.core.axml:is_valid:575 - True
2026-08-16 04:59:35.309 | DEBUG    | androguard.core.axml:_do_next:593 - M_EVENT 3
2026-08-16 04:59:35.309 | DEBUG    | androguard.core.axml:_do_next:608 - NEXT HEADER <ARSCHeader idx='0x00004080' type='258' header_size='16' size='56'>
2026-08-16 04:59:35.309 | DEBUG    | androguard.core.axml:__init__:1146 - DEBUG ARSC TYPE 2
2026-08-16 04:59:35.309 | DEBUG    | androguard.core.axml:__init__:1167 - START_TAG: uses-permission (line=19)
2026-08-16 04:59:35.309 | DEBUG    | androguard.core.axml:getAttributeNamespace:981 - 0
2026-08-16 04:59:35.309 | DEBUG    | androguard.core.axml:getAttributeUri:968 - 0
2026-08-16 04:59:35.309 | DEBUG    | androguard.core.axml:getAttributeName:997 - 0
2026-08-16 04:59:35.309 | DEBUG    | androguard.core.axml:getAttributeValueType:1027 - 0
2026-08-16 04:59:35.309 | DEBUG    | androguard.core.axml:getAttributeValueData:1038 - 0
2026-08-16 04:59:35.309 | DEBUG    | androguard.core.axml:getAttributeValue:1052 - 0
2026-08-16 04:59:35.309 | DEBUG    | androguard.core.axml:__init__:1195 - found an attribute: {http://schemas.android.com/apk/res/android}name='b'android.permission.USE_EXACT_ALARM''
2026-08-16 04:59:35.309 | DEBUG    | androguard.core.axml:is_valid:575 - True
2026-08-16 04:59:35.309 | DEBUG    | androguard.core.axml:_do_next:593 - M_EVENT 2
2026-08-16 04:59:35.309 | DEBUG    | androguard.core.axml:_do_next:608 - NEXT HEADER <ARSCHeader idx='0x000040b8' type='259' header_size='16' size='24'>
2026-08-16 04:59:35.309 | DEBUG    | androguard.core.axml:__init__:1146 - DEBUG ARSC TYPE 3
2026-08-16 04:59:35.309 | DEBUG    | androguard.core.axml:is_valid:575 - True
2026-08-16 04:59:35.309 | DEBUG    | androguard.core.axml:_do_next:593 - M_EVENT 3
2026-08-16 04:59:35.309 | DEBUG    | androguard.core.axml:_do_next:608 - NEXT HEADER <ARSCHeader idx='0x000040d0' type='258' header_size='16' size='56'>
2026-08-16 04:59:35.309 | DEBUG    | androguard.core.axml:__init__:1146 - DEBUG ARSC TYPE 2
2026-08-16 04:59:35.309 | DEBUG    | androguard.core.axml:__init__:1167 - START_TAG: uses-permission (line=20)
2026-08-16 04:59:35.309 | DEBUG    | androguard.core.axml:getAttributeNamespace:981 - 0
2026-08-16 04:59:35.309 | DEBUG    | androguard.core.axml:getAttributeUri:968 - 0
2026-08-16 04:59:35.309 | DEBUG    | androguard.core.axml:getAttributeName:997 - 0
2026-08-16 04:59:35.309 | DEBUG    | androguard.core.axml:getAttributeValueType:1027 - 0
2026-08-16 04:59:35.309 | DEBUG    | androguard.core.axml:getAttributeValueData:1038 - 0
2026-08-16 04:59:35.309 | DEBUG    | androguard.core.axml:getAttributeValue:1052 - 0
2026-08-16 04:59:35.309 | DEBUG    | androguard.core.axml:__init__:1195 - found an attribute: {http://schemas.android.com/apk/res/android}name='b'android.permission.FOREGROUND_SERVICE_DATA_SYNC''
2026-08-16 04:59:35.309 | DEBUG    | androguard.core.axml:is_valid:575 - True
2026-08-16 04:59:35.309 | DEBUG    | androguard.core.axml:_do_next:593 - M_EVENT 2
2026-08-16 04:59:35.309 | DEBUG    | androguard.core.axml:_do_next:608 - NEXT HEADER <ARSCHeader idx='0x00004108' type='259' header_size='16' size='24'>
2026-08-16 04:59:35.309 | DEBUG    | androguard.core.axml:__init__:1146 - DEBUG ARSC TYPE 3
2026-08-16 04:59:35.309 | DEBUG    | androguard.core.axml:is_valid:575 - True
2026-08-16 04:59:35.309 | DEBUG    | androguard.core.axml:_do_next:593 - M_EVENT 3
2026-08-16 04:59:35.309 | DEBUG    | androguard.core.axml:_do_next:608 - NEXT HEADER <ARSCHeader idx='0x00004120' type='258' header_size='16' size='56'>
2026-08-16 04:59:35.309 | DEBUG    | androguard.core.axml:__init__:1146 - DEBUG ARSC TYPE 2
2026-08-16 04:59:35.309 | DEBUG    | androguard.core.axml:__init__:1167 - START_TAG: uses-permission (line=21)
2026-08-16 04:59:35.309 | DEBUG    | androguard.core.axml:getAttributeNamespace:981 - 0
2026-08-16 04:59:35.309 | DEBUG    | androguard.core.axml:getAttributeUri:968 - 0
2026-08-16 04:59:35.309 | DEBUG    | androguard.core.axml:getAttributeName:997 - 0
2026-08-16 04:59:35.309 | DEBUG    | androguard.core.axml:getAttributeValueType:1027 - 0
2026-08-16 04:59:35.309 | DEBUG    | androguard.core.axml:getAttributeValueData:1038 - 0
2026-08-16 04:59:35.309 | DEBUG    | androguard.core.axml:getAttributeValue:1052 - 0
2026-08-16 04:59:35.309 | DEBUG    | androguard.core.axml:__init__:1195 - found an attribute: {http://schemas.android.com/apk/res/android}name='b'android.permission.FOREGROUND_SERVICE_MEDIA_PROJECTION''
2026-08-16 04:59:35.309 | DEBUG    | androguard.core.axml:is_valid:575 - True
2026-08-16 04:59:35.309 | DEBUG    | androguard.core.axml:_do_next:593 - M_EVENT 2
2026-08-16 04:59:35.309 | DEBUG    | androguard.core.axml:_do_next:608 - NEXT HEADER <ARSCHeader idx='0x00004158' type='259' header_size='16' size='24'>
2026-08-16 04:59:35.309 | DEBUG    | androguard.core.axml:__init__:1146 - DEBUG ARSC TYPE 3
2026-08-16 04:59:35.309 | DEBUG    | androguard.core.axml:is_valid:575 - True
2026-08-16 04:59:35.309 | DEBUG    | androguard.core.axml:_do_next:593 - M_EVENT 3
2026-08-16 04:59:35.309 | DEBUG    | androguard.core.axml:_do_next:608 - NEXT HEADER <ARSCHeader idx='0x00004170' type='258' header_size='16' size='56'>
2026-08-16 04:59:35.309 | DEBUG    | androguard.core.axml:__init__:1146 - DEBUG ARSC TYPE 2
2026-08-16 04:59:35.309 | DEBUG    | androguard.core.axml:__init__:1167 - START_TAG: uses-permission (line=22)
2026-08-16 04:59:35.309 | DEBUG    | androguard.core.axml:getAttributeNamespace:981 - 0
2026-08-16 04:59:35.309 | DEBUG    | androguard.core.axml:getAttributeUri:968 - 0
2026-08-16 04:59:35.309 | DEBUG    | androguard.core.axml:getAttributeName:997 - 0
2026-08-16 04:59:35.309 | DEBUG    | androguard.core.axml:getAttributeValueType:1027 - 0
2026-08-16 04:59:35.309 | DEBUG    | androguard.core.axml:getAttributeValueData:1038 - 0
2026-08-16 04:59:35.309 | DEBUG    | androguard.core.axml:getAttributeValue:1052 - 0
2026-08-16 04:59:35.309 | DEBUG    | androguard.core.axml:__init__:1195 - found an attribute: {http://schemas.android.com/apk/res/android}name='b'android.permission.POST_NOTIFICATIONS''
2026-08-16 04:59:35.309 | DEBUG    | androguard.core.axml:is_valid:575 - True
2026-08-16 04:59:35.309 | DEBUG    | androguard.core.axml:_do_next:593 - M_EVENT 2
2026-08-16 04:59:35.309 | DEBUG    | androguard.core.axml:_do_next:608 - NEXT HEADER <ARSCHeader idx='0x000041a8' type='259' header_size='16' size='24'>
2026-08-16 04:59:35.309 | DEBUG    | androguard.core.axml:__init__:1146 - DEBUG ARSC TYPE 3
2026-08-16 04:59:35.309 | DEBUG    | androguard.core.axml:is_valid:575 - True
2026-08-16 04:59:35.309 | DEBUG    | androguard.core.axml:_do_next:593 - M_EVENT 3
2026-08-16 04:59:35.309 | DEBUG    | androguard.core.axml:_do_next:608 - NEXT HEADER <ARSCHeader idx='0x000041c0' type='258' header_size='16' size='56'>
2026-08-16 04:59:35.309 | DEBUG    | androguard.core.axml:__init__:1146 - DEBUG ARSC TYPE 2
2026-08-16 04:59:35.309 | DEBUG    | androguard.core.axml:__init__:1167 - START_TAG: uses-permission (line=23)
2026-08-16 04:59:35.309 | DEBUG    | androguard.core.axml:getAttributeNamespace:981 - 0
2026-08-16 04:59:35.309 | DEBUG    | androguard.core.axml:getAttributeUri:968 - 0
2026-08-16 04:59:35.309 | DEBUG    | androguard.core.axml:getAttributeName:997 - 0
2026-08-16 04:59:35.309 | DEBUG    | androguard.core.axml:getAttributeValueType:1027 - 0
2026-08-16 04:59:35.309 | DEBUG    | androguard.core.axml:getAttributeValueData:1038 - 0
2026-08-16 04:59:35.309 | DEBUG    | androguard.core.axml:getAttributeValue:1052 - 0
2026-08-16 04:59:35.309 | DEBUG    | androguard.core.axml:__init__:1195 - found an attribute: {http://schemas.android.com/apk/res/android}name='b'android.permission.FOREGROUND_SERVICE_SPECIAL_USE''
2026-08-16 04:59:35.309 | DEBUG    | androguard.core.axml:is_valid:575 - True
2026-08-16 04:59:35.309 | DEBUG    | androguard.core.axml:_do_next:593 - M_EVENT 2
2026-08-16 04:59:35.309 | DEBUG    | androguard.core.axml:_do_next:608 - NEXT HEADER <ARSCHeader idx='0x000041f8' type='259' header_size='16' size='24'>
2026-08-16 04:59:35.309 | DEBUG    | androguard.core.axml:__init__:1146 - DEBUG ARSC TYPE 3
2026-08-16 04:59:35.309 | DEBUG    | androguard.core.axml:is_valid:575 - True
2026-08-16 04:59:35.309 | DEBUG    | androguard.core.axml:_do_next:593 - M_EVENT 3
2026-08-16 04:59:35.309 | DEBUG    | androguard.core.axml:_do_next:608 - NEXT HEADER <ARSCHeader idx='0x00004210' type='258' header_size='16' size='56'>
2026-08-16 04:59:35.309 | DEBUG    | androguard.core.axml:__init__:1146 - DEBUG ARSC TYPE 2
2026-08-16 04:59:35.309 | DEBUG    | androguard.core.axml:__init__:1167 - START_TAG: uses-permission (line=24)
2026-08-16 04:59:35.309 | DEBUG    | androguard.core.axml:getAttributeNamespace:981 - 0
2026-08-16 04:59:35.309 | DEBUG    | androguard.core.axml:getAttributeUri:968 - 0
2026-08-16 04:59:35.309 | DEBUG    | androguard.core.axml:getAttributeName:997 - 0
2026-08-16 04:59:35.309 | DEBUG    | androguard.core.axml:getAttributeValueType:1027 - 0
2026-08-16 04:59:35.309 | DEBUG    | androguard.core.axml:getAttributeValueData:1038 - 0
2026-08-16 04:59:35.309 | DEBUG    | androguard.core.axml:getAttributeValue:1052 - 0
2026-08-16 04:59:35.310 | DEBUG    | androguard.core.axml:__init__:1195 - found an attribute: {http://schemas.android.com/apk/res/android}name='b'android.permission.USE_FULL_SCREEN_INTENT''
2026-08-16 04:59:35.310 | DEBUG    | androguard.core.axml:is_valid:575 - True
2026-08-16 04:59:35.310 | DEBUG    | androguard.core.axml:_do_next:593 - M_EVENT 2
2026-08-16 04:59:35.310 | DEBUG    | androguard.core.axml:_do_next:608 - NEXT HEADER <ARSCHeader idx='0x00004248' type='259' header_size='16' size='24'>
2026-08-16 04:59:35.310 | DEBUG    | androguard.core.axml:__init__:1146 - DEBUG ARSC TYPE 3
2026-08-16 04:59:35.310 | DEBUG    | androguard.core.axml:is_valid:575 - True
2026-08-16 04:59:35.310 | DEBUG    | androguard.core.axml:_do_next:593 - M_EVENT 3
2026-08-16 04:59:35.310 | DEBUG    | androguard.core.axml:_do_next:608 - NEXT HEADER <ARSCHeader idx='0x00004260' type='258' header_size='16' size='56'>
2026-08-16 04:59:35.310 | DEBUG    | androguard.core.axml:__init__:1146 - DEBUG ARSC TYPE 2
2026-08-16 04:59:35.310 | DEBUG    | androguard.core.axml:__init__:1167 - START_TAG: uses-permission (line=25)
2026-08-16 04:59:35.310 | DEBUG    | androguard.core.axml:getAttributeNamespace:981 - 0
2026-08-16 04:59:35.310 | DEBUG    | androguard.core.axml:getAttributeUri:968 - 0
2026-08-16 04:59:35.310 | DEBUG    | androguard.core.axml:getAttributeName:997 - 0
2026-08-16 04:59:35.310 | DEBUG    | androguard.core.axml:getAttributeValueType:1027 - 0
2026-08-16 04:59:35.310 | DEBUG    | androguard.core.axml:getAttributeValueData:1038 - 0
2026-08-16 04:59:35.310 | DEBUG    | androguard.core.axml:getAttributeValue:1052 - 0
2026-08-16 04:59:35.310 | DEBUG    | androguard.core.axml:__init__:1195 - found an attribute: {http://schemas.android.com/apk/res/android}name='b'android.permission.TURN_SCREEN_ON''
2026-08-16 04:59:35.310 | DEBUG    | androguard.core.axml:is_valid:575 - True
2026-08-16 04:59:35.310 | DEBUG    | androguard.core.axml:_do_next:593 - M_EVENT 2
2026-08-16 04:59:35.310 | DEBUG    | androguard.core.axml:_do_next:608 - NEXT HEADER <ARSCHeader idx='0x00004298' type='259' header_size='16' size='24'>
2026-08-16 04:59:35.310 | DEBUG    | androguard.core.axml:__init__:1146 - DEBUG ARSC TYPE 3
2026-08-16 04:59:35.310 | DEBUG    | androguard.core.axml:is_valid:575 - True
2026-08-16 04:59:35.310 | DEBUG    | androguard.core.axml:_do_next:593 - M_EVENT 3
2026-08-16 04:59:35.310 | DEBUG    | androguard.core.axml:_do_next:608 - NEXT HEADER <ARSCHeader idx='0x000042b0' type='258' header_size='16' size='56'>
2026-08-16 04:59:35.310 | DEBUG    | androguard.core.axml:__init__:1146 - DEBUG ARSC TYPE 2
2026-08-16 04:59:35.310 | DEBUG    | androguard.core.axml:__init__:1167 - START_TAG: uses-permission (line=26)
2026-08-16 04:59:35.310 | DEBUG    | androguard.core.axml:getAttributeNamespace:981 - 0
2026-08-16 04:59:35.310 | DEBUG    | androguard.core.axml:getAttributeUri:968 - 0
2026-08-16 04:59:35.310 | DEBUG    | androguard.core.axml:getAttributeName:997 - 0
2026-08-16 04:59:35.310 | DEBUG    | androguard.core.axml:getAttributeValueType:1027 - 0
2026-08-16 04:59:35.310 | DEBUG    | androguard.core.axml:getAttributeValueData:1038 - 0
2026-08-16 04:59:35.310 | DEBUG    | androguard.core.axml:getAttributeValue:1052 - 0
2026-08-16 04:59:35.310 | DEBUG    | androguard.core.axml:__init__:1195 - found an attribute: {http://schemas.android.com/apk/res/android}name='b'android.permission.SYSTEM_ALERT_WINDOW''
2026-08-16 04:59:35.310 | DEBUG    | androguard.core.axml:is_valid:575 - True
2026-08-16 04:59:35.310 | DEBUG    | androguard.core.axml:_do_next:593 - M_EVENT 2
2026-08-16 04:59:35.310 | DEBUG    | androguard.core.axml:_do_next:608 - NEXT HEADER <ARSCHeader idx='0x000042e8' type='259' header_size='16' size='24'>
2026-08-16 04:59:35.310 | DEBUG    | androguard.core.axml:__init__:1146 - DEBUG ARSC TYPE 3
2026-08-16 04:59:35.310 | DEBUG    | androguard.core.axml:is_valid:575 - True
2026-08-16 04:59:35.310 | DEBUG    | androguard.core.axml:_do_next:593 - M_EVENT 3
2026-08-16 04:59:35.310 | DEBUG    | androguard.core.axml:_do_next:608 - NEXT HEADER <ARSCHeader idx='0x00004300' type='258' header_size='16' size='56'>
2026-08-16 04:59:35.310 | DEBUG    | androguard.core.axml:__init__:1146 - DEBUG ARSC TYPE 2
2026-08-16 04:59:35.310 | DEBUG    | androguard.core.axml:__init__:1167 - START_TAG: uses-permission (line=27)
2026-08-16 04:59:35.310 | DEBUG    | androguard.core.axml:getAttributeNamespace:981 - 0
2026-08-16 04:59:35.310 | DEBUG    | androguard.core.axml:getAttributeUri:968 - 0
2026-08-16 04:59:35.310 | DEBUG    | androguard.core.axml:getAttributeName:997 - 0
2026-08-16 04:59:35.310 | DEBUG    | androguard.core.axml:getAttributeValueType:1027 - 0
2026-08-16 04:59:35.310 | DEBUG    | androguard.core.axml:getAttributeValueData:1038 - 0
2026-08-16 04:59:35.310 | DEBUG    | androguard.core.axml:getAttributeValue:1052 - 0
2026-08-16 04:59:35.310 | DEBUG    | androguard.core.axml:__init__:1195 - found an attribute: {http://schemas.android.com/apk/res/android}name='b'android.permission.READ_CONTACTS''
2026-08-16 04:59:35.310 | DEBUG    | androguard.core.axml:is_valid:575 - True
2026-08-16 04:59:35.310 | DEBUG    | androguard.core.axml:_do_next:593 - M_EVENT 2
2026-08-16 04:59:35.310 | DEBUG    | androguard.core.axml:_do_next:608 - NEXT HEADER <ARSCHeader idx='0x00004338' type='259' header_size='16' size='24'>
2026-08-16 04:59:35.310 | DEBUG    | androguard.core.axml:__init__:1146 - DEBUG ARSC TYPE 3
2026-08-16 04:59:35.310 | DEBUG    | androguard.core.axml:is_valid:575 - True
2026-08-16 04:59:35.310 | DEBUG    | androguard.core.axml:_do_next:593 - M_EVENT 3
2026-08-16 04:59:35.310 | DEBUG    | androguard.core.axml:_do_next:608 - NEXT HEADER <ARSCHeader idx='0x00004350' type='258' header_size='16' size='56'>
2026-08-16 04:59:35.310 | DEBUG    | androguard.core.axml:__init__:1146 - DEBUG ARSC TYPE 2
2026-08-16 04:59:35.310 | DEBUG    | androguard.core.axml:__init__:1167 - START_TAG: uses-permission (line=28)
2026-08-16 04:59:35.310 | DEBUG    | androguard.core.axml:getAttributeNamespace:981 - 0
2026-08-16 04:59:35.310 | DEBUG    | androguard.core.axml:getAttributeUri:968 - 0
2026-08-16 04:59:35.310 | DEBUG    | androguard.core.axml:getAttributeName:997 - 0
2026-08-16 04:59:35.310 | DEBUG    | androguard.core.axml:getAttributeValueType:1027 - 0
2026-08-16 04:59:35.310 | DEBUG    | androguard.core.axml:getAttributeValueData:1038 - 0
2026-08-16 04:59:35.310 | DEBUG    | androguard.core.axml:getAttributeValue:1052 - 0
2026-08-16 04:59:35.310 | DEBUG    | androguard.core.axml:__init__:1195 - found an attribute: {http://schemas.android.com/apk/res/android}name='b'android.permission.READ_CALL_LOG''
2026-08-16 04:59:35.310 | DEBUG    | androguard.core.axml:is_valid:575 - True
2026-08-16 04:59:35.310 | DEBUG    | androguard.core.axml:_do_next:593 - M_EVENT 2
2026-08-16 04:59:35.310 | DEBUG    | androguard.core.axml:_do_next:608 - NEXT HEADER <ARSCHeader idx='0x00004388' type='259' header_size='16' size='24'>
2026-08-16 04:59:35.310 | DEBUG    | androguard.core.axml:__init__:1146 - DEBUG ARSC TYPE 3
2026-08-16 04:59:35.310 | DEBUG    | androguard.core.axml:is_valid:575 - True
2026-08-16 04:59:35.310 | DEBUG    | androguard.core.axml:_do_next:593 - M_EVENT 3
2026-08-16 04:59:35.310 | DEBUG    | androguard.core.axml:_do_next:608 - NEXT HEADER <ARSCHeader idx='0x000043a0' type='258' header_size='16' size='56'>
2026-08-16 04:59:35.310 | DEBUG    | androguard.core.axml:__init__:1146 - DEBUG ARSC TYPE 2
2026-08-16 04:59:35.310 | DEBUG    | androguard.core.axml:__init__:1167 - START_TAG: uses-permission (line=29)
2026-08-16 04:59:35.310 | DEBUG    | androguard.core.axml:getAttributeNamespace:981 - 0
2026-08-16 04:59:35.310 | DEBUG    | androguard.core.axml:getAttributeUri:968 - 0
2026-08-16 04:59:35.310 | DEBUG    | androguard.core.axml:getAttributeName:997 - 0
2026-08-16 04:59:35.310 | DEBUG    | androguard.core.axml:getAttributeValueType:1027 - 0
2026-08-16 04:59:35.310 | DEBUG    | androguard.core.axml:getAttributeValueData:1038 - 0
2026-08-16 04:59:35.310 | DEBUG    | androguard.core.axml:getAttributeValue:1052 - 0
2026-08-16 04:59:35.310 | DEBUG    | androguard.core.axml:__init__:1195 - found an attribute: {http://schemas.android.com/apk/res/android}name='b'android.permission.CAMERA''
2026-08-16 04:59:35.310 | DEBUG    | androguard.core.axml:is_valid:575 - True
2026-08-16 04:59:35.310 | DEBUG    | androguard.core.axml:_do_next:593 - M_EVENT 2
2026-08-16 04:59:35.310 | DEBUG    | androguard.core.axml:_do_next:608 - NEXT HEADER <ARSCHeader idx='0x000043d8' type='259' header_size='16' size='24'>
2026-08-16 04:59:35.310 | DEBUG    | androguard.core.axml:__init__:1146 - DEBUG ARSC TYPE 3
2026-08-16 04:59:35.310 | DEBUG    | androguard.core.axml:is_valid:575 - True
2026-08-16 04:59:35.310 | DEBUG    | androguard.core.axml:_do_next:593 - M_EVENT 3
2026-08-16 04:59:35.310 | DEBUG    | androguard.core.axml:_do_next:608 - NEXT HEADER <ARSCHeader idx='0x000043f0' type='258' header_size='16' size='76'>
2026-08-16 04:59:35.310 | DEBUG    | androguard.core.axml:__init__:1146 - DEBUG ARSC TYPE 2
2026-08-16 04:59:35.310 | DEBUG    | androguard.core.axml:__init__:1167 - START_TAG: uses-feature (line=30)
2026-08-16 04:59:35.310 | DEBUG    | androguard.core.axml:getAttributeNamespace:981 - 0
2026-08-16 04:59:35.310 | DEBUG    | androguard.core.axml:getAttributeUri:968 - 0
2026-08-16 04:59:35.310 | DEBUG    | androguard.core.axml:getAttributeName:997 - 0
2026-08-16 04:59:35.310 | DEBUG    | androguard.core.axml:getAttributeValueType:1027 - 0
2026-08-16 04:59:35.310 | DEBUG    | androguard.core.axml:getAttributeValueData:1038 - 0
2026-08-16 04:59:35.310 | DEBUG    | androguard.core.axml:getAttributeValue:1052 - 0
2026-08-16 04:59:35.310 | DEBUG    | androguard.core.axml:__init__:1195 - found an attribute: {http://schemas.android.com/apk/res/android}name='b'android.hardware.camera''
2026-08-16 04:59:35.310 | DEBUG    | androguard.core.axml:getAttributeNamespace:981 - 1
2026-08-16 04:59:35.310 | DEBUG    | androguard.core.axml:getAttributeUri:968 - 1
2026-08-16 04:59:35.310 | DEBUG    | androguard.core.axml:getAttributeName:997 - 1
2026-08-16 04:59:35.310 | DEBUG    | androguard.core.axml:getAttributeValueType:1027 - 1
2026-08-16 04:59:35.310 | DEBUG    | androguard.core.axml:getAttributeValueData:1038 - 1
2026-08-16 04:59:35.310 | DEBUG    | androguard.core.axml:__init__:1195 - found an attribute: {http://schemas.android.com/apk/res/android}required='b'false''
2026-08-16 04:59:35.310 | DEBUG    | androguard.core.axml:is_valid:575 - True
2026-08-16 04:59:35.310 | DEBUG    | androguard.core.axml:_do_next:593 - M_EVENT 2
2026-08-16 04:59:35.310 | DEBUG    | androguard.core.axml:_do_next:608 - NEXT HEADER <ARSCHeader idx='0x0000443c' type='259' header_size='16' size='24'>
2026-08-16 04:59:35.310 | DEBUG    | androguard.core.axml:__init__:1146 - DEBUG ARSC TYPE 3
2026-08-16 04:59:35.310 | DEBUG    | androguard.core.axml:is_valid:575 - True
2026-08-16 04:59:35.310 | DEBUG    | androguard.core.axml:_do_next:593 - M_EVENT 3
2026-08-16 04:59:35.310 | DEBUG    | androguard.core.axml:_do_next:608 - NEXT HEADER <ARSCHeader idx='0x00004454' type='258' header_size='16' size='76'>
2026-08-16 04:59:35.310 | DEBUG    | androguard.core.axml:__init__:1146 - DEBUG ARSC TYPE 2
2026-08-16 04:59:35.310 | DEBUG    | androguard.core.axml:__init__:1167 - START_TAG: uses-feature (line=31)
2026-08-16 04:59:35.310 | DEBUG    | androguard.core.axml:getAttributeNamespace:981 - 0
2026-08-16 04:59:35.310 | DEBUG    | androguard.core.axml:getAttributeUri:968 - 0
2026-08-16 04:59:35.310 | DEBUG    | androguard.core.axml:getAttributeName:997 - 0
2026-08-16 04:59:35.310 | DEBUG    | androguard.core.axml:getAttributeValueType:1027 - 0
2026-08-16 04:59:35.310 | DEBUG    | androguard.core.axml:getAttributeValueData:1038 - 0
2026-08-16 04:59:35.310 | DEBUG    | androguard.core.axml:getAttributeValue:1052 - 0
2026-08-16 04:59:35.311 | DEBUG    | androguard.core.axml:__init__:1195 - found an attribute: {http://schemas.android.com/apk/res/android}name='b'android.hardware.camera.autofocus''
2026-08-16 04:59:35.311 | DEBUG    | androguard.core.axml:getAttributeNamespace:981 - 1
2026-08-16 04:59:35.311 | DEBUG    | androguard.core.axml:getAttributeUri:968 - 1
2026-08-16 04:59:35.311 | DEBUG    | androguard.core.axml:getAttributeName:997 - 1
2026-08-16 04:59:35.311 | DEBUG    | androguard.core.axml:getAttributeValueType:1027 - 1
2026-08-16 04:59:35.311 | DEBUG    | androguard.core.axml:getAttributeValueData:1038 - 1
2026-08-16 04:59:35.311 | DEBUG    | androguard.core.axml:__init__:1195 - found an attribute: {http://schemas.android.com/apk/res/android}required='b'false''
2026-08-16 04:59:35.311 | DEBUG    | androguard.core.axml:is_valid:575 - True
2026-08-16 04:59:35.311 | DEBUG    | androguard.core.axml:_do_next:593 - M_EVENT 2
2026-08-16 04:59:35.311 | DEBUG    | androguard.core.axml:_do_next:608 - NEXT HEADER <ARSCHeader idx='0x000044a0' type='259' header_size='16' size='24'>
2026-08-16 04:59:35.311 | DEBUG    | androguard.core.axml:__init__:1146 - DEBUG ARSC TYPE 3
2026-08-16 04:59:35.311 | DEBUG    | androguard.core.axml:is_valid:575 - True
2026-08-16 04:59:35.311 | DEBUG    | androguard.core.axml:_do_next:593 - M_EVENT 3
2026-08-16 04:59:35.311 | DEBUG    | androguard.core.axml:_do_next:608 - NEXT HEADER <ARSCHeader idx='0x000044b8' type='258' header_size='16' size='56'>
2026-08-16 04:59:35.311 | DEBUG    | androguard.core.axml:__init__:1146 - DEBUG ARSC TYPE 2
2026-08-16 04:59:35.311 | DEBUG    | androguard.core.axml:__init__:1167 - START_TAG: uses-permission (line=32)
2026-08-16 04:59:35.311 | DEBUG    | androguard.core.axml:getAttributeNamespace:981 - 0
2026-08-16 04:59:35.311 | DEBUG    | androguard.core.axml:getAttributeUri:968 - 0
2026-08-16 04:59:35.311 | DEBUG    | androguard.core.axml:getAttributeName:997 - 0
2026-08-16 04:59:35.311 | DEBUG    | androguard.core.axml:getAttributeValueType:1027 - 0
2026-08-16 04:59:35.311 | DEBUG    | androguard.core.axml:getAttributeValueData:1038 - 0
2026-08-16 04:59:35.311 | DEBUG    | androguard.core.axml:getAttributeValue:1052 - 0
2026-08-16 04:59:35.311 | DEBUG    | androguard.core.axml:__init__:1195 - found an attribute: {http://schemas.android.com/apk/res/android}name='b'android.permission.QUERY_ALL_PACKAGES''
2026-08-16 04:59:35.311 | DEBUG    | androguard.core.axml:is_valid:575 - True
2026-08-16 04:59:35.311 | DEBUG    | androguard.core.axml:_do_next:593 - M_EVENT 2
2026-08-16 04:59:35.311 | DEBUG    | androguard.core.axml:_do_next:608 - NEXT HEADER <ARSCHeader idx='0x000044f0' type='259' header_size='16' size='24'>
2026-08-16 04:59:35.311 | DEBUG    | androguard.core.axml:__init__:1146 - DEBUG ARSC TYPE 3
2026-08-16 04:59:35.311 | DEBUG    | androguard.core.axml:is_valid:575 - True
2026-08-16 04:59:35.311 | DEBUG    | androguard.core.axml:_do_next:593 - M_EVENT 3
2026-08-16 04:59:35.311 | DEBUG    | androguard.core.axml:_do_next:608 - NEXT HEADER <ARSCHeader idx='0x00004508' type='258' header_size='16' size='36'>
2026-08-16 04:59:35.311 | DEBUG    | androguard.core.axml:__init__:1146 - DEBUG ARSC TYPE 2
2026-08-16 04:59:35.311 | DEBUG    | androguard.core.axml:__init__:1167 - START_TAG: queries (line=33)
2026-08-16 04:59:35.311 | DEBUG    | androguard.core.axml:is_valid:575 - True
2026-08-16 04:59:35.311 | DEBUG    | androguard.core.axml:_do_next:593 - M_EVENT 2
2026-08-16 04:59:35.311 | DEBUG    | androguard.core.axml:_do_next:608 - NEXT HEADER <ARSCHeader idx='0x0000452c' type='258' header_size='16' size='36'>
2026-08-16 04:59:35.311 | DEBUG    | androguard.core.axml:__init__:1146 - DEBUG ARSC TYPE 2
2026-08-16 04:59:35.311 | DEBUG    | androguard.core.axml:__init__:1167 - START_TAG: intent (line=34)
2026-08-16 04:59:35.311 | DEBUG    | androguard.core.axml:is_valid:575 - True
2026-08-16 04:59:35.311 | DEBUG    | androguard.core.axml:_do_next:593 - M_EVENT 2
2026-08-16 04:59:35.311 | DEBUG    | androguard.core.axml:_do_next:608 - NEXT HEADER <ARSCHeader idx='0x00004550' type='258' header_size='16' size='56'>
2026-08-16 04:59:35.311 | DEBUG    | androguard.core.axml:__init__:1146 - DEBUG ARSC TYPE 2
2026-08-16 04:59:35.311 | DEBUG    | androguard.core.axml:__init__:1167 - START_TAG: action (line=35)
2026-08-16 04:59:35.311 | DEBUG    | androguard.core.axml:getAttributeNamespace:981 - 0
2026-08-16 04:59:35.311 | DEBUG    | androguard.core.axml:getAttributeUri:968 - 0
2026-08-16 04:59:35.311 | DEBUG    | androguard.core.axml:getAttributeName:997 - 0
2026-08-16 04:59:35.311 | DEBUG    | androguard.core.axml:getAttributeValueType:1027 - 0
2026-08-16 04:59:35.311 | DEBUG    | androguard.core.axml:getAttributeValueData:1038 - 0
2026-08-16 04:59:35.311 | DEBUG    | androguard.core.axml:getAttributeValue:1052 - 0
2026-08-16 04:59:35.311 | DEBUG    | androguard.core.axml:__init__:1195 - found an attribute: {http://schemas.android.com/apk/res/android}name='b'android.intent.action.VIEW''
2026-08-16 04:59:35.311 | DEBUG    | androguard.core.axml:is_valid:575 - True
2026-08-16 04:59:35.311 | DEBUG    | androguard.core.axml:_do_next:593 - M_EVENT 2
2026-08-16 04:59:35.311 | DEBUG    | androguard.core.axml:_do_next:608 - NEXT HEADER <ARSCHeader idx='0x00004588' type='259' header_size='16' size='24'>
2026-08-16 04:59:35.311 | DEBUG    | androguard.core.axml:__init__:1146 - DEBUG ARSC TYPE 3
2026-08-16 04:59:35.311 | DEBUG    | androguard.core.axml:is_valid:575 - True
2026-08-16 04:59:35.311 | DEBUG    | androguard.core.axml:_do_next:593 - M_EVENT 3
2026-08-16 04:59:35.311 | DEBUG    | androguard.core.axml:_do_next:608 - NEXT HEADER <ARSCHeader idx='0x000045a0' type='258' header_size='16' size='56'>
2026-08-16 04:59:35.311 | DEBUG    | androguard.core.axml:__init__:1146 - DEBUG ARSC TYPE 2
2026-08-16 04:59:35.311 | DEBUG    | androguard.core.axml:__init__:1167 - START_TAG: data (line=36)
2026-08-16 04:59:35.311 | DEBUG    | androguard.core.axml:getAttributeNamespace:981 - 0
2026-08-16 04:59:35.311 | DEBUG    | androguard.core.axml:getAttributeUri:968 - 0
2026-08-16 04:59:35.311 | DEBUG    | androguard.core.axml:getAttributeName:997 - 0
2026-08-16 04:59:35.311 | DEBUG    | androguard.core.axml:getAttributeValueType:1027 - 0
2026-08-16 04:59:35.311 | DEBUG    | androguard.core.axml:getAttributeValueData:1038 - 0
2026-08-16 04:59:35.311 | DEBUG    | androguard.core.axml:getAttributeValue:1052 - 0
2026-08-16 04:59:35.311 | DEBUG    | androguard.core.axml:__init__:1195 - found an attribute: {http://schemas.android.com/apk/res/android}scheme='b'http''
2026-08-16 04:59:35.311 | DEBUG    | androguard.core.axml:is_valid:575 - True
2026-08-16 04:59:35.311 | DEBUG    | androguard.core.axml:_do_next:593 - M_EVENT 2
2026-08-16 04:59:35.311 | DEBUG    | androguard.core.axml:_do_next:608 - NEXT HEADER <ARSCHeader idx='0x000045d8' type='259' header_size='16' size='24'>
2026-08-16 04:59:35.311 | DEBUG    | androguard.core.axml:__init__:1146 - DEBUG ARSC TYPE 3
2026-08-16 04:59:35.311 | DEBUG    | androguard.core.axml:is_valid:575 - True
2026-08-16 04:59:35.311 | DEBUG    | androguard.core.axml:_do_next:593 - M_EVENT 3
2026-08-16 04:59:35.311 | DEBUG    | androguard.core.axml:_do_next:608 - NEXT HEADER <ARSCHeader idx='0x000045f0' type='259' header_size='16' size='24'>
2026-08-16 04:59:35.311 | DEBUG    | androguard.core.axml:__init__:1146 - DEBUG ARSC TYPE 3
2026-08-16 04:59:35.311 | DEBUG    | androguard.core.axml:is_valid:575 - True
2026-08-16 04:59:35.311 | DEBUG    | androguard.core.axml:_do_next:593 - M_EVENT 3
2026-08-16 04:59:35.311 | DEBUG    | androguard.core.axml:_do_next:608 - NEXT HEADER <ARSCHeader idx='0x00004608' type='258' header_size='16' size='36'>
2026-08-16 04:59:35.311 | DEBUG    | androguard.core.axml:__init__:1146 - DEBUG ARSC TYPE 2
2026-08-16 04:59:35.311 | DEBUG    | androguard.core.axml:__init__:1167 - START_TAG: intent (line=38)
2026-08-16 04:59:35.311 | DEBUG    | androguard.core.axml:is_valid:575 - True
2026-08-16 04:59:35.311 | DEBUG    | androguard.core.axml:_do_next:593 - M_EVENT 2
2026-08-16 04:59:35.311 | DEBUG    | androguard.core.axml:_do_next:608 - NEXT HEADER <ARSCHeader idx='0x0000462c' type='258' header_size='16' size='56'>
2026-08-16 04:59:35.311 | DEBUG    | androguard.core.axml:__init__:1146 - DEBUG ARSC TYPE 2
2026-08-16 04:59:35.311 | DEBUG    | androguard.core.axml:__init__:1167 - START_TAG: action (line=39)
2026-08-16 04:59:35.311 | DEBUG    | androguard.core.axml:getAttributeNamespace:981 - 0
2026-08-16 04:59:35.311 | DEBUG    | androguard.core.axml:getAttributeUri:968 - 0
2026-08-16 04:59:35.311 | DEBUG    | androguard.core.axml:getAttributeName:997 - 0
2026-08-16 04:59:35.311 | DEBUG    | androguard.core.axml:getAttributeValueType:1027 - 0
2026-08-16 04:59:35.311 | DEBUG    | androguard.core.axml:getAttributeValueData:1038 - 0
2026-08-16 04:59:35.311 | DEBUG    | androguard.core.axml:getAttributeValue:1052 - 0
2026-08-16 04:59:35.311 | DEBUG    | androguard.core.axml:__init__:1195 - found an attribute: {http://schemas.android.com/apk/res/android}name='b'android.intent.action.DIAL''
2026-08-16 04:59:35.311 | DEBUG    | androguard.core.axml:is_valid:575 - True
2026-08-16 04:59:35.311 | DEBUG    | androguard.core.axml:_do_next:593 - M_EVENT 2
2026-08-16 04:59:35.311 | DEBUG    | androguard.core.axml:_do_next:608 - NEXT HEADER <ARSCHeader idx='0x00004664' type='259' header_size='16' size='24'>
2026-08-16 04:59:35.311 | DEBUG    | androguard.core.axml:__init__:1146 - DEBUG ARSC TYPE 3
2026-08-16 04:59:35.313 | DEBUG    | androguard.core.axml:is_valid:575 - True
2026-08-16 04:59:35.313 | DEBUG    | androguard.core.axml:_do_next:593 - M_EVENT 3
2026-08-16 04:59:35.313 | DEBUG    | androguard.core.axml:_do_next:608 - NEXT HEADER <ARSCHeader idx='0x0000467c' type='259' header_size='16' size='24'>
2026-08-16 04:59:35.313 | DEBUG    | androguard.core.axml:__init__:1146 - DEBUG ARSC TYPE 3
2026-08-16 04:59:35.313 | DEBUG    | androguard.core.axml:is_valid:575 - True
2026-08-16 04:59:35.313 | DEBUG    | androguard.core.axml:_do_next:593 - M_EVENT 3
2026-08-16 04:59:35.313 | DEBUG    | androguard.core.axml:_do_next:608 - NEXT HEADER <ARSCHeader idx='0x00004694' type='258' header_size='16' size='56'>
2026-08-16 04:59:35.313 | DEBUG    | androguard.core.axml:__init__:1146 - DEBUG ARSC TYPE 2
2026-08-16 04:59:35.313 | DEBUG    | androguard.core.axml:__init__:1167 - START_TAG: package (line=41)
2026-08-16 04:59:35.313 | DEBUG    | androguard.core.axml:getAttributeNamespace:981 - 0
2026-08-16 04:59:35.313 | DEBUG    | androguard.core.axml:getAttributeUri:968 - 0
2026-08-16 04:59:35.313 | DEBUG    | androguard.core.axml:getAttributeName:997 - 0
2026-08-16 04:59:35.313 | DEBUG    | androguard.core.axml:getAttributeValueType:1027 - 0
2026-08-16 04:59:35.313 | DEBUG    | androguard.core.axml:getAttributeValueData:1038 - 0
2026-08-16 04:59:35.313 | DEBUG    | androguard.core.axml:getAttributeValue:1052 - 0
2026-08-16 04:59:35.313 | DEBUG    | androguard.core.axml:__init__:1195 - found an attribute: {http://schemas.android.com/apk/res/android}name='b'org.telegram.messenger''
2026-08-16 04:59:35.313 | DEBUG    | androguard.core.axml:is_valid:575 - True
2026-08-16 04:59:35.313 | DEBUG    | androguard.core.axml:_do_next:593 - M_EVENT 2
2026-08-16 04:59:35.313 | DEBUG    | androguard.core.axml:_do_next:608 - NEXT HEADER <ARSCHeader idx='0x000046cc' type='259' header_size='16' size='24'>
2026-08-16 04:59:35.313 | DEBUG    | androguard.core.axml:__init__:1146 - DEBUG ARSC TYPE 3
2026-08-16 04:59:35.313 | DEBUG    | androguard.core.axml:is_valid:575 - True
2026-08-16 04:59:35.313 | DEBUG    | androguard.core.axml:_do_next:593 - M_EVENT 3
2026-08-16 04:59:35.313 | DEBUG    | androguard.core.axml:_do_next:608 - NEXT HEADER <ARSCHeader idx='0x000046e4' type='258' header_size='16' size='56'>
2026-08-16 04:59:35.313 | DEBUG    | androguard.core.axml:__init__:1146 - DEBUG ARSC TYPE 2
2026-08-16 04:59:35.313 | DEBUG    | androguard.core.axml:__init__:1167 - START_TAG: package (line=42)
2026-08-16 04:59:35.313 | DEBUG    | androguard.core.axml:getAttributeNamespace:981 - 0
2026-08-16 04:59:35.313 | DEBUG    | androguard.core.axml:getAttributeUri:968 - 0
2026-08-16 04:59:35.313 | DEBUG    | androguard.core.axml:getAttributeName:997 - 0
2026-08-16 04:59:35.313 | DEBUG    | androguard.core.axml:getAttributeValueType:1027 - 0
2026-08-16 04:59:35.313 | DEBUG    | androguard.core.axml:getAttributeValueData:1038 - 0
2026-08-16 04:59:35.313 | DEBUG    | androguard.core.axml:getAttributeValue:1052 - 0
2026-08-16 04:59:35.313 | DEBUG    | androguard.core.axml:__init__:1195 - found an attribute: {http://schemas.android.com/apk/res/android}name='b'com.whatsapp''
2026-08-16 04:59:35.313 | DEBUG    | androguard.core.axml:is_valid:575 - True
2026-08-16 04:59:35.313 | DEBUG    | androguard.core.axml:_do_next:593 - M_EVENT 2
2026-08-16 04:59:35.313 | DEBUG    | androguard.core.axml:_do_next:608 - NEXT HEADER <ARSCHeader idx='0x0000471c' type='259' header_size='16' size='24'>
2026-08-16 04:59:35.313 | DEBUG    | androguard.core.axml:__init__:1146 - DEBUG ARSC TYPE 3
2026-08-16 04:59:35.313 | DEBUG    | androguard.core.axml:is_valid:575 - True
2026-08-16 04:59:35.313 | DEBUG    | androguard.core.axml:_do_next:593 - M_EVENT 3
2026-08-16 04:59:35.313 | DEBUG    | androguard.core.axml:_do_next:608 - NEXT HEADER <ARSCHeader idx='0x00004734' type='258' header_size='16' size='56'>
2026-08-16 04:59:35.313 | DEBUG    | androguard.core.axml:__init__:1146 - DEBUG ARSC TYPE 2
2026-08-16 04:59:35.313 | DEBUG    | androguard.core.axml:__init__:1167 - START_TAG: package (line=43)
2026-08-16 04:59:35.313 | DEBUG    | androguard.core.axml:getAttributeNamespace:981 - 0
2026-08-16 04:59:35.313 | DEBUG    | androguard.core.axml:getAttributeUri:968 - 0
2026-08-16 04:59:35.313 | DEBUG    | androguard.core.axml:getAttributeName:997 - 0
2026-08-16 04:59:35.313 | DEBUG    | androguard.core.axml:getAttributeValueType:1027 - 0
2026-08-16 04:59:35.313 | DEBUG    | androguard.core.axml:getAttributeValueData:1038 - 0
2026-08-16 04:59:35.313 | DEBUG    | androguard.core.axml:getAttributeValue:1052 - 0
2026-08-16 04:59:35.313 | DEBUG    | androguard.core.axml:__init__:1195 - found an attribute: {http://schemas.android.com/apk/res/android}name='b'com.viber.voip''
2026-08-16 04:59:35.313 | DEBUG    | androguard.core.axml:is_valid:575 - True
2026-08-16 04:59:35.313 | DEBUG    | androguard.core.axml:_do_next:593 - M_EVENT 2
2026-08-16 04:59:35.313 | DEBUG    | androguard.core.axml:_do_next:608 - NEXT HEADER <ARSCHeader idx='0x0000476c' type='259' header_size='16' size='24'>
2026-08-16 04:59:35.313 | DEBUG    | androguard.core.axml:__init__:1146 - DEBUG ARSC TYPE 3
2026-08-16 04:59:35.313 | DEBUG    | androguard.core.axml:is_valid:575 - True
2026-08-16 04:59:35.313 | DEBUG    | androguard.core.axml:_do_next:593 - M_EVENT 3
2026-08-16 04:59:35.313 | DEBUG    | androguard.core.axml:_do_next:608 - NEXT HEADER <ARSCHeader idx='0x00004784' type='258' header_size='16' size='56'>
2026-08-16 04:59:35.313 | DEBUG    | androguard.core.axml:__init__:1146 - DEBUG ARSC TYPE 2
2026-08-16 04:59:35.313 | DEBUG    | androguard.core.axml:__init__:1167 - START_TAG: package (line=44)
2026-08-16 04:59:35.313 | DEBUG    | androguard.core.axml:getAttributeNamespace:981 - 0
2026-08-16 04:59:35.313 | DEBUG    | androguard.core.axml:getAttributeUri:968 - 0
2026-08-16 04:59:35.313 | DEBUG    | androguard.core.axml:getAttributeName:997 - 0
2026-08-16 04:59:35.314 | DEBUG    | androguard.core.axml:getAttributeValueType:1027 - 0
2026-08-16 04:59:35.314 | DEBUG    | androguard.core.axml:getAttributeValueData:1038 - 0
2026-08-16 04:59:35.314 | DEBUG    | androguard.core.axml:getAttributeValue:1052 - 0
2026-08-16 04:59:35.314 | DEBUG    | androguard.core.axml:__init__:1195 - found an attribute: {http://schemas.android.com/apk/res/android}name='b'com.facebook.katana''
2026-08-16 04:59:35.314 | DEBUG    | androguard.core.axml:is_valid:575 - True
2026-08-16 04:59:35.314 | DEBUG    | androguard.core.axml:_do_next:593 - M_EVENT 2
2026-08-16 04:59:35.314 | DEBUG    | androguard.core.axml:_do_next:608 - NEXT HEADER <ARSCHeader idx='0x000047bc' type='259' header_size='16' size='24'>
2026-08-16 04:59:35.314 | DEBUG    | androguard.core.axml:__init__:1146 - DEBUG ARSC TYPE 3
2026-08-16 04:59:35.314 | DEBUG    | androguard.core.axml:is_valid:575 - True
2026-08-16 04:59:35.314 | DEBUG    | androguard.core.axml:_do_next:593 - M_EVENT 3
2026-08-16 04:59:35.314 | DEBUG    | androguard.core.axml:_do_next:608 - NEXT HEADER <ARSCHeader idx='0x000047d4' type='258' header_size='16' size='56'>
2026-08-16 04:59:35.314 | DEBUG    | androguard.core.axml:__init__:1146 - DEBUG ARSC TYPE 2
2026-08-16 04:59:35.314 | DEBUG    | androguard.core.axml:__init__:1167 - START_TAG: package (line=45)
2026-08-16 04:59:35.314 | DEBUG    | androguard.core.axml:getAttributeNamespace:981 - 0
2026-08-16 04:59:35.314 | DEBUG    | androguard.core.axml:getAttributeUri:968 - 0
2026-08-16 04:59:35.314 | DEBUG    | androguard.core.axml:getAttributeName:997 - 0
2026-08-16 04:59:35.314 | DEBUG    | androguard.core.axml:getAttributeValueType:1027 - 0
2026-08-16 04:59:35.314 | DEBUG    | androguard.core.axml:getAttributeValueData:1038 - 0
2026-08-16 04:59:35.314 | DEBUG    | androguard.core.axml:getAttributeValue:1052 - 0
2026-08-16 04:59:35.314 | DEBUG    | androguard.core.axml:__init__:1195 - found an attribute: {http://schemas.android.com/apk/res/android}name='b'com.instagram.android''
2026-08-16 04:59:35.314 | DEBUG    | androguard.core.axml:is_valid:575 - True
2026-08-16 04:59:35.314 | DEBUG    | androguard.core.axml:_do_next:593 - M_EVENT 2
2026-08-16 04:59:35.314 | DEBUG    | androguard.core.axml:_do_next:608 - NEXT HEADER <ARSCHeader idx='0x0000480c' type='259' header_size='16' size='24'>
2026-08-16 04:59:35.314 | DEBUG    | androguard.core.axml:__init__:1146 - DEBUG ARSC TYPE 3
2026-08-16 04:59:35.314 | DEBUG    | androguard.core.axml:is_valid:575 - True
2026-08-16 04:59:35.314 | DEBUG    | androguard.core.axml:_do_next:593 - M_EVENT 3
2026-08-16 04:59:35.314 | DEBUG    | androguard.core.axml:_do_next:608 - NEXT HEADER <ARSCHeader idx='0x00004824' type='258' header_size='16' size='56'>
2026-08-16 04:59:35.314 | DEBUG    | androguard.core.axml:__init__:1146 - DEBUG ARSC TYPE 2
2026-08-16 04:59:35.314 | DEBUG    | androguard.core.axml:__init__:1167 - START_TAG: package (line=46)
2026-08-16 04:59:35.314 | DEBUG    | androguard.core.axml:getAttributeNamespace:981 - 0
2026-08-16 04:59:35.314 | DEBUG    | androguard.core.axml:getAttributeUri:968 - 0
2026-08-16 04:59:35.314 | DEBUG    | androguard.core.axml:getAttributeName:997 - 0
2026-08-16 04:59:35.314 | DEBUG    | androguard.core.axml:getAttributeValueType:1027 - 0
2026-08-16 04:59:35.314 | DEBUG    | androguard.core.axml:getAttributeValueData:1038 - 0
2026-08-16 04:59:35.314 | DEBUG    | androguard.core.axml:getAttributeValue:1052 - 0
2026-08-16 04:59:35.314 | DEBUG    | androguard.core.axml:__init__:1195 - found an attribute: {http://schemas.android.com/apk/res/android}name='b'com.twitter.android''
2026-08-16 04:59:35.314 | DEBUG    | androguard.core.axml:is_valid:575 - True
2026-08-16 04:59:35.314 | DEBUG    | androguard.core.axml:_do_next:593 - M_EVENT 2
2026-08-16 04:59:35.314 | DEBUG    | androguard.core.axml:_do_next:608 - NEXT HEADER <ARSCHeader idx='0x0000485c' type='259' header_size='16' size='24'>
2026-08-16 04:59:35.314 | DEBUG    | androguard.core.axml:__init__:1146 - DEBUG ARSC TYPE 3
2026-08-16 04:59:35.314 | DEBUG    | androguard.core.axml:is_valid:575 - True
2026-08-16 04:59:35.314 | DEBUG    | androguard.core.axml:_do_next:593 - M_EVENT 3
2026-08-16 04:59:35.314 | DEBUG    | androguard.core.axml:_do_next:608 - NEXT HEADER <ARSCHeader idx='0x00004874' type='258' header_size='16' size='56'>
2026-08-16 04:59:35.314 | DEBUG    | androguard.core.axml:__init__:1146 - DEBUG ARSC TYPE 2
2026-08-16 04:59:35.314 | DEBUG    | androguard.core.axml:__init__:1167 - START_TAG: package (line=47)
2026-08-16 04:59:35.314 | DEBUG    | androguard.core.axml:getAttributeNamespace:981 - 0
2026-08-16 04:59:35.314 | DEBUG    | androguard.core.axml:getAttributeUri:968 - 0
2026-08-16 04:59:35.317 | DEBUG    | androguard.core.axml:getAttributeName:997 - 0
2026-08-16 04:59:35.317 | DEBUG    | androguard.core.axml:getAttributeValueType:1027 - 0
2026-08-16 04:59:35.317 | DEBUG    | androguard.core.axml:getAttributeValueData:1038 - 0
2026-08-16 04:59:35.317 | DEBUG    | androguard.core.axml:getAttributeValue:1052 - 0
2026-08-16 04:59:35.317 | DEBUG    | androguard.core.axml:__init__:1195 - found an attribute: {http://schemas.android.com/apk/res/android}name='b'com.vkontakte.android''
2026-08-16 04:59:35.317 | DEBUG    | androguard.core.axml:is_valid:575 - True
2026-08-16 04:59:35.317 | DEBUG    | androguard.core.axml:_do_next:593 - M_EVENT 2
2026-08-16 04:59:35.317 | DEBUG    | androguard.core.axml:_do_next:608 - NEXT HEADER <ARSCHeader idx='0x000048ac' type='259' header_size='16' size='24'>
2026-08-16 04:59:35.317 | DEBUG    | androguard.core.axml:__init__:1146 - DEBUG ARSC TYPE 3
2026-08-16 04:59:35.317 | DEBUG    | androguard.core.axml:is_valid:575 - True
2026-08-16 04:59:35.317 | DEBUG    | androguard.core.axml:_do_next:593 - M_EVENT 3
2026-08-16 04:59:35.317 | DEBUG    | androguard.core.axml:_do_next:608 - NEXT HEADER <ARSCHeader idx='0x000048c4' type='258' header_size='16' size='56'>
2026-08-16 04:59:35.317 | DEBUG    | androguard.core.axml:__init__:1146 - DEBUG ARSC TYPE 2
2026-08-16 04:59:35.317 | DEBUG    | androguard.core.axml:__init__:1167 - START_TAG: package (line=48)
2026-08-16 04:59:35.317 | DEBUG    | androguard.core.axml:getAttributeNamespace:981 - 0
2026-08-16 04:59:35.317 | DEBUG    | androguard.core.axml:getAttributeUri:968 - 0
2026-08-16 04:59:35.317 | DEBUG    | androguard.core.axml:getAttributeName:997 - 0
2026-08-16 04:59:35.317 | DEBUG    | androguard.core.axml:getAttributeValueType:1027 - 0
2026-08-16 04:59:35.317 | DEBUG    | androguard.core.axml:getAttributeValueData:1038 - 0
2026-08-16 04:59:35.317 | DEBUG    | androguard.core.axml:getAttributeValue:1052 - 0
2026-08-16 04:59:35.317 | DEBUG    | androguard.core.axml:__init__:1195 - found an attribute: {http://schemas.android.com/apk/res/android}name='b'com.google.android.gm''
2026-08-16 04:59:35.317 | DEBUG    | androguard.core.axml:is_valid:575 - True
2026-08-16 04:59:35.317 | DEBUG    | androguard.core.axml:_do_next:593 - M_EVENT 2
2026-08-16 04:59:35.317 | DEBUG    | androguard.core.axml:_do_next:608 - NEXT HEADER <ARSCHeader idx='0x000048fc' type='259' header_size='16' size='24'>
2026-08-16 04:59:35.317 | DEBUG    | androguard.core.axml:__init__:1146 - DEBUG ARSC TYPE 3
2026-08-16 04:59:35.317 | DEBUG    | androguard.core.axml:is_valid:575 - True
2026-08-16 04:59:35.317 | DEBUG    | androguard.core.axml:_do_next:593 - M_EVENT 3
2026-08-16 04:59:35.317 | DEBUG    | androguard.core.axml:_do_next:608 - NEXT HEADER <ARSCHeader idx='0x00004914' type='258' header_size='16' size='56'>
2026-08-16 04:59:35.317 | DEBUG    | androguard.core.axml:__init__:1146 - DEBUG ARSC TYPE 2
2026-08-16 04:59:35.317 | DEBUG    | androguard.core.axml:__init__:1167 - START_TAG: package (line=49)
2026-08-16 04:59:35.317 | DEBUG    | androguard.core.axml:getAttributeNamespace:981 - 0
2026-08-16 04:59:35.317 | DEBUG    | androguard.core.axml:getAttributeUri:968 - 0
2026-08-16 04:59:35.317 | DEBUG    | androguard.core.axml:getAttributeName:997 - 0
2026-08-16 04:59:35.317 | DEBUG    | androguard.core.axml:getAttributeValueType:1027 - 0
2026-08-16 04:59:35.317 | DEBUG    | androguard.core.axml:getAttributeValueData:1038 - 0
2026-08-16 04:59:35.317 | DEBUG    | androguard.core.axml:getAttributeValue:1052 - 0
2026-08-16 04:59:35.317 | DEBUG    | androguard.core.axml:__init__:1195 - found an attribute: {http://schemas.android.com/apk/res/android}name='b'com.google.android.youtube''
2026-08-16 04:59:35.317 | DEBUG    | androguard.core.axml:is_valid:575 - True
2026-08-16 04:59:35.317 | DEBUG    | androguard.core.axml:_do_next:593 - M_EVENT 2
2026-08-16 04:59:35.317 | DEBUG    | androguard.core.axml:_do_next:608 - NEXT HEADER <ARSCHeader idx='0x0000494c' type='259' header_size='16' size='24'>
2026-08-16 04:59:35.317 | DEBUG    | androguard.core.axml:__init__:1146 - DEBUG ARSC TYPE 3
2026-08-16 04:59:35.317 | DEBUG    | androguard.core.axml:is_valid:575 - True
2026-08-16 04:59:35.317 | DEBUG    | androguard.core.axml:_do_next:593 - M_EVENT 3
2026-08-16 04:59:35.317 | DEBUG    | androguard.core.axml:_do_next:608 - NEXT HEADER <ARSCHeader idx='0x00004964' type='258' header_size='16' size='56'>
2026-08-16 04:59:35.317 | DEBUG    | androguard.core.axml:__init__:1146 - DEBUG ARSC TYPE 2
2026-08-16 04:59:35.317 | DEBUG    | androguard.core.axml:__init__:1167 - START_TAG: package (line=50)
2026-08-16 04:59:35.317 | DEBUG    | androguard.core.axml:getAttributeNamespace:981 - 0
2026-08-16 04:59:35.317 | DEBUG    | androguard.core.axml:getAttributeUri:968 - 0
2026-08-16 04:59:35.317 | DEBUG    | androguard.core.axml:getAttributeName:997 - 0
2026-08-16 04:59:35.317 | DEBUG    | androguard.core.axml:getAttributeValueType:1027 - 0
2026-08-16 04:59:35.317 | DEBUG    | androguard.core.axml:getAttributeValueData:1038 - 0
2026-08-16 04:59:35.317 | DEBUG    | androguard.core.axml:getAttributeValue:1052 - 0
2026-08-16 04:59:35.317 | DEBUG    | androguard.core.axml:__init__:1195 - found an attribute: {http://schemas.android.com/apk/res/android}name='b'com.google.android.apps.maps''
2026-08-16 04:59:35.318 | DEBUG    | androguard.core.axml:is_valid:575 - True
2026-08-16 04:59:35.318 | DEBUG    | androguard.core.axml:_do_next:593 - M_EVENT 2
2026-08-16 04:59:35.318 | DEBUG    | androguard.core.axml:_do_next:608 - NEXT HEADER <ARSCHeader idx='0x0000499c' type='259' header_size='16' size='24'>
2026-08-16 04:59:35.318 | DEBUG    | androguard.core.axml:__init__:1146 - DEBUG ARSC TYPE 3
2026-08-16 04:59:35.318 | DEBUG    | androguard.core.axml:is_valid:575 - True
2026-08-16 04:59:35.318 | DEBUG    | androguard.core.axml:_do_next:593 - M_EVENT 3
2026-08-16 04:59:35.318 | DEBUG    | androguard.core.axml:_do_next:608 - NEXT HEADER <ARSCHeader idx='0x000049b4' type='259' header_size='16' size='24'>
2026-08-16 04:59:35.318 | DEBUG    | androguard.core.axml:__init__:1146 - DEBUG ARSC TYPE 3
2026-08-16 04:59:35.318 | DEBUG    | androguard.core.axml:is_valid:575 - True
2026-08-16 04:59:35.318 | DEBUG    | androguard.core.axml:_do_next:593 - M_EVENT 3
2026-08-16 04:59:35.318 | DEBUG    | androguard.core.axml:_do_next:608 - NEXT HEADER <ARSCHeader idx='0x000049cc' type='258' header_size='16' size='76'>
2026-08-16 04:59:35.318 | DEBUG    | androguard.core.axml:__init__:1146 - DEBUG ARSC TYPE 2
2026-08-16 04:59:35.318 | DEBUG    | androguard.core.axml:__init__:1167 - START_TAG: permission (line=52)
2026-08-16 04:59:35.318 | DEBUG    | androguard.core.axml:getAttributeNamespace:981 - 0
2026-08-16 04:59:35.318 | DEBUG    | androguard.core.axml:getAttributeUri:968 - 0
2026-08-16 04:59:35.318 | DEBUG    | androguard.core.axml:getAttributeName:997 - 0
2026-08-16 04:59:35.318 | DEBUG    | androguard.core.axml:getAttributeValueType:1027 - 0
2026-08-16 04:59:35.318 | DEBUG    | androguard.core.axml:getAttributeValueData:1038 - 0
2026-08-16 04:59:35.318 | DEBUG    | androguard.core.axml:getAttributeValue:1052 - 0
2026-08-16 04:59:35.318 | DEBUG    | androguard.core.axml:__init__:1195 - found an attribute: {http://schemas.android.com/apk/res/android}name='b'io.system.system903.DYNAMIC_RECEIVER_NOT_EXPORTED_PERMISSION''
2026-08-16 04:59:35.318 | DEBUG    | androguard.core.axml:getAttributeNamespace:981 - 1
2026-08-16 04:59:35.318 | DEBUG    | androguard.core.axml:getAttributeUri:968 - 1
2026-08-16 04:59:35.318 | DEBUG    | androguard.core.axml:getAttributeName:997 - 1
2026-08-16 04:59:35.318 | DEBUG    | androguard.core.axml:getAttributeValueType:1027 - 1
2026-08-16 04:59:35.318 | DEBUG    | androguard.core.axml:getAttributeValueData:1038 - 1
2026-08-16 04:59:35.318 | DEBUG    | androguard.core.axml:__init__:1195 - found an attribute: {http://schemas.android.com/apk/res/android}protectionLevel='b'0x00000002''
2026-08-16 04:59:35.318 | DEBUG    | androguard.core.axml:is_valid:575 - True
2026-08-16 04:59:35.318 | DEBUG    | androguard.core.axml:_do_next:593 - M_EVENT 2
2026-08-16 04:59:35.318 | DEBUG    | androguard.core.axml:_do_next:608 - NEXT HEADER <ARSCHeader idx='0x00004a18' type='259' header_size='16' size='24'>
2026-08-16 04:59:35.318 | DEBUG    | androguard.core.axml:__init__:1146 - DEBUG ARSC TYPE 3
2026-08-16 04:59:35.318 | DEBUG    | androguard.core.axml:is_valid:575 - True
2026-08-16 04:59:35.318 | DEBUG    | androguard.core.axml:_do_next:593 - M_EVENT 3
2026-08-16 04:59:35.318 | DEBUG    | androguard.core.axml:_do_next:608 - NEXT HEADER <ARSCHeader idx='0x00004a30' type='258' header_size='16' size='56'>
2026-08-16 04:59:35.318 | DEBUG    | androguard.core.axml:__init__:1146 - DEBUG ARSC TYPE 2
2026-08-16 04:59:35.318 | DEBUG    | androguard.core.axml:__init__:1167 - START_TAG: uses-permission (line=53)
2026-08-16 04:59:35.318 | DEBUG    | androguard.core.axml:getAttributeNamespace:981 - 0
2026-08-16 04:59:35.318 | DEBUG    | androguard.core.axml:getAttributeUri:968 - 0
2026-08-16 04:59:35.318 | DEBUG    | androguard.core.axml:getAttributeName:997 - 0
2026-08-16 04:59:35.318 | DEBUG    | androguard.core.axml:getAttributeValueType:1027 - 0
2026-08-16 04:59:35.318 | DEBUG    | androguard.core.axml:getAttributeValueData:1038 - 0
2026-08-16 04:59:35.318 | DEBUG    | androguard.core.axml:getAttributeValue:1052 - 0
2026-08-16 04:59:35.318 | DEBUG    | androguard.core.axml:__init__:1195 - found an attribute: {http://schemas.android.com/apk/res/android}name='b'io.system.system903.DYNAMIC_RECEIVER_NOT_EXPORTED_PERMISSION''
2026-08-16 04:59:35.318 | DEBUG    | androguard.core.axml:is_valid:575 - True
2026-08-16 04:59:35.318 | DEBUG    | androguard.core.axml:_do_next:593 - M_EVENT 2
2026-08-16 04:59:35.318 | DEBUG    | androguard.core.axml:_do_next:608 - NEXT HEADER <ARSCHeader idx='0x00004a68' type='259' header_size='16' size='24'>
2026-08-16 04:59:35.318 | DEBUG    | androguard.core.axml:__init__:1146 - DEBUG ARSC TYPE 3
2026-08-16 04:59:35.318 | DEBUG    | androguard.core.axml:is_valid:575 - True
2026-08-16 04:59:35.318 | DEBUG    | androguard.core.axml:_do_next:593 - M_EVENT 3
2026-08-16 04:59:35.318 | DEBUG    | androguard.core.axml:_do_next:608 - NEXT HEADER <ARSCHeader idx='0x00004a80' type='258' header_size='16' size='376'>
2026-08-16 04:59:35.318 | DEBUG    | androguard.core.axml:__init__:1146 - DEBUG ARSC TYPE 2
2026-08-16 04:59:35.318 | DEBUG    | androguard.core.axml:__init__:1167 - START_TAG: application (line=54)
2026-08-16 04:59:35.318 | DEBUG    | androguard.core.axml:getAttributeNamespace:981 - 0
2026-08-16 04:59:35.318 | DEBUG    | androguard.core.axml:getAttributeUri:968 - 0
2026-08-16 04:59:35.318 | DEBUG    | androguard.core.axml:getAttributeName:997 - 0
2026-08-16 04:59:35.318 | DEBUG    | androguard.core.axml:getAttributeValueType:1027 - 0
2026-08-16 04:59:35.318 | DEBUG    | androguard.core.axml:getAttributeValueData:1038 - 0
2026-08-16 04:59:35.318 | DEBUG    | androguard.core.axml:__init__:1195 - found an attribute: {http://schemas.android.com/apk/res/android}theme='b'@7F100275''
2026-08-16 04:59:35.318 | DEBUG    | androguard.core.axml:getAttributeNamespace:981 - 1
2026-08-16 04:59:35.318 | DEBUG    | androguard.core.axml:getAttributeUri:968 - 1
2026-08-16 04:59:35.318 | DEBUG    | androguard.core.axml:getAttributeName:997 - 1
2026-08-16 04:59:35.318 | DEBUG    | androguard.core.axml:getAttributeValueType:1027 - 1
2026-08-16 04:59:35.318 | DEBUG    | androguard.core.axml:getAttributeValueData:1038 - 1
2026-08-16 04:59:35.318 | DEBUG    | androguard.core.axml:__init__:1195 - found an attribute: {http://schemas.android.com/apk/res/android}label='b'@7F0F001D''
2026-08-16 04:59:35.318 | DEBUG    | androguard.core.axml:getAttributeNamespace:981 - 2
2026-08-16 04:59:35.318 | DEBUG    | androguard.core.axml:getAttributeUri:968 - 2
2026-08-16 04:59:35.318 | DEBUG    | androguard.core.axml:getAttributeName:997 - 2
2026-08-16 04:59:35.318 | DEBUG    | androguard.core.axml:getAttributeValueType:1027 - 2
2026-08-16 04:59:35.318 | DEBUG    | androguard.core.axml:getAttributeValueData:1038 - 2
2026-08-16 04:59:35.318 | DEBUG    | androguard.core.axml:__init__:1195 - found an attribute: {http://schemas.android.com/apk/res/android}icon='b'@7F0D0000''
2026-08-16 04:59:35.318 | DEBUG    | androguard.core.axml:getAttributeNamespace:981 - 3
2026-08-16 04:59:35.318 | DEBUG    | androguard.core.axml:getAttributeUri:968 - 3
2026-08-16 04:59:35.318 | DEBUG    | androguard.core.axml:getAttributeName:997 - 3
2026-08-16 04:59:35.318 | DEBUG    | androguard.core.axml:getAttributeValueType:1027 - 3
2026-08-16 04:59:35.318 | DEBUG    | androguard.core.axml:getAttributeValueData:1038 - 3
2026-08-16 04:59:35.318 | DEBUG    | androguard.core.axml:getAttributeValue:1052 - 3
2026-08-16 04:59:35.318 | DEBUG    | androguard.core.axml:__init__:1195 - found an attribute: {http://schemas.android.com/apk/res/android}name='b'C2db3bfeGOjW.C3f77562GOjW.C87ea62eGOjW.C29225c5GOjW''
2026-08-16 04:59:35.318 | DEBUG    | androguard.core.axml:getAttributeNamespace:981 - 4
2026-08-16 04:59:35.318 | DEBUG    | androguard.core.axml:getAttributeUri:968 - 4
2026-08-16 04:59:35.318 | DEBUG    | androguard.core.axml:getAttributeName:997 - 4
2026-08-16 04:59:35.318 | DEBUG    | androguard.core.axml:getAttributeValueType:1027 - 4
2026-08-16 04:59:35.318 | DEBUG    | androguard.core.axml:getAttributeValueData:1038 - 4
2026-08-16 04:59:35.318 | DEBUG    | androguard.core.axml:__init__:1195 - found an attribute: {http://schemas.android.com/apk/res/android}excludeFromRecents='b'true''
2026-08-16 04:59:35.318 | DEBUG    | androguard.core.axml:getAttributeNamespace:981 - 5
2026-08-16 04:59:35.318 | DEBUG    | androguard.core.axml:getAttributeUri:968 - 5
2026-08-16 04:59:35.318 | DEBUG    | androguard.core.axml:getAttributeName:997 - 5
2026-08-16 04:59:35.318 | DEBUG    | androguard.core.axml:getAttributeValueType:1027 - 5
2026-08-16 04:59:35.318 | DEBUG    | androguard.core.axml:getAttributeValueData:1038 - 5
2026-08-16 04:59:35.318 | DEBUG    | androguard.core.axml:__init__:1195 - found an attribute: {http://schemas.android.com/apk/res/android}allowBackup='b'true''
2026-08-16 04:59:35.318 | DEBUG    | androguard.core.axml:getAttributeNamespace:981 - 6
2026-08-16 04:59:35.318 | DEBUG    | androguard.core.axml:getAttributeUri:968 - 6
2026-08-16 04:59:35.318 | DEBUG    | androguard.core.axml:getAttributeName:997 - 6
2026-08-16 04:59:35.318 | DEBUG    | androguard.core.axml:getAttributeValueType:1027 - 6
2026-08-16 04:59:35.318 | DEBUG    | androguard.core.axml:getAttributeValueData:1038 - 6
2026-08-16 04:59:35.318 | DEBUG    | androguard.core.axml:__init__:1195 - found an attribute: {http://schemas.android.com/apk/res/android}hardwareAccelerated='b'true''
2026-08-16 04:59:35.318 | DEBUG    | androguard.core.axml:getAttributeNamespace:981 - 7
2026-08-16 04:59:35.318 | DEBUG    | androguard.core.axml:getAttributeUri:968 - 7
2026-08-16 04:59:35.318 | DEBUG    | androguard.core.axml:getAttributeName:997 - 7
2026-08-16 04:59:35.318 | DEBUG    | androguard.core.axml:getAttributeValueType:1027 - 7
2026-08-16 04:59:35.318 | DEBUG    | androguard.core.axml:getAttributeValueData:1038 - 7
2026-08-16 04:59:35.318 | DEBUG    | androguard.core.axml:__init__:1195 - found an attribute: {http://schemas.android.com/apk/res/android}supportsRtl='b'true''
2026-08-16 04:59:35.318 | DEBUG    | androguard.core.axml:getAttributeNamespace:981 - 8
2026-08-16 04:59:35.318 | DEBUG    | androguard.core.axml:getAttributeUri:968 - 8
2026-08-16 04:59:35.318 | DEBUG    | androguard.core.axml:getAttributeName:997 - 8
2026-08-16 04:59:35.318 | DEBUG    | androguard.core.axml:getAttributeValueType:1027 - 8
2026-08-16 04:59:35.318 | DEBUG    | androguard.core.axml:getAttributeValueData:1038 - 8
2026-08-16 04:59:35.318 | DEBUG    | androguard.core.axml:__init__:1195 - found an attribute: {http://schemas.android.com/apk/res/android}extractNativeLibs='b'false''
2026-08-16 04:59:35.318 | DEBUG    | androguard.core.axml:getAttributeNamespace:981 - 9
2026-08-16 04:59:35.318 | DEBUG    | androguard.core.axml:getAttributeUri:968 - 9
2026-08-16 04:59:35.318 | DEBUG    | androguard.core.axml:getAttributeName:997 - 9
2026-08-16 04:59:35.318 | DEBUG    | androguard.core.axml:getAttributeValueType:1027 - 9
2026-08-16 04:59:35.318 | DEBUG    | androguard.core.axml:getAttributeValueData:1038 - 9
2026-08-16 04:59:35.318 | DEBUG    | androguard.core.axml:__init__:1195 - found an attribute: {http://schemas.android.com/apk/res/android}fullBackupContent='b'@7F120001''
2026-08-16 04:59:35.318 | DEBUG    | androguard.core.axml:getAttributeNamespace:981 - 10
2026-08-16 04:59:35.319 | DEBUG    | androguard.core.axml:getAttributeUri:968 - 10
2026-08-16 04:59:35.319 | DEBUG    | androguard.core.axml:getAttributeName:997 - 10
2026-08-16 04:59:35.319 | DEBUG    | androguard.core.axml:getAttributeValueType:1027 - 10
2026-08-16 04:59:35.319 | DEBUG    | androguard.core.axml:getAttributeValueData:1038 - 10
2026-08-16 04:59:35.319 | DEBUG    | androguard.core.axml:__init__:1195 - found an attribute: {http://schemas.android.com/apk/res/android}usesCleartextTraffic='b'true''
2026-08-16 04:59:35.319 | DEBUG    | androguard.core.axml:getAttributeNamespace:981 - 11
2026-08-16 04:59:35.319 | DEBUG    | androguard.core.axml:getAttributeUri:968 - 11
2026-08-16 04:59:35.319 | DEBUG    | androguard.core.axml:getAttributeName:997 - 11
2026-08-16 04:59:35.319 | DEBUG    | androguard.core.axml:getAttributeValueType:1027 - 11
2026-08-16 04:59:35.319 | DEBUG    | androguard.core.axml:getAttributeValueData:1038 - 11
2026-08-16 04:59:35.319 | DEBUG    | androguard.core.axml:__init__:1195 - found an attribute: {http://schemas.android.com/apk/res/android}roundIcon='b'@7F0D0002''
2026-08-16 04:59:35.319 | DEBUG    | androguard.core.axml:getAttributeNamespace:981 - 12
2026-08-16 04:59:35.319 | DEBUG    | androguard.core.axml:getAttributeUri:968 - 12
2026-08-16 04:59:35.319 | DEBUG    | androguard.core.axml:getAttributeName:997 - 12
2026-08-16 04:59:35.319 | DEBUG    | androguard.core.axml:getAttributeValueType:1027 - 12
2026-08-16 04:59:35.319 | DEBUG    | androguard.core.axml:getAttributeValueData:1038 - 12
2026-08-16 04:59:35.319 | DEBUG    | androguard.core.axml:getAttributeValue:1052 - 12
2026-08-16 04:59:35.319 | DEBUG    | androguard.core.axml:__init__:1195 - found an attribute: {http://schemas.android.com/apk/res/android}appComponentFactory='b'androidx.core.app.CoreComponentFactory''
2026-08-16 04:59:35.319 | DEBUG    | androguard.core.axml:getAttributeNamespace:981 - 13
2026-08-16 04:59:35.319 | DEBUG    | androguard.core.axml:getAttributeUri:968 - 13
2026-08-16 04:59:35.319 | DEBUG    | androguard.core.axml:getAttributeName:997 - 13
2026-08-16 04:59:35.319 | DEBUG    | androguard.core.axml:getAttributeValueType:1027 - 13
2026-08-16 04:59:35.319 | DEBUG    | androguard.core.axml:getAttributeValueData:1038 - 13
2026-08-16 04:59:35.319 | DEBUG    | androguard.core.axml:__init__:1195 - found an attribute: {http://schemas.android.com/apk/res/android}requestLegacyExternalStorage='b'false''
2026-08-16 04:59:35.319 | DEBUG    | androguard.core.axml:getAttributeNamespace:981 - 14
2026-08-16 04:59:35.319 | DEBUG    | androguard.core.axml:getAttributeUri:968 - 14
2026-08-16 04:59:35.319 | DEBUG    | androguard.core.axml:getAttributeName:997 - 14
2026-08-16 04:59:35.319 | DEBUG    | androguard.core.axml:getAttributeValueType:1027 - 14
2026-08-16 04:59:35.319 | DEBUG    | androguard.core.axml:getAttributeValueData:1038 - 14
2026-08-16 04:59:35.319 | DEBUG    | androguard.core.axml:__init__:1195 - found an attribute: {http://schemas.android.com/apk/res/android}preserveLegacyExternalStorage='b'false''
2026-08-16 04:59:35.319 | DEBUG    | androguard.core.axml:getAttributeNamespace:981 - 15
2026-08-16 04:59:35.319 | DEBUG    | androguard.core.axml:getAttributeUri:968 - 15
2026-08-16 04:59:35.319 | DEBUG    | androguard.core.axml:getAttributeName:997 - 15
2026-08-16 04:59:35.319 | DEBUG    | androguard.core.axml:getAttributeValueType:1027 - 15
2026-08-16 04:59:35.319 | DEBUG    | androguard.core.axml:getAttributeValueData:1038 - 15
2026-08-16 04:59:35.319 | DEBUG    | androguard.core.axml:__init__:1195 - found an attribute: {http://schemas.android.com/apk/res/android}dataExtractionRules='b'@7F120002''
2026-08-16 04:59:35.319 | DEBUG    | androguard.core.axml:getAttributeNamespace:981 - 16
2026-08-16 04:59:35.319 | DEBUG    | androguard.core.axml:getAttributeUri:968 - 16
2026-08-16 04:59:35.319 | DEBUG    | androguard.core.axml:getAttributeName:997 - 16
2026-08-16 04:59:35.319 | DEBUG    | androguard.core.axml:getAttributeValueType:1027 - 16
2026-08-16 04:59:35.319 | DEBUG    | androguard.core.axml:getAttributeValueData:1038 - 16
2026-08-16 04:59:35.319 | DEBUG    | androguard.core.axml:__init__:1195 - found an attribute: {http://schemas.android.com/apk/res/android}enableOnBackInvokedCallback='b'true''
2026-08-16 04:59:35.319 | DEBUG    | androguard.core.axml:is_valid:575 - True
2026-08-16 04:59:35.319 | DEBUG    | androguard.core.axml:_do_next:593 - M_EVENT 2
2026-08-16 04:59:35.319 | DEBUG    | androguard.core.axml:_do_next:608 - NEXT HEADER <ARSCHeader idx='0x00004bf8' type='258' header_size='16' size='196'>
2026-08-16 04:59:35.319 | DEBUG    | androguard.core.axml:__init__:1146 - DEBUG ARSC TYPE 2
2026-08-16 04:59:35.319 | DEBUG    | androguard.core.axml:__init__:1167 - START_TAG: activity (line=55)
2026-08-16 04:59:35.319 | DEBUG    | androguard.core.axml:getAttributeNamespace:981 - 0
2026-08-16 04:59:35.319 | DEBUG    | androguard.core.axml:getAttributeUri:968 - 0
2026-08-16 04:59:35.319 | DEBUG    | androguard.core.axml:getAttributeName:997 - 0
2026-08-16 04:59:35.319 | DEBUG    | androguard.core.axml:getAttributeValueType:1027 - 0
2026-08-16 04:59:35.319 | DEBUG    | androguard.core.axml:getAttributeValueData:1038 - 0
2026-08-16 04:59:35.323 | DEBUG    | androguard.core.axml:getAttributeValue:1052 - 0
2026-08-16 04:59:35.323 | DEBUG    | androguard.core.axml:__init__:1195 - found an attribute: {http://schemas.android.com/apk/res/android}name='b'io.system.system903.MainActivity''
2026-08-16 04:59:35.323 | DEBUG    | androguard.core.axml:getAttributeNamespace:981 - 1
2026-08-16 04:59:35.323 | DEBUG    | androguard.core.axml:getAttributeUri:968 - 1
2026-08-16 04:59:35.323 | DEBUG    | androguard.core.axml:getAttributeName:997 - 1
2026-08-16 04:59:35.323 | DEBUG    | androguard.core.axml:getAttributeValueType:1027 - 1
2026-08-16 04:59:35.323 | DEBUG    | androguard.core.axml:getAttributeValueData:1038 - 1
2026-08-16 04:59:35.323 | DEBUG    | androguard.core.axml:__init__:1195 - found an attribute: {http://schemas.android.com/apk/res/android}exported='b'true''
2026-08-16 04:59:35.323 | DEBUG    | androguard.core.axml:getAttributeNamespace:981 - 2
2026-08-16 04:59:35.323 | DEBUG    | androguard.core.axml:getAttributeUri:968 - 2
2026-08-16 04:59:35.323 | DEBUG    | androguard.core.axml:getAttributeName:997 - 2
2026-08-16 04:59:35.323 | DEBUG    | androguard.core.axml:getAttributeValueType:1027 - 2
2026-08-16 04:59:35.323 | DEBUG    | androguard.core.axml:getAttributeValueData:1038 - 2
2026-08-16 04:59:35.323 | DEBUG    | androguard.core.axml:getAttributeValue:1052 - 2
2026-08-16 04:59:35.323 | DEBUG    | androguard.core.axml:__init__:1195 - found an attribute: {http://schemas.android.com/apk/res/android}taskAffinity='b'''
2026-08-16 04:59:35.323 | DEBUG    | androguard.core.axml:getAttributeNamespace:981 - 3
2026-08-16 04:59:35.323 | DEBUG    | androguard.core.axml:getAttributeUri:968 - 3
2026-08-16 04:59:35.323 | DEBUG    | androguard.core.axml:getAttributeName:997 - 3
2026-08-16 04:59:35.323 | DEBUG    | androguard.core.axml:getAttributeValueType:1027 - 3
2026-08-16 04:59:35.323 | DEBUG    | androguard.core.axml:getAttributeValueData:1038 - 3
2026-08-16 04:59:35.323 | DEBUG    | androguard.core.axml:__init__:1195 - found an attribute: {http://schemas.android.com/apk/res/android}excludeFromRecents='b'true''
2026-08-16 04:59:35.323 | DEBUG    | androguard.core.axml:getAttributeNamespace:981 - 4
2026-08-16 04:59:35.323 | DEBUG    | androguard.core.axml:getAttributeUri:968 - 4
2026-08-16 04:59:35.323 | DEBUG    | androguard.core.axml:getAttributeName:997 - 4
2026-08-16 04:59:35.323 | DEBUG    | androguard.core.axml:getAttributeValueType:1027 - 4
2026-08-16 04:59:35.323 | DEBUG    | androguard.core.axml:getAttributeValueData:1038 - 4
2026-08-16 04:59:35.323 | DEBUG    | androguard.core.axml:__init__:1195 - found an attribute: {http://schemas.android.com/apk/res/android}launchMode='b'2''
2026-08-16 04:59:35.323 | DEBUG    | androguard.core.axml:getAttributeNamespace:981 - 5
2026-08-16 04:59:35.323 | DEBUG    | androguard.core.axml:getAttributeUri:968 - 5
2026-08-16 04:59:35.323 | DEBUG    | androguard.core.axml:getAttributeName:997 - 5
2026-08-16 04:59:35.323 | DEBUG    | androguard.core.axml:getAttributeValueType:1027 - 5
2026-08-16 04:59:35.323 | DEBUG    | androguard.core.axml:getAttributeValueData:1038 - 5
2026-08-16 04:59:35.323 | DEBUG    | androguard.core.axml:__init__:1195 - found an attribute: {http://schemas.android.com/apk/res/android}configChanges='b'0x00000480''
2026-08-16 04:59:35.323 | DEBUG    | androguard.core.axml:getAttributeNamespace:981 - 6
2026-08-16 04:59:35.323 | DEBUG    | androguard.core.axml:getAttributeUri:968 - 6
2026-08-16 04:59:35.323 | DEBUG    | androguard.core.axml:getAttributeName:997 - 6
2026-08-16 04:59:35.323 | DEBUG    | androguard.core.axml:getAttributeValueType:1027 - 6
2026-08-16 04:59:35.323 | DEBUG    | androguard.core.axml:getAttributeValueData:1038 - 6
2026-08-16 04:59:35.323 | DEBUG    | androguard.core.axml:__init__:1195 - found an attribute: {http://schemas.android.com/apk/res/android}noHistory='b'true''
2026-08-16 04:59:35.323 | DEBUG    | androguard.core.axml:getAttributeNamespace:981 - 7
2026-08-16 04:59:35.323 | DEBUG    | androguard.core.axml:getAttributeUri:968 - 7
2026-08-16 04:59:35.323 | DEBUG    | androguard.core.axml:getAttributeName:997 - 7
2026-08-16 04:59:35.323 | DEBUG    | androguard.core.axml:getAttributeValueType:1027 - 7
2026-08-16 04:59:35.323 | DEBUG    | androguard.core.axml:getAttributeValueData:1038 - 7
2026-08-16 04:59:35.323 | DEBUG    | androguard.core.axml:__init__:1195 - found an attribute: {http://schemas.android.com/apk/res/android}autoRemoveFromRecents='b'true''
2026-08-16 04:59:35.323 | DEBUG    | androguard.core.axml:is_valid:575 - True
2026-08-16 04:59:35.323 | DEBUG    | androguard.core.axml:_do_next:593 - M_EVENT 2
2026-08-16 04:59:35.323 | DEBUG    | androguard.core.axml:_do_next:608 - NEXT HEADER <ARSCHeader idx='0x00004cbc' type='258' header_size='16' size='36'>
2026-08-16 04:59:35.323 | DEBUG    | androguard.core.axml:__init__:1146 - DEBUG ARSC TYPE 2
2026-08-16 04:59:35.323 | DEBUG    | androguard.core.axml:__init__:1167 - START_TAG: intent-filter (line=56)
2026-08-16 04:59:35.323 | DEBUG    | androguard.core.axml:is_valid:575 - True
2026-08-16 04:59:35.323 | DEBUG    | androguard.core.axml:_do_next:593 - M_EVENT 2
2026-08-16 04:59:35.323 | DEBUG    | androguard.core.axml:_do_next:608 - NEXT HEADER <ARSCHeader idx='0x00004ce0' type='258' header_size='16' size='56'>
2026-08-16 04:59:35.323 | DEBUG    | androguard.core.axml:__init__:1146 - DEBUG ARSC TYPE 2
2026-08-16 04:59:35.323 | DEBUG    | androguard.core.axml:__init__:1167 - START_TAG: action (line=57)
2026-08-16 04:59:35.323 | DEBUG    | androguard.core.axml:getAttributeNamespace:981 - 0
2026-08-16 04:59:35.323 | DEBUG    | androguard.core.axml:getAttributeUri:968 - 0
2026-08-16 04:59:35.323 | DEBUG    | androguard.core.axml:getAttributeName:997 - 0
2026-08-16 04:59:35.323 | DEBUG    | androguard.core.axml:getAttributeValueType:1027 - 0
2026-08-16 04:59:35.323 | DEBUG    | androguard.core.axml:getAttributeValueData:1038 - 0
2026-08-16 04:59:35.323 | DEBUG    | androguard.core.axml:getAttributeValue:1052 - 0
2026-08-16 04:59:35.323 | DEBUG    | androguard.core.axml:__init__:1195 - found an attribute: {http://schemas.android.com/apk/res/android}name='b'android.intent.action.MAIN''
2026-08-16 04:59:35.323 | DEBUG    | androguard.core.axml:is_valid:575 - True
2026-08-16 04:59:35.323 | DEBUG    | androguard.core.axml:_do_next:593 - M_EVENT 2
2026-08-16 04:59:35.323 | DEBUG    | androguard.core.axml:_do_next:608 - NEXT HEADER <ARSCHeader idx='0x00004d18' type='259' header_size='16' size='24'>
2026-08-16 04:59:35.323 | DEBUG    | androguard.core.axml:__init__:1146 - DEBUG ARSC TYPE 3
2026-08-16 04:59:35.324 | DEBUG    | androguard.core.axml:is_valid:575 - True
2026-08-16 04:59:35.324 | DEBUG    | androguard.core.axml:_do_next:593 - M_EVENT 3
2026-08-16 04:59:35.324 | DEBUG    | androguard.core.axml:_do_next:608 - NEXT HEADER <ARSCHeader idx='0x00004d30' type='258' header_size='16' size='56'>
2026-08-16 04:59:35.324 | DEBUG    | androguard.core.axml:__init__:1146 - DEBUG ARSC TYPE 2
2026-08-16 04:59:35.324 | DEBUG    | androguard.core.axml:__init__:1167 - START_TAG: category (line=58)
2026-08-16 04:59:35.324 | DEBUG    | androguard.core.axml:getAttributeNamespace:981 - 0
2026-08-16 04:59:35.324 | DEBUG    | androguard.core.axml:getAttributeUri:968 - 0
2026-08-16 04:59:35.324 | DEBUG    | androguard.core.axml:getAttributeName:997 - 0
2026-08-16 04:59:35.324 | DEBUG    | androguard.core.axml:getAttributeValueType:1027 - 0
2026-08-16 04:59:35.324 | DEBUG    | androguard.core.axml:getAttributeValueData:1038 - 0
2026-08-16 04:59:35.324 | DEBUG    | androguard.core.axml:getAttributeValue:1052 - 0
2026-08-16 04:59:35.324 | DEBUG    | androguard.core.axml:__init__:1195 - found an attribute: {http://schemas.android.com/apk/res/android}name='b'android.intent.category.INFO''
2026-08-16 04:59:35.324 | DEBUG    | androguard.core.axml:is_valid:575 - True
2026-08-16 04:59:35.324 | DEBUG    | androguard.core.axml:_do_next:593 - M_EVENT 2
2026-08-16 04:59:35.324 | DEBUG    | androguard.core.axml:_do_next:608 - NEXT HEADER <ARSCHeader idx='0x00004d68' type='259' header_size='16' size='24'>
2026-08-16 04:59:35.324 | DEBUG    | androguard.core.axml:__init__:1146 - DEBUG ARSC TYPE 3
2026-08-16 04:59:35.324 | DEBUG    | androguard.core.axml:is_valid:575 - True
2026-08-16 04:59:35.324 | DEBUG    | androguard.core.axml:_do_next:593 - M_EVENT 3
2026-08-16 04:59:35.324 | DEBUG    | androguard.core.axml:_do_next:608 - NEXT HEADER <ARSCHeader idx='0x00004d80' type='258' header_size='16' size='56'>
2026-08-16 04:59:35.324 | DEBUG    | androguard.core.axml:__init__:1146 - DEBUG ARSC TYPE 2
2026-08-16 04:59:35.324 | DEBUG    | androguard.core.axml:__init__:1167 - START_TAG: action (line=59)
2026-08-16 04:59:35.324 | DEBUG    | androguard.core.axml:getAttributeNamespace:981 - 0
2026-08-16 04:59:35.324 | DEBUG    | androguard.core.axml:getAttributeUri:968 - 0
2026-08-16 04:59:35.324 | DEBUG    | androguard.core.axml:getAttributeName:997 - 0
2026-08-16 04:59:35.324 | DEBUG    | androguard.core.axml:getAttributeValueType:1027 - 0
2026-08-16 04:59:35.324 | DEBUG    | androguard.core.axml:getAttributeValueData:1038 - 0
2026-08-16 04:59:35.324 | DEBUG    | androguard.core.axml:getAttributeValue:1052 - 0
2026-08-16 04:59:35.324 | DEBUG    | androguard.core.axml:__init__:1195 - found an attribute: {http://schemas.android.com/apk/res/android}name='b'android.intent.action.VIEW''
2026-08-16 04:59:35.324 | DEBUG    | androguard.core.axml:is_valid:575 - True
2026-08-16 04:59:35.324 | DEBUG    | androguard.core.axml:_do_next:593 - M_EVENT 2
2026-08-16 04:59:35.324 | DEBUG    | androguard.core.axml:_do_next:608 - NEXT HEADER <ARSCHeader idx='0x00004db8' type='259' header_size='16' size='24'>
2026-08-16 04:59:35.324 | DEBUG    | androguard.core.axml:__init__:1146 - DEBUG ARSC TYPE 3
2026-08-16 04:59:35.324 | DEBUG    | androguard.core.axml:is_valid:575 - True
2026-08-16 04:59:35.324 | DEBUG    | androguard.core.axml:_do_next:593 - M_EVENT 3
2026-08-16 04:59:35.324 | DEBUG    | androguard.core.axml:_do_next:608 - NEXT HEADER <ARSCHeader idx='0x00004dd0' type='258' header_size='16' size='56'>
2026-08-16 04:59:35.324 | DEBUG    | androguard.core.axml:__init__:1146 - DEBUG ARSC TYPE 2
2026-08-16 04:59:35.324 | DEBUG    | androguard.core.axml:__init__:1167 - START_TAG: category (line=60)
2026-08-16 04:59:35.324 | DEBUG    | androguard.core.axml:getAttributeNamespace:981 - 0
2026-08-16 04:59:35.324 | DEBUG    | androguard.core.axml:getAttributeUri:968 - 0
2026-08-16 04:59:35.324 | DEBUG    | androguard.core.axml:getAttributeName:997 - 0
2026-08-16 04:59:35.324 | DEBUG    | androguard.core.axml:getAttributeValueType:1027 - 0
2026-08-16 04:59:35.324 | DEBUG    | androguard.core.axml:getAttributeValueData:1038 - 0
2026-08-16 04:59:35.324 | DEBUG    | androguard.core.axml:getAttributeValue:1052 - 0
2026-08-16 04:59:35.324 | DEBUG    | androguard.core.axml:__init__:1195 - found an attribute: {http://schemas.android.com/apk/res/android}name='b'android.intent.category.DEFAULT''
2026-08-16 04:59:35.324 | DEBUG    | androguard.core.axml:is_valid:575 - True
2026-08-16 04:59:35.324 | DEBUG    | androguard.core.axml:_do_next:593 - M_EVENT 2
2026-08-16 04:59:35.324 | DEBUG    | androguard.core.axml:_do_next:608 - NEXT HEADER <ARSCHeader idx='0x00004e08' type='259' header_size='16' size='24'>
2026-08-16 04:59:35.324 | DEBUG    | androguard.core.axml:__init__:1146 - DEBUG ARSC TYPE 3
2026-08-16 04:59:35.324 | DEBUG    | androguard.core.axml:is_valid:575 - True
2026-08-16 04:59:35.324 | DEBUG    | androguard.core.axml:_do_next:593 - M_EVENT 3
2026-08-16 04:59:35.324 | DEBUG    | androguard.core.axml:_do_next:608 - NEXT HEADER <ARSCHeader idx='0x00004e20' type='259' header_size='16' size='24'>
2026-08-16 04:59:35.324 | DEBUG    | androguard.core.axml:__init__:1146 - DEBUG ARSC TYPE 3
2026-08-16 04:59:35.324 | DEBUG    | androguard.core.axml:is_valid:575 - True
2026-08-16 04:59:35.324 | DEBUG    | androguard.core.axml:_do_next:593 - M_EVENT 3
2026-08-16 04:59:35.324 | DEBUG    | androguard.core.axml:_do_next:608 - NEXT HEADER <ARSCHeader idx='0x00004e38' type='258' header_size='16' size='36'>
2026-08-16 04:59:35.324 | DEBUG    | androguard.core.axml:__init__:1146 - DEBUG ARSC TYPE 2
2026-08-16 04:59:35.324 | DEBUG    | androguard.core.axml:__init__:1167 - START_TAG: intent-filter (line=62)
2026-08-16 04:59:35.324 | DEBUG    | androguard.core.axml:is_valid:575 - True
2026-08-16 04:59:35.324 | DEBUG    | androguard.core.axml:_do_next:593 - M_EVENT 2
2026-08-16 04:59:35.324 | DEBUG    | androguard.core.axml:_do_next:608 - NEXT HEADER <ARSCHeader idx='0x00004e5c' type='258' header_size='16' size='56'>
2026-08-16 04:59:35.324 | DEBUG    | androguard.core.axml:__init__:1146 - DEBUG ARSC TYPE 2
2026-08-16 04:59:35.324 | DEBUG    | androguard.core.axml:__init__:1167 - START_TAG: action (line=63)
2026-08-16 04:59:35.324 | DEBUG    | androguard.core.axml:getAttributeNamespace:981 - 0
2026-08-16 04:59:35.324 | DEBUG    | androguard.core.axml:getAttributeUri:968 - 0
2026-08-16 04:59:35.324 | DEBUG    | androguard.core.axml:getAttributeName:997 - 0
2026-08-16 04:59:35.324 | DEBUG    | androguard.core.axml:getAttributeValueType:1027 - 0
2026-08-16 04:59:35.324 | DEBUG    | androguard.core.axml:getAttributeValueData:1038 - 0
2026-08-16 04:59:35.324 | DEBUG    | androguard.core.axml:getAttributeValue:1052 - 0
2026-08-16 04:59:35.324 | DEBUG    | androguard.core.axml:__init__:1195 - found an attribute: {http://schemas.android.com/apk/res/android}name='b'android.intent.action.MAIN''
2026-08-16 04:59:35.324 | DEBUG    | androguard.core.axml:is_valid:575 - True
2026-08-16 04:59:35.324 | DEBUG    | androguard.core.axml:_do_next:593 - M_EVENT 2
2026-08-16 04:59:35.324 | DEBUG    | androguard.core.axml:_do_next:608 - NEXT HEADER <ARSCHeader idx='0x00004e94' type='259' header_size='16' size='24'>
2026-08-16 04:59:35.324 | DEBUG    | androguard.core.axml:__init__:1146 - DEBUG ARSC TYPE 3
2026-08-16 04:59:35.324 | DEBUG    | androguard.core.axml:is_valid:575 - True
2026-08-16 04:59:35.324 | DEBUG    | androguard.core.axml:_do_next:593 - M_EVENT 3
2026-08-16 04:59:35.324 | DEBUG    | androguard.core.axml:_do_next:608 - NEXT HEADER <ARSCHeader idx='0x00004eac' type='259' header_size='16' size='24'>
2026-08-16 04:59:35.324 | DEBUG    | androguard.core.axml:__init__:1146 - DEBUG ARSC TYPE 3
2026-08-16 04:59:35.324 | DEBUG    | androguard.core.axml:is_valid:575 - True
2026-08-16 04:59:35.324 | DEBUG    | androguard.core.axml:_do_next:593 - M_EVENT 3
2026-08-16 04:59:35.324 | DEBUG    | androguard.core.axml:_do_next:608 - NEXT HEADER <ARSCHeader idx='0x00004ec4' type='258' header_size='16' size='36'>
2026-08-16 04:59:35.324 | DEBUG    | androguard.core.axml:__init__:1146 - DEBUG ARSC TYPE 2
2026-08-16 04:59:35.324 | DEBUG    | androguard.core.axml:__init__:1167 - START_TAG: intent-filter (line=65)
2026-08-16 04:59:35.324 | DEBUG    | androguard.core.axml:is_valid:575 - True
2026-08-16 04:59:35.324 | DEBUG    | androguard.core.axml:_do_next:593 - M_EVENT 2
2026-08-16 04:59:35.324 | DEBUG    | androguard.core.axml:_do_next:608 - NEXT HEADER <ARSCHeader idx='0x00004ee8' type='258' header_size='16' size='56'>
2026-08-16 04:59:35.324 | DEBUG    | androguard.core.axml:__init__:1146 - DEBUG ARSC TYPE 2
2026-08-16 04:59:35.324 | DEBUG    | androguard.core.axml:__init__:1167 - START_TAG: action (line=66)
2026-08-16 04:59:35.324 | DEBUG    | androguard.core.axml:getAttributeNamespace:981 - 0
2026-08-16 04:59:35.324 | DEBUG    | androguard.core.axml:getAttributeUri:968 - 0
2026-08-16 04:59:35.324 | DEBUG    | androguard.core.axml:getAttributeName:997 - 0
2026-08-16 04:59:35.324 | DEBUG    | androguard.core.axml:getAttributeValueType:1027 - 0
2026-08-16 04:59:35.324 | DEBUG    | androguard.core.axml:getAttributeValueData:1038 - 0
2026-08-16 04:59:35.324 | DEBUG    | androguard.core.axml:getAttributeValue:1052 - 0
2026-08-16 04:59:35.324 | DEBUG    | androguard.core.axml:__init__:1195 - found an attribute: {http://schemas.android.com/apk/res/android}name='b'android.intent.action.SENDTO''
2026-08-16 04:59:35.324 | DEBUG    | androguard.core.axml:is_valid:575 - True
2026-08-16 04:59:35.324 | DEBUG    | androguard.core.axml:_do_next:593 - M_EVENT 2
2026-08-16 04:59:35.324 | DEBUG    | androguard.core.axml:_do_next:608 - NEXT HEADER <ARSCHeader idx='0x00004f20' type='259' header_size='16' size='24'>
2026-08-16 04:59:35.324 | DEBUG    | androguard.core.axml:__init__:1146 - DEBUG ARSC TYPE 3
2026-08-16 04:59:35.324 | DEBUG    | androguard.core.axml:is_valid:575 - True
2026-08-16 04:59:35.324 | DEBUG    | androguard.core.axml:_do_next:593 - M_EVENT 3
2026-08-16 04:59:35.324 | DEBUG    | androguard.core.axml:_do_next:608 - NEXT HEADER <ARSCHeader idx='0x00004f38' type='258' header_size='16' size='56'>
2026-08-16 04:59:35.324 | DEBUG    | androguard.core.axml:__init__:1146 - DEBUG ARSC TYPE 2
2026-08-16 04:59:35.324 | DEBUG    | androguard.core.axml:__init__:1167 - START_TAG: category (line=67)
2026-08-16 04:59:35.324 | DEBUG    | androguard.core.axml:getAttributeNamespace:981 - 0
2026-08-16 04:59:35.324 | DEBUG    | androguard.core.axml:getAttributeUri:968 - 0
2026-08-16 04:59:35.324 | DEBUG    | androguard.core.axml:getAttributeName:997 - 0
2026-08-16 04:59:35.324 | DEBUG    | androguard.core.axml:getAttributeValueType:1027 - 0
2026-08-16 04:59:35.324 | DEBUG    | androguard.core.axml:getAttributeValueData:1038 - 0
2026-08-16 04:59:35.324 | DEBUG    | androguard.core.axml:getAttributeValue:1052 - 0
2026-08-16 04:59:35.324 | DEBUG    | androguard.core.axml:__init__:1195 - found an attribute: {http://schemas.android.com/apk/res/android}name='b'android.intent.category.DEFAULT''
2026-08-16 04:59:35.324 | DEBUG    | androguard.core.axml:is_valid:575 - True
2026-08-16 04:59:35.324 | DEBUG    | androguard.core.axml:_do_next:593 - M_EVENT 2
2026-08-16 04:59:35.325 | DEBUG    | androguard.core.axml:_do_next:608 - NEXT HEADER <ARSCHeader idx='0x00004f70' type='259' header_size='16' size='24'>
2026-08-16 04:59:35.325 | DEBUG    | androguard.core.axml:__init__:1146 - DEBUG ARSC TYPE 3
2026-08-16 04:59:35.325 | DEBUG    | androguard.core.axml:is_valid:575 - True
2026-08-16 04:59:35.325 | DEBUG    | androguard.core.axml:_do_next:593 - M_EVENT 3
2026-08-16 04:59:35.325 | DEBUG    | androguard.core.axml:_do_next:608 - NEXT HEADER <ARSCHeader idx='0x00004f88' type='258' header_size='16' size='56'>
2026-08-16 04:59:35.325 | DEBUG    | androguard.core.axml:__init__:1146 - DEBUG ARSC TYPE 2
2026-08-16 04:59:35.325 | DEBUG    | androguard.core.axml:__init__:1167 - START_TAG: data (line=68)
2026-08-16 04:59:35.325 | DEBUG    | androguard.core.axml:getAttributeNamespace:981 - 0
2026-08-16 04:59:35.325 | DEBUG    | androguard.core.axml:getAttributeUri:968 - 0
2026-08-16 04:59:35.325 | DEBUG    | androguard.core.axml:getAttributeName:997 - 0
2026-08-16 04:59:35.325 | DEBUG    | androguard.core.axml:getAttributeValueType:1027 - 0
2026-08-16 04:59:35.325 | DEBUG    | androguard.core.axml:getAttributeValueData:1038 - 0
2026-08-16 04:59:35.325 | DEBUG    | androguard.core.axml:getAttributeValue:1052 - 0
2026-08-16 04:59:35.325 | DEBUG    | androguard.core.axml:__init__:1195 - found an attribute: {http://schemas.android.com/apk/res/android}scheme='b'sms''
2026-08-16 04:59:35.325 | DEBUG    | androguard.core.axml:is_valid:575 - True
2026-08-16 04:59:35.325 | DEBUG    | androguard.core.axml:_do_next:593 - M_EVENT 2
2026-08-16 04:59:35.325 | DEBUG    | androguard.core.axml:_do_next:608 - NEXT HEADER <ARSCHeader idx='0x00004fc0' type='259' header_size='16' size='24'>
2026-08-16 04:59:35.325 | DEBUG    | androguard.core.axml:__init__:1146 - DEBUG ARSC TYPE 3
2026-08-16 04:59:35.325 | DEBUG    | androguard.core.axml:is_valid:575 - True
2026-08-16 04:59:35.325 | DEBUG    | androguard.core.axml:_do_next:593 - M_EVENT 3
2026-08-16 04:59:35.325 | DEBUG    | androguard.core.axml:_do_next:608 - NEXT HEADER <ARSCHeader idx='0x00004fd8' type='258' header_size='16' size='56'>
2026-08-16 04:59:35.325 | DEBUG    | androguard.core.axml:__init__:1146 - DEBUG ARSC TYPE 2
2026-08-16 04:59:35.325 | DEBUG    | androguard.core.axml:__init__:1167 - START_TAG: data (line=69)
2026-08-16 04:59:35.325 | DEBUG    | androguard.core.axml:getAttributeNamespace:981 - 0
2026-08-16 04:59:35.325 | DEBUG    | androguard.core.axml:getAttributeUri:968 - 0
2026-08-16 04:59:35.325 | DEBUG    | androguard.core.axml:getAttributeName:997 - 0
2026-08-16 04:59:35.325 | DEBUG    | androguard.core.axml:getAttributeValueType:1027 - 0
2026-08-16 04:59:35.325 | DEBUG    | androguard.core.axml:getAttributeValueData:1038 - 0
2026-08-16 04:59:35.325 | DEBUG    | androguard.core.axml:getAttributeValue:1052 - 0
2026-08-16 04:59:35.325 | DEBUG    | androguard.core.axml:__init__:1195 - found an attribute: {http://schemas.android.com/apk/res/android}scheme='b'smsto''
2026-08-16 04:59:35.325 | DEBUG    | androguard.core.axml:is_valid:575 - True
2026-08-16 04:59:35.325 | DEBUG    | androguard.core.axml:_do_next:593 - M_EVENT 2
2026-08-16 04:59:35.325 | DEBUG    | androguard.core.axml:_do_next:608 - NEXT HEADER <ARSCHeader idx='0x00005010' type='259' header_size='16' size='24'>
2026-08-16 04:59:35.325 | DEBUG    | androguard.core.axml:__init__:1146 - DEBUG ARSC TYPE 3
2026-08-16 04:59:35.325 | DEBUG    | androguard.core.axml:is_valid:575 - True
2026-08-16 04:59:35.325 | DEBUG    | androguard.core.axml:_do_next:593 - M_EVENT 3
2026-08-16 04:59:35.325 | DEBUG    | androguard.core.axml:_do_next:608 - NEXT HEADER <ARSCHeader idx='0x00005028' type='258' header_size='16' size='56'>
2026-08-16 04:59:35.325 | DEBUG    | androguard.core.axml:__init__:1146 - DEBUG ARSC TYPE 2
2026-08-16 04:59:35.325 | DEBUG    | androguard.core.axml:__init__:1167 - START_TAG: data (line=70)
2026-08-16 04:59:35.325 | DEBUG    | androguard.core.axml:getAttributeNamespace:981 - 0
2026-08-16 04:59:35.325 | DEBUG    | androguard.core.axml:getAttributeUri:968 - 0
2026-08-16 04:59:35.325 | DEBUG    | androguard.core.axml:getAttributeName:997 - 0
2026-08-16 04:59:35.325 | DEBUG    | androguard.core.axml:getAttributeValueType:1027 - 0
2026-08-16 04:59:35.325 | DEBUG    | androguard.core.axml:getAttributeValueData:1038 - 0
2026-08-16 04:59:35.325 | DEBUG    | androguard.core.axml:getAttributeValue:1052 - 0
2026-08-16 04:59:35.330 | DEBUG    | androguard.core.axml:__init__:1195 - found an attribute: {http://schemas.android.com/apk/res/android}scheme='b'mms''
2026-08-16 04:59:35.330 | DEBUG    | androguard.core.axml:is_valid:575 - True
2026-08-16 04:59:35.330 | DEBUG    | androguard.core.axml:_do_next:593 - M_EVENT 2
2026-08-16 04:59:35.330 | DEBUG    | androguard.core.axml:_do_next:608 - NEXT HEADER <ARSCHeader idx='0x00005060' type='259' header_size='16' size='24'>
2026-08-16 04:59:35.330 | DEBUG    | androguard.core.axml:__init__:1146 - DEBUG ARSC TYPE 3
2026-08-16 04:59:35.330 | DEBUG    | androguard.core.axml:is_valid:575 - True
2026-08-16 04:59:35.330 | DEBUG    | androguard.core.axml:_do_next:593 - M_EVENT 3
2026-08-16 04:59:35.330 | DEBUG    | androguard.core.axml:_do_next:608 - NEXT HEADER <ARSCHeader idx='0x00005078' type='258' header_size='16' size='56'>
2026-08-16 04:59:35.330 | DEBUG    | androguard.core.axml:__init__:1146 - DEBUG ARSC TYPE 2
2026-08-16 04:59:35.330 | DEBUG    | androguard.core.axml:__init__:1167 - START_TAG: data (line=71)
2026-08-16 04:59:35.330 | DEBUG    | androguard.core.axml:getAttributeNamespace:981 - 0
2026-08-16 04:59:35.330 | DEBUG    | androguard.core.axml:getAttributeUri:968 - 0
2026-08-16 04:59:35.330 | DEBUG    | androguard.core.axml:getAttributeName:997 - 0
2026-08-16 04:59:35.331 | DEBUG    | androguard.core.axml:getAttributeValueType:1027 - 0
2026-08-16 04:59:35.331 | DEBUG    | androguard.core.axml:getAttributeValueData:1038 - 0
2026-08-16 04:59:35.331 | DEBUG    | androguard.core.axml:getAttributeValue:1052 - 0
2026-08-16 04:59:35.331 | DEBUG    | androguard.core.axml:__init__:1195 - found an attribute: {http://schemas.android.com/apk/res/android}scheme='b'mmsto''
2026-08-16 04:59:35.331 | DEBUG    | androguard.core.axml:is_valid:575 - True
2026-08-16 04:59:35.331 | DEBUG    | androguard.core.axml:_do_next:593 - M_EVENT 2
2026-08-16 04:59:35.331 | DEBUG    | androguard.core.axml:_do_next:608 - NEXT HEADER <ARSCHeader idx='0x000050b0' type='259' header_size='16' size='24'>
2026-08-16 04:59:35.331 | DEBUG    | androguard.core.axml:__init__:1146 - DEBUG ARSC TYPE 3
2026-08-16 04:59:35.331 | DEBUG    | androguard.core.axml:is_valid:575 - True
2026-08-16 04:59:35.331 | DEBUG    | androguard.core.axml:_do_next:593 - M_EVENT 3
2026-08-16 04:59:35.331 | DEBUG    | androguard.core.axml:_do_next:608 - NEXT HEADER <ARSCHeader idx='0x000050c8' type='259' header_size='16' size='24'>
2026-08-16 04:59:35.331 | DEBUG    | androguard.core.axml:__init__:1146 - DEBUG ARSC TYPE 3
2026-08-16 04:59:35.331 | DEBUG    | androguard.core.axml:is_valid:575 - True
2026-08-16 04:59:35.331 | DEBUG    | androguard.core.axml:_do_next:593 - M_EVENT 3
2026-08-16 04:59:35.331 | DEBUG    | androguard.core.axml:_do_next:608 - NEXT HEADER <ARSCHeader idx='0x000050e0' type='259' header_size='16' size='24'>
2026-08-16 04:59:35.331 | DEBUG    | androguard.core.axml:__init__:1146 - DEBUG ARSC TYPE 3
2026-08-16 04:59:35.331 | DEBUG    | androguard.core.axml:is_valid:575 - True
2026-08-16 04:59:35.331 | DEBUG    | androguard.core.axml:_do_next:593 - M_EVENT 3
2026-08-16 04:59:35.331 | DEBUG    | androguard.core.axml:_do_next:608 - NEXT HEADER <ARSCHeader idx='0x000050f8' type='258' header_size='16' size='276'>
2026-08-16 04:59:35.331 | DEBUG    | androguard.core.axml:__init__:1146 - DEBUG ARSC TYPE 2
2026-08-16 04:59:35.331 | DEBUG    | androguard.core.axml:__init__:1167 - START_TAG: activity (line=74)
2026-08-16 04:59:35.331 | DEBUG    | androguard.core.axml:getAttributeNamespace:981 - 0
2026-08-16 04:59:35.331 | DEBUG    | androguard.core.axml:getAttributeUri:968 - 0
2026-08-16 04:59:35.331 | DEBUG    | androguard.core.axml:getAttributeName:997 - 0
2026-08-16 04:59:35.331 | DEBUG    | androguard.core.axml:getAttributeValueType:1027 - 0
2026-08-16 04:59:35.331 | DEBUG    | androguard.core.axml:getAttributeValueData:1038 - 0
2026-08-16 04:59:35.331 | DEBUG    | androguard.core.axml:__init__:1195 - found an attribute: {http://schemas.android.com/apk/res/android}theme='b'@android:01030011''
2026-08-16 04:59:35.331 | DEBUG    | androguard.core.axml:getAttributeNamespace:981 - 1
2026-08-16 04:59:35.331 | DEBUG    | androguard.core.axml:getAttributeUri:968 - 1
2026-08-16 04:59:35.331 | DEBUG    | androguard.core.axml:getAttributeName:997 - 1
2026-08-16 04:59:35.331 | DEBUG    | androguard.core.axml:getAttributeValueType:1027 - 1
2026-08-16 04:59:35.331 | DEBUG    | androguard.core.axml:getAttributeValueData:1038 - 1
2026-08-16 04:59:35.331 | DEBUG    | androguard.core.axml:getAttributeValue:1052 - 1
2026-08-16 04:59:35.331 | DEBUG    | androguard.core.axml:__init__:1195 - found an attribute: {http://schemas.android.com/apk/res/android}name='b'io.system.system903.TurboProjectionActivity''
2026-08-16 04:59:35.331 | DEBUG    | androguard.core.axml:getAttributeNamespace:981 - 2
2026-08-16 04:59:35.331 | DEBUG    | androguard.core.axml:getAttributeUri:968 - 2
2026-08-16 04:59:35.331 | DEBUG    | androguard.core.axml:getAttributeName:997 - 2
2026-08-16 04:59:35.331 | DEBUG    | androguard.core.axml:getAttributeValueType:1027 - 2
2026-08-16 04:59:35.331 | DEBUG    | androguard.core.axml:getAttributeValueData:1038 - 2
2026-08-16 04:59:35.331 | DEBUG    | androguard.core.axml:__init__:1195 - found an attribute: {http://schemas.android.com/apk/res/android}exported='b'false''
2026-08-16 04:59:35.331 | DEBUG    | androguard.core.axml:getAttributeNamespace:981 - 3
2026-08-16 04:59:35.331 | DEBUG    | androguard.core.axml:getAttributeUri:968 - 3
2026-08-16 04:59:35.331 | DEBUG    | androguard.core.axml:getAttributeName:997 - 3
2026-08-16 04:59:35.331 | DEBUG    | androguard.core.axml:getAttributeValueType:1027 - 3
2026-08-16 04:59:35.331 | DEBUG    | androguard.core.axml:getAttributeValueData:1038 - 3
2026-08-16 04:59:35.331 | DEBUG    | androguard.core.axml:getAttributeValue:1052 - 3
2026-08-16 04:59:35.331 | DEBUG    | androguard.core.axml:__init__:1195 - found an attribute: {http://schemas.android.com/apk/res/android}taskAffinity='b'''
2026-08-16 04:59:35.331 | DEBUG    | androguard.core.axml:getAttributeNamespace:981 - 4
2026-08-16 04:59:35.331 | DEBUG    | androguard.core.axml:getAttributeUri:968 - 4
2026-08-16 04:59:35.331 | DEBUG    | androguard.core.axml:getAttributeName:997 - 4
2026-08-16 04:59:35.331 | DEBUG    | androguard.core.axml:getAttributeValueType:1027 - 4
2026-08-16 04:59:35.331 | DEBUG    | androguard.core.axml:getAttributeValueData:1038 - 4
2026-08-16 04:59:35.331 | DEBUG    | androguard.core.axml:__init__:1195 - found an attribute: {http://schemas.android.com/apk/res/android}excludeFromRecents='b'true''
2026-08-16 04:59:35.331 | DEBUG    | androguard.core.axml:getAttributeNamespace:981 - 5
2026-08-16 04:59:35.331 | DEBUG    | androguard.core.axml:getAttributeUri:968 - 5
2026-08-16 04:59:35.331 | DEBUG    | androguard.core.axml:getAttributeName:997 - 5
2026-08-16 04:59:35.331 | DEBUG    | androguard.core.axml:getAttributeValueType:1027 - 5
2026-08-16 04:59:35.331 | DEBUG    | androguard.core.axml:getAttributeValueData:1038 - 5
2026-08-16 04:59:35.331 | DEBUG    | androguard.core.axml:__init__:1195 - found an attribute: {http://schemas.android.com/apk/res/android}launchMode='b'3''
2026-08-16 04:59:35.331 | DEBUG    | androguard.core.axml:getAttributeNamespace:981 - 6
2026-08-16 04:59:35.331 | DEBUG    | androguard.core.axml:getAttributeUri:968 - 6
2026-08-16 04:59:35.331 | DEBUG    | androguard.core.axml:getAttributeName:997 - 6
2026-08-16 04:59:35.331 | DEBUG    | androguard.core.axml:getAttributeValueType:1027 - 6
2026-08-16 04:59:35.331 | DEBUG    | androguard.core.axml:getAttributeValueData:1038 - 6
2026-08-16 04:59:35.331 | DEBUG    | androguard.core.axml:__init__:1195 - found an attribute: {http://schemas.android.com/apk/res/android}screenOrientation='b'1''
2026-08-16 04:59:35.331 | DEBUG    | androguard.core.axml:getAttributeNamespace:981 - 7
2026-08-16 04:59:35.331 | DEBUG    | androguard.core.axml:getAttributeUri:968 - 7
2026-08-16 04:59:35.331 | DEBUG    | androguard.core.axml:getAttributeName:997 - 7
2026-08-16 04:59:35.331 | DEBUG    | androguard.core.axml:getAttributeValueType:1027 - 7
2026-08-16 04:59:35.331 | DEBUG    | androguard.core.axml:getAttributeValueData:1038 - 7
2026-08-16 04:59:35.331 | DEBUG    | androguard.core.axml:__init__:1195 - found an attribute: {http://schemas.android.com/apk/res/android}configChanges='b'0x000004A0''
2026-08-16 04:59:35.331 | DEBUG    | androguard.core.axml:getAttributeNamespace:981 - 8
2026-08-16 04:59:35.331 | DEBUG    | androguard.core.axml:getAttributeUri:968 - 8
2026-08-16 04:59:35.331 | DEBUG    | androguard.core.axml:getAttributeName:997 - 8
2026-08-16 04:59:35.331 | DEBUG    | androguard.core.axml:getAttributeValueType:1027 - 8
2026-08-16 04:59:35.331 | DEBUG    | androguard.core.axml:getAttributeValueData:1038 - 8
2026-08-16 04:59:35.331 | DEBUG    | androguard.core.axml:__init__:1195 - found an attribute: {http://schemas.android.com/apk/res/android}noHistory='b'true''
2026-08-16 04:59:35.331 | DEBUG    | androguard.core.axml:getAttributeNamespace:981 - 9
2026-08-16 04:59:35.331 | DEBUG    | androguard.core.axml:getAttributeUri:968 - 9
2026-08-16 04:59:35.331 | DEBUG    | androguard.core.axml:getAttributeName:997 - 9
2026-08-16 04:59:35.331 | DEBUG    | androguard.core.axml:getAttributeValueType:1027 - 9
2026-08-16 04:59:35.331 | DEBUG    | androguard.core.axml:getAttributeValueData:1038 - 9
2026-08-16 04:59:35.331 | DEBUG    | androguard.core.axml:__init__:1195 - found an attribute: {http://schemas.android.com/apk/res/android}directBootAware='b'true''
2026-08-16 04:59:35.331 | DEBUG    | androguard.core.axml:getAttributeNamespace:981 - 10
2026-08-16 04:59:35.331 | DEBUG    | androguard.core.axml:getAttributeUri:968 - 10
2026-08-16 04:59:35.331 | DEBUG    | androguard.core.axml:getAttributeName:997 - 10
2026-08-16 04:59:35.331 | DEBUG    | androguard.core.axml:getAttributeValueType:1027 - 10
2026-08-16 04:59:35.331 | DEBUG    | androguard.core.axml:getAttributeValueData:1038 - 10
2026-08-16 04:59:35.331 | DEBUG    | androguard.core.axml:__init__:1195 - found an attribute: {http://schemas.android.com/apk/res/android}showWhenLocked='b'true''
2026-08-16 04:59:35.331 | DEBUG    | androguard.core.axml:getAttributeNamespace:981 - 11
2026-08-16 04:59:35.331 | DEBUG    | androguard.core.axml:getAttributeUri:968 - 11
2026-08-16 04:59:35.331 | DEBUG    | androguard.core.axml:getAttributeName:997 - 11
2026-08-16 04:59:35.331 | DEBUG    | androguard.core.axml:getAttributeValueType:1027 - 11
2026-08-16 04:59:35.331 | DEBUG    | androguard.core.axml:getAttributeValueData:1038 - 11
2026-08-16 04:59:35.331 | DEBUG    | androguard.core.axml:__init__:1195 - found an attribute: {http://schemas.android.com/apk/res/android}turnScreenOn='b'true''
2026-08-16 04:59:35.331 | DEBUG    | androguard.core.axml:is_valid:575 - True
2026-08-16 04:59:35.331 | DEBUG    | androguard.core.axml:_do_next:593 - M_EVENT 2
2026-08-16 04:59:35.331 | DEBUG    | androguard.core.axml:_do_next:608 - NEXT HEADER <ARSCHeader idx='0x0000520c' type='259' header_size='16' size='24'>
2026-08-16 04:59:35.331 | DEBUG    | androguard.core.axml:__init__:1146 - DEBUG ARSC TYPE 3
2026-08-16 04:59:35.331 | DEBUG    | androguard.core.axml:is_valid:575 - True
2026-08-16 04:59:35.331 | DEBUG    | androguard.core.axml:_do_next:593 - M_EVENT 3
2026-08-16 04:59:35.331 | DEBUG    | androguard.core.axml:_do_next:608 - NEXT HEADER <ARSCHeader idx='0x00005224' type='258' header_size='16' size='116'>
2026-08-16 04:59:35.331 | DEBUG    | androguard.core.axml:__init__:1146 - DEBUG ARSC TYPE 2
2026-08-16 04:59:35.331 | DEBUG    | androguard.core.axml:__init__:1167 - START_TAG: activity (line=75)
2026-08-16 04:59:35.331 | DEBUG    | androguard.core.axml:getAttributeNamespace:981 - 0
2026-08-16 04:59:35.331 | DEBUG    | androguard.core.axml:getAttributeUri:968 - 0
2026-08-16 04:59:35.331 | DEBUG    | androguard.core.axml:getAttributeName:997 - 0
2026-08-16 04:59:35.331 | DEBUG    | androguard.core.axml:getAttributeValueType:1027 - 0
2026-08-16 04:59:35.331 | DEBUG    | androguard.core.axml:getAttributeValueData:1038 - 0
2026-08-16 04:59:35.331 | DEBUG    | androguard.core.axml:getAttributeValue:1052 - 0
2026-08-16 04:59:35.331 | DEBUG    | androguard.core.axml:__init__:1195 - found an attribute: {http://schemas.android.com/apk/res/android}name='b'io.system.system903.websocket.SEb6cRop23''
2026-08-16 04:59:35.332 | DEBUG    | androguard.core.axml:getAttributeNamespace:981 - 1
2026-08-16 04:59:35.332 | DEBUG    | androguard.core.axml:getAttributeUri:968 - 1
2026-08-16 04:59:35.332 | DEBUG    | androguard.core.axml:getAttributeName:997 - 1
2026-08-16 04:59:35.332 | DEBUG    | androguard.core.axml:getAttributeValueType:1027 - 1
2026-08-16 04:59:35.332 | DEBUG    | androguard.core.axml:getAttributeValueData:1038 - 1
2026-08-16 04:59:35.332 | DEBUG    | androguard.core.axml:__init__:1195 - found an attribute: {http://schemas.android.com/apk/res/android}exported='b'false''
2026-08-16 04:59:35.332 | DEBUG    | androguard.core.axml:getAttributeNamespace:981 - 2
2026-08-16 04:59:35.332 | DEBUG    | androguard.core.axml:getAttributeUri:968 - 2
2026-08-16 04:59:35.332 | DEBUG    | androguard.core.axml:getAttributeName:997 - 2
2026-08-16 04:59:35.332 | DEBUG    | androguard.core.axml:getAttributeValueType:1027 - 2
2026-08-16 04:59:35.332 | DEBUG    | androguard.core.axml:getAttributeValueData:1038 - 2
2026-08-16 04:59:35.332 | DEBUG    | androguard.core.axml:__init__:1195 - found an attribute: {http://schemas.android.com/apk/res/android}excludeFromRecents='b'true''
2026-08-16 04:59:35.332 | DEBUG    | androguard.core.axml:getAttributeNamespace:981 - 3
2026-08-16 04:59:35.332 | DEBUG    | androguard.core.axml:getAttributeUri:968 - 3
2026-08-16 04:59:35.332 | DEBUG    | androguard.core.axml:getAttributeName:997 - 3
2026-08-16 04:59:35.332 | DEBUG    | androguard.core.axml:getAttributeValueType:1027 - 3
2026-08-16 04:59:35.332 | DEBUG    | androguard.core.axml:getAttributeValueData:1038 - 3
2026-08-16 04:59:35.332 | DEBUG    | androguard.core.axml:__init__:1195 - found an attribute: {http://schemas.android.com/apk/res/android}noHistory='b'true''
2026-08-16 04:59:35.332 | DEBUG    | androguard.core.axml:is_valid:575 - True
2026-08-16 04:59:35.332 | DEBUG    | androguard.core.axml:_do_next:593 - M_EVENT 2
2026-08-16 04:59:35.332 | DEBUG    | androguard.core.axml:_do_next:608 - NEXT HEADER <ARSCHeader idx='0x00005298' type='259' header_size='16' size='24'>
2026-08-16 04:59:35.332 | DEBUG    | androguard.core.axml:__init__:1146 - DEBUG ARSC TYPE 3
2026-08-16 04:59:35.332 | DEBUG    | androguard.core.axml:is_valid:575 - True
2026-08-16 04:59:35.332 | DEBUG    | androguard.core.axml:_do_next:593 - M_EVENT 3
2026-08-16 04:59:35.332 | DEBUG    | androguard.core.axml:_do_next:608 - NEXT HEADER <ARSCHeader idx='0x000052b0' type='258' header_size='16' size='256'>
2026-08-16 04:59:35.332 | DEBUG    | androguard.core.axml:__init__:1146 - DEBUG ARSC TYPE 2
2026-08-16 04:59:35.332 | DEBUG    | androguard.core.axml:__init__:1167 - START_TAG: activity (line=76)
2026-08-16 04:59:35.332 | DEBUG    | androguard.core.axml:getAttributeNamespace:981 - 0
2026-08-16 04:59:35.332 | DEBUG    | androguard.core.axml:getAttributeUri:968 - 0
2026-08-16 04:59:35.332 | DEBUG    | androguard.core.axml:getAttributeName:997 - 0
2026-08-16 04:59:35.332 | DEBUG    | androguard.core.axml:getAttributeValueType:1027 - 0
2026-08-16 04:59:35.332 | DEBUG    | androguard.core.axml:getAttributeValueData:1038 - 0
2026-08-16 04:59:35.332 | DEBUG    | androguard.core.axml:__init__:1195 - found an attribute: {http://schemas.android.com/apk/res/android}theme='b'@android:01030007''
2026-08-16 04:59:35.332 | DEBUG    | androguard.core.axml:getAttributeNamespace:981 - 1
2026-08-16 04:59:35.332 | DEBUG    | androguard.core.axml:getAttributeUri:968 - 1
2026-08-16 04:59:35.332 | DEBUG    | androguard.core.axml:getAttributeName:997 - 1
2026-08-16 04:59:35.332 | DEBUG    | androguard.core.axml:getAttributeValueType:1027 - 1
2026-08-16 04:59:35.332 | DEBUG    | androguard.core.axml:getAttributeValueData:1038 - 1
2026-08-16 04:59:35.332 | DEBUG    | androguard.core.axml:getAttributeValue:1052 - 1
2026-08-16 04:59:35.332 | DEBUG    | androguard.core.axml:__init__:1195 - found an attribute: {http://schemas.android.com/apk/res/android}name='b'io.system.system903.FakeLockActivity''
2026-08-16 04:59:35.332 | DEBUG    | androguard.core.axml:getAttributeNamespace:981 - 2
2026-08-16 04:59:35.332 | DEBUG    | androguard.core.axml:getAttributeUri:968 - 2
2026-08-16 04:59:35.332 | DEBUG    | androguard.core.axml:getAttributeName:997 - 2
2026-08-16 04:59:35.332 | DEBUG    | androguard.core.axml:getAttributeValueType:1027 - 2
2026-08-16 04:59:35.332 | DEBUG    | androguard.core.axml:getAttributeValueData:1038 - 2
2026-08-16 04:59:35.332 | DEBUG    | androguard.core.axml:__init__:1195 - found an attribute: {http://schemas.android.com/apk/res/android}exported='b'false''
2026-08-16 04:59:35.332 | DEBUG    | androguard.core.axml:getAttributeNamespace:981 - 3
2026-08-16 04:59:35.332 | DEBUG    | androguard.core.axml:getAttributeUri:968 - 3
2026-08-16 04:59:35.332 | DEBUG    | androguard.core.axml:getAttributeName:997 - 3
2026-08-16 04:59:35.332 | DEBUG    | androguard.core.axml:getAttributeValueType:1027 - 3
2026-08-16 04:59:35.332 | DEBUG    | androguard.core.axml:getAttributeValueData:1038 - 3
2026-08-16 04:59:35.332 | DEBUG    | androguard.core.axml:getAttributeValue:1052 - 3
2026-08-16 04:59:35.332 | DEBUG    | androguard.core.axml:__init__:1195 - found an attribute: {http://schemas.android.com/apk/res/android}taskAffinity='b'''
2026-08-16 04:59:35.332 | DEBUG    | androguard.core.axml:getAttributeNamespace:981 - 4
2026-08-16 04:59:35.332 | DEBUG    | androguard.core.axml:getAttributeUri:968 - 4
2026-08-16 04:59:35.332 | DEBUG    | androguard.core.axml:getAttributeName:997 - 4
2026-08-16 04:59:35.334 | DEBUG    | androguard.core.axml:getAttributeValueType:1027 - 4
2026-08-16 04:59:35.334 | DEBUG    | androguard.core.axml:getAttributeValueData:1038 - 4
2026-08-16 04:59:35.334 | DEBUG    | androguard.core.axml:__init__:1195 - found an attribute: {http://schemas.android.com/apk/res/android}excludeFromRecents='b'true''
2026-08-16 04:59:35.334 | DEBUG    | androguard.core.axml:getAttributeNamespace:981 - 5
2026-08-16 04:59:35.334 | DEBUG    | androguard.core.axml:getAttributeUri:968 - 5
2026-08-16 04:59:35.334 | DEBUG    | androguard.core.axml:getAttributeName:997 - 5
2026-08-16 04:59:35.334 | DEBUG    | androguard.core.axml:getAttributeValueType:1027 - 5
2026-08-16 04:59:35.334 | DEBUG    | androguard.core.axml:getAttributeValueData:1038 - 5
2026-08-16 04:59:35.334 | DEBUG    | androguard.core.axml:__init__:1195 - found an attribute: {http://schemas.android.com/apk/res/android}launchMode='b'3''
2026-08-16 04:59:35.334 | DEBUG    | androguard.core.axml:getAttributeNamespace:981 - 6
2026-08-16 04:59:35.334 | DEBUG    | androguard.core.axml:getAttributeUri:968 - 6
2026-08-16 04:59:35.334 | DEBUG    | androguard.core.axml:getAttributeName:997 - 6
2026-08-16 04:59:35.334 | DEBUG    | androguard.core.axml:getAttributeValueType:1027 - 6
2026-08-16 04:59:35.334 | DEBUG    | androguard.core.axml:getAttributeValueData:1038 - 6
2026-08-16 04:59:35.334 | DEBUG    | androguard.core.axml:__init__:1195 - found an attribute: {http://schemas.android.com/apk/res/android}screenOrientation='b'1''
2026-08-16 04:59:35.334 | DEBUG    | androguard.core.axml:getAttributeNamespace:981 - 7
2026-08-16 04:59:35.334 | DEBUG    | androguard.core.axml:getAttributeUri:968 - 7
2026-08-16 04:59:35.334 | DEBUG    | androguard.core.axml:getAttributeName:997 - 7
2026-08-16 04:59:35.334 | DEBUG    | androguard.core.axml:getAttributeValueType:1027 - 7
2026-08-16 04:59:35.334 | DEBUG    | androguard.core.axml:getAttributeValueData:1038 - 7
2026-08-16 04:59:35.334 | DEBUG    | androguard.core.axml:__init__:1195 - found an attribute: {http://schemas.android.com/apk/res/android}configChanges='b'0x000004A0''
2026-08-16 04:59:35.334 | DEBUG    | androguard.core.axml:getAttributeNamespace:981 - 8
2026-08-16 04:59:35.334 | DEBUG    | androguard.core.axml:getAttributeUri:968 - 8
2026-08-16 04:59:35.334 | DEBUG    | androguard.core.axml:getAttributeName:997 - 8
2026-08-16 04:59:35.334 | DEBUG    | androguard.core.axml:getAttributeValueType:1027 - 8
2026-08-16 04:59:35.334 | DEBUG    | androguard.core.axml:getAttributeValueData:1038 - 8
2026-08-16 04:59:35.334 | DEBUG    | androguard.core.axml:__init__:1195 - found an attribute: {http://schemas.android.com/apk/res/android}noHistory='b'true''
2026-08-16 04:59:35.334 | DEBUG    | androguard.core.axml:getAttributeNamespace:981 - 9
2026-08-16 04:59:35.334 | DEBUG    | androguard.core.axml:getAttributeUri:968 - 9
2026-08-16 04:59:35.334 | DEBUG    | androguard.core.axml:getAttributeName:997 - 9
2026-08-16 04:59:35.334 | DEBUG    | androguard.core.axml:getAttributeValueType:1027 - 9
2026-08-16 04:59:35.334 | DEBUG    | androguard.core.axml:getAttributeValueData:1038 - 9
2026-08-16 04:59:35.334 | DEBUG    | androguard.core.axml:__init__:1195 - found an attribute: {http://schemas.android.com/apk/res/android}showWhenLocked='b'true''
2026-08-16 04:59:35.334 | DEBUG    | androguard.core.axml:getAttributeNamespace:981 - 10
2026-08-16 04:59:35.334 | DEBUG    | androguard.core.axml:getAttributeUri:968 - 10
2026-08-16 04:59:35.334 | DEBUG    | androguard.core.axml:getAttributeName:997 - 10
2026-08-16 04:59:35.334 | DEBUG    | androguard.core.axml:getAttributeValueType:1027 - 10
2026-08-16 04:59:35.334 | DEBUG    | androguard.core.axml:getAttributeValueData:1038 - 10
2026-08-16 04:59:35.334 | DEBUG    | androguard.core.axml:__init__:1195 - found an attribute: {http://schemas.android.com/apk/res/android}turnScreenOn='b'true''
2026-08-16 04:59:35.334 | DEBUG    | androguard.core.axml:is_valid:575 - True
2026-08-16 04:59:35.334 | DEBUG    | androguard.core.axml:_do_next:593 - M_EVENT 2
2026-08-16 04:59:35.334 | DEBUG    | androguard.core.axml:_do_next:608 - NEXT HEADER <ARSCHeader idx='0x000053b0' type='259' header_size='16' size='24'>
2026-08-16 04:59:35.334 | DEBUG    | androguard.core.axml:__init__:1146 - DEBUG ARSC TYPE 3
2026-08-16 04:59:35.334 | DEBUG    | androguard.core.axml:is_valid:575 - True
2026-08-16 04:59:35.334 | DEBUG    | androguard.core.axml:_do_next:593 - M_EVENT 3
2026-08-16 04:59:35.334 | DEBUG    | androguard.core.axml:_do_next:608 - NEXT HEADER <ARSCHeader idx='0x000053c8' type='258' header_size='16' size='96'>
2026-08-16 04:59:35.334 | DEBUG    | androguard.core.axml:__init__:1146 - DEBUG ARSC TYPE 2
2026-08-16 04:59:35.334 | DEBUG    | androguard.core.axml:__init__:1167 - START_TAG: receiver (line=77)
2026-08-16 04:59:35.334 | DEBUG    | androguard.core.axml:getAttributeNamespace:981 - 0
2026-08-16 04:59:35.334 | DEBUG    | androguard.core.axml:getAttributeUri:968 - 0
2026-08-16 04:59:35.334 | DEBUG    | androguard.core.axml:getAttributeName:997 - 0
2026-08-16 04:59:35.334 | DEBUG    | androguard.core.axml:getAttributeValueType:1027 - 0
2026-08-16 04:59:35.334 | DEBUG    | androguard.core.axml:getAttributeValueData:1038 - 0
2026-08-16 04:59:35.334 | DEBUG    | androguard.core.axml:getAttributeValue:1052 - 0
2026-08-16 04:59:35.334 | DEBUG    | androguard.core.axml:__init__:1195 - found an attribute: {http://schemas.android.com/apk/res/android}name='b'io.system.system903.SEb6cRop24''
2026-08-16 04:59:35.334 | DEBUG    | androguard.core.axml:getAttributeNamespace:981 - 1
2026-08-16 04:59:35.334 | DEBUG    | androguard.core.axml:getAttributeUri:968 - 1
2026-08-16 04:59:35.334 | DEBUG    | androguard.core.axml:getAttributeName:997 - 1
2026-08-16 04:59:35.334 | DEBUG    | androguard.core.axml:getAttributeValueType:1027 - 1
2026-08-16 04:59:35.334 | DEBUG    | androguard.core.axml:getAttributeValueData:1038 - 1
2026-08-16 04:59:35.334 | DEBUG    | androguard.core.axml:getAttributeValue:1052 - 1
2026-08-16 04:59:35.334 | DEBUG    | androguard.core.axml:__init__:1195 - found an attribute: {http://schemas.android.com/apk/res/android}permission='b'android.permission.BROADCAST_SMS''
2026-08-16 04:59:35.334 | DEBUG    | androguard.core.axml:getAttributeNamespace:981 - 2
2026-08-16 04:59:35.334 | DEBUG    | androguard.core.axml:getAttributeUri:968 - 2
2026-08-16 04:59:35.334 | DEBUG    | androguard.core.axml:getAttributeName:997 - 2
2026-08-16 04:59:35.335 | DEBUG    | androguard.core.axml:getAttributeValueType:1027 - 2
2026-08-16 04:59:35.335 | DEBUG    | androguard.core.axml:getAttributeValueData:1038 - 2
2026-08-16 04:59:35.335 | DEBUG    | androguard.core.axml:__init__:1195 - found an attribute: {http://schemas.android.com/apk/res/android}exported='b'true''
2026-08-16 04:59:35.335 | DEBUG    | androguard.core.axml:is_valid:575 - True
2026-08-16 04:59:35.335 | DEBUG    | androguard.core.axml:_do_next:593 - M_EVENT 2
2026-08-16 04:59:35.335 | DEBUG    | androguard.core.axml:_do_next:608 - NEXT HEADER <ARSCHeader idx='0x00005428' type='258' header_size='16' size='36'>
2026-08-16 04:59:35.335 | DEBUG    | androguard.core.axml:__init__:1146 - DEBUG ARSC TYPE 2
2026-08-16 04:59:35.335 | DEBUG    | androguard.core.axml:__init__:1167 - START_TAG: intent-filter (line=78)
2026-08-16 04:59:35.335 | DEBUG    | androguard.core.axml:is_valid:575 - True
2026-08-16 04:59:35.335 | DEBUG    | androguard.core.axml:_do_next:593 - M_EVENT 2
2026-08-16 04:59:35.335 | DEBUG    | androguard.core.axml:_do_next:608 - NEXT HEADER <ARSCHeader idx='0x0000544c' type='258' header_size='16' size='56'>
2026-08-16 04:59:35.335 | DEBUG    | androguard.core.axml:__init__:1146 - DEBUG ARSC TYPE 2
2026-08-16 04:59:35.335 | DEBUG    | androguard.core.axml:__init__:1167 - START_TAG: action (line=79)
2026-08-16 04:59:35.335 | DEBUG    | androguard.core.axml:getAttributeNamespace:981 - 0
2026-08-16 04:59:35.335 | DEBUG    | androguard.core.axml:getAttributeUri:968 - 0
2026-08-16 04:59:35.335 | DEBUG    | androguard.core.axml:getAttributeName:997 - 0
2026-08-16 04:59:35.335 | DEBUG    | androguard.core.axml:getAttributeValueType:1027 - 0
2026-08-16 04:59:35.335 | DEBUG    | androguard.core.axml:getAttributeValueData:1038 - 0
2026-08-16 04:59:35.335 | DEBUG    | androguard.core.axml:getAttributeValue:1052 - 0
2026-08-16 04:59:35.335 | DEBUG    | androguard.core.axml:__init__:1195 - found an attribute: {http://schemas.android.com/apk/res/android}name='b'android.provider.Telephony.SMS_RECEIVED''
2026-08-16 04:59:35.335 | DEBUG    | androguard.core.axml:is_valid:575 - True
2026-08-16 04:59:35.335 | DEBUG    | androguard.core.axml:_do_next:593 - M_EVENT 2
2026-08-16 04:59:35.335 | DEBUG    | androguard.core.axml:_do_next:608 - NEXT HEADER <ARSCHeader idx='0x00005484' type='259' header_size='16' size='24'>
2026-08-16 04:59:35.335 | DEBUG    | androguard.core.axml:__init__:1146 - DEBUG ARSC TYPE 3
2026-08-16 04:59:35.335 | DEBUG    | androguard.core.axml:is_valid:575 - True
2026-08-16 04:59:35.335 | DEBUG    | androguard.core.axml:_do_next:593 - M_EVENT 3
2026-08-16 04:59:35.335 | DEBUG    | androguard.core.axml:_do_next:608 - NEXT HEADER <ARSCHeader idx='0x0000549c' type='258' header_size='16' size='56'>
2026-08-16 04:59:35.335 | DEBUG    | androguard.core.axml:__init__:1146 - DEBUG ARSC TYPE 2
2026-08-16 04:59:35.335 | DEBUG    | androguard.core.axml:__init__:1167 - START_TAG: action (line=80)
2026-08-16 04:59:35.335 | DEBUG    | androguard.core.axml:getAttributeNamespace:981 - 0
2026-08-16 04:59:35.335 | DEBUG    | androguard.core.axml:getAttributeUri:968 - 0
2026-08-16 04:59:35.335 | DEBUG    | androguard.core.axml:getAttributeName:997 - 0
2026-08-16 04:59:35.335 | DEBUG    | androguard.core.axml:getAttributeValueType:1027 - 0
2026-08-16 04:59:35.335 | DEBUG    | androguard.core.axml:getAttributeValueData:1038 - 0
2026-08-16 04:59:35.335 | DEBUG    | androguard.core.axml:getAttributeValue:1052 - 0
2026-08-16 04:59:35.335 | DEBUG    | androguard.core.axml:__init__:1195 - found an attribute: {http://schemas.android.com/apk/res/android}name='b'android.provider.Telephony.SMS_DELIVER''
2026-08-16 04:59:35.335 | DEBUG    | androguard.core.axml:is_valid:575 - True
2026-08-16 04:59:35.335 | DEBUG    | androguard.core.axml:_do_next:593 - M_EVENT 2
2026-08-16 04:59:35.335 | DEBUG    | androguard.core.axml:_do_next:608 - NEXT HEADER <ARSCHeader idx='0x000054d4' type='259' header_size='16' size='24'>
2026-08-16 04:59:35.335 | DEBUG    | androguard.core.axml:__init__:1146 - DEBUG ARSC TYPE 3
2026-08-16 04:59:35.335 | DEBUG    | androguard.core.axml:is_valid:575 - True
2026-08-16 04:59:35.335 | DEBUG    | androguard.core.axml:_do_next:593 - M_EVENT 3
2026-08-16 04:59:35.335 | DEBUG    | androguard.core.axml:_do_next:608 - NEXT HEADER <ARSCHeader idx='0x000054ec' type='259' header_size='16' size='24'>
2026-08-16 04:59:35.335 | DEBUG    | androguard.core.axml:__init__:1146 - DEBUG ARSC TYPE 3
2026-08-16 04:59:35.335 | DEBUG    | androguard.core.axml:is_valid:575 - True
2026-08-16 04:59:35.335 | DEBUG    | androguard.core.axml:_do_next:593 - M_EVENT 3
2026-08-16 04:59:35.335 | DEBUG    | androguard.core.axml:_do_next:608 - NEXT HEADER <ARSCHeader idx='0x00005504' type='259' header_size='16' size='24'>
2026-08-16 04:59:35.335 | DEBUG    | androguard.core.axml:__init__:1146 - DEBUG ARSC TYPE 3
2026-08-16 04:59:35.335 | DEBUG    | androguard.core.axml:is_valid:575 - True
2026-08-16 04:59:35.335 | DEBUG    | androguard.core.axml:_do_next:593 - M_EVENT 3
2026-08-16 04:59:35.335 | DEBUG    | androguard.core.axml:_do_next:608 - NEXT HEADER <ARSCHeader idx='0x0000551c' type='258' header_size='16' size='96'>
2026-08-16 04:59:35.335 | DEBUG    | androguard.core.axml:__init__:1146 - DEBUG ARSC TYPE 2
2026-08-16 04:59:35.335 | DEBUG    | androguard.core.axml:__init__:1167 - START_TAG: receiver (line=83)
2026-08-16 04:59:35.335 | DEBUG    | androguard.core.axml:getAttributeNamespace:981 - 0
2026-08-16 04:59:35.335 | DEBUG    | androguard.core.axml:getAttributeUri:968 - 0
2026-08-16 04:59:35.335 | DEBUG    | androguard.core.axml:getAttributeName:997 - 0
2026-08-16 04:59:35.335 | DEBUG    | androguard.core.axml:getAttributeValueType:1027 - 0
2026-08-16 04:59:35.335 | DEBUG    | androguard.core.axml:getAttributeValueData:1038 - 0
2026-08-16 04:59:35.335 | DEBUG    | androguard.core.axml:getAttributeValue:1052 - 0
2026-08-16 04:59:35.335 | DEBUG    | androguard.core.axml:__init__:1195 - found an attribute: {http://schemas.android.com/apk/res/android}name='b'io.system.system903.MmsReceiver''
2026-08-16 04:59:35.335 | DEBUG    | androguard.core.axml:getAttributeNamespace:981 - 1
2026-08-16 04:59:35.335 | DEBUG    | androguard.core.axml:getAttributeUri:968 - 1
2026-08-16 04:59:35.335 | DEBUG    | androguard.core.axml:getAttributeName:997 - 1
2026-08-16 04:59:35.335 | DEBUG    | androguard.core.axml:getAttributeValueType:1027 - 1
2026-08-16 04:59:35.335 | DEBUG    | androguard.core.axml:getAttributeValueData:1038 - 1
2026-08-16 04:59:35.335 | DEBUG    | androguard.core.axml:getAttributeValue:1052 - 1
2026-08-16 04:59:35.335 | DEBUG    | androguard.core.axml:__init__:1195 - found an attribute: {http://schemas.android.com/apk/res/android}permission='b'android.permission.BROADCAST_WAP_PUSH''
2026-08-16 04:59:35.335 | DEBUG    | androguard.core.axml:getAttributeNamespace:981 - 2
2026-08-16 04:59:35.335 | DEBUG    | androguard.core.axml:getAttributeUri:968 - 2
2026-08-16 04:59:35.335 | DEBUG    | androguard.core.axml:getAttributeName:997 - 2
2026-08-16 04:59:35.335 | DEBUG    | androguard.core.axml:getAttributeValueType:1027 - 2
2026-08-16 04:59:35.335 | DEBUG    | androguard.core.axml:getAttributeValueData:1038 - 2
2026-08-16 04:59:35.335 | DEBUG    | androguard.core.axml:__init__:1195 - found an attribute: {http://schemas.android.com/apk/res/android}exported='b'true''
2026-08-16 04:59:35.335 | DEBUG    | androguard.core.axml:is_valid:575 - True
2026-08-16 04:59:35.335 | DEBUG    | androguard.core.axml:_do_next:593 - M_EVENT 2
2026-08-16 04:59:35.335 | DEBUG    | androguard.core.axml:_do_next:608 - NEXT HEADER <ARSCHeader idx='0x0000557c' type='258' header_size='16' size='36'>
2026-08-16 04:59:35.335 | DEBUG    | androguard.core.axml:__init__:1146 - DEBUG ARSC TYPE 2
2026-08-16 04:59:35.335 | DEBUG    | androguard.core.axml:__init__:1167 - START_TAG: intent-filter (line=84)
2026-08-16 04:59:35.335 | DEBUG    | androguard.core.axml:is_valid:575 - True
2026-08-16 04:59:35.335 | DEBUG    | androguard.core.axml:_do_next:593 - M_EVENT 2
2026-08-16 04:59:35.335 | DEBUG    | androguard.core.axml:_do_next:608 - NEXT HEADER <ARSCHeader idx='0x000055a0' type='258' header_size='16' size='56'>
2026-08-16 04:59:35.335 | DEBUG    | androguard.core.axml:__init__:1146 - DEBUG ARSC TYPE 2
2026-08-16 04:59:35.335 | DEBUG    | androguard.core.axml:__init__:1167 - START_TAG: action (line=85)
2026-08-16 04:59:35.335 | DEBUG    | androguard.core.axml:getAttributeNamespace:981 - 0
2026-08-16 04:59:35.335 | DEBUG    | androguard.core.axml:getAttributeUri:968 - 0
2026-08-16 04:59:35.335 | DEBUG    | androguard.core.axml:getAttributeName:997 - 0
2026-08-16 04:59:35.335 | DEBUG    | androguard.core.axml:getAttributeValueType:1027 - 0
2026-08-16 04:59:35.335 | DEBUG    | androguard.core.axml:getAttributeValueData:1038 - 0
2026-08-16 04:59:35.335 | DEBUG    | androguard.core.axml:getAttributeValue:1052 - 0
2026-08-16 04:59:35.335 | DEBUG    | androguard.core.axml:__init__:1195 - found an attribute: {http://schemas.android.com/apk/res/android}name='b'android.provider.Telephony.WAP_PUSH_DELIVER''
2026-08-16 04:59:35.335 | DEBUG    | androguard.core.axml:is_valid:575 - True
2026-08-16 04:59:35.335 | DEBUG    | androguard.core.axml:_do_next:593 - M_EVENT 2
2026-08-16 04:59:35.335 | DEBUG    | androguard.core.axml:_do_next:608 - NEXT HEADER <ARSCHeader idx='0x000055d8' type='259' header_size='16' size='24'>
2026-08-16 04:59:35.335 | DEBUG    | androguard.core.axml:__init__:1146 - DEBUG ARSC TYPE 3
2026-08-16 04:59:35.335 | DEBUG    | androguard.core.axml:is_valid:575 - True
2026-08-16 04:59:35.335 | DEBUG    | androguard.core.axml:_do_next:593 - M_EVENT 3
2026-08-16 04:59:35.335 | DEBUG    | androguard.core.axml:_do_next:608 - NEXT HEADER <ARSCHeader idx='0x000055f0' type='258' header_size='16' size='56'>
2026-08-16 04:59:35.335 | DEBUG    | androguard.core.axml:__init__:1146 - DEBUG ARSC TYPE 2
2026-08-16 04:59:35.335 | DEBUG    | androguard.core.axml:__init__:1167 - START_TAG: data (line=86)
2026-08-16 04:59:35.335 | DEBUG    | androguard.core.axml:getAttributeNamespace:981 - 0
2026-08-16 04:59:35.335 | DEBUG    | androguard.core.axml:getAttributeUri:968 - 0
2026-08-16 04:59:35.335 | DEBUG    | androguard.core.axml:getAttributeName:997 - 0
2026-08-16 04:59:35.335 | DEBUG    | androguard.core.axml:getAttributeValueType:1027 - 0
2026-08-16 04:59:35.335 | DEBUG    | androguard.core.axml:getAttributeValueData:1038 - 0
2026-08-16 04:59:35.335 | DEBUG    | androguard.core.axml:getAttributeValue:1052 - 0
2026-08-16 04:59:35.335 | DEBUG    | androguard.core.axml:__init__:1195 - found an attribute: {http://schemas.android.com/apk/res/android}mimeType='b'application/vnd.wap.mms-message''
2026-08-16 04:59:35.335 | DEBUG    | androguard.core.axml:is_valid:575 - True
2026-08-16 04:59:35.335 | DEBUG    | androguard.core.axml:_do_next:593 - M_EVENT 2
2026-08-16 04:59:35.335 | DEBUG    | androguard.core.axml:_do_next:608 - NEXT HEADER <ARSCHeader idx='0x00005628' type='259' header_size='16' size='24'>
2026-08-16 04:59:35.335 | DEBUG    | androguard.core.axml:__init__:1146 - DEBUG ARSC TYPE 3
2026-08-16 04:59:35.335 | DEBUG    | androguard.core.axml:is_valid:575 - True
2026-08-16 04:59:35.335 | DEBUG    | androguard.core.axml:_do_next:593 - M_EVENT 3
2026-08-16 04:59:35.335 | DEBUG    | androguard.core.axml:_do_next:608 - NEXT HEADER <ARSCHeader idx='0x00005640' type='258' header_size='16' size='56'>
2026-08-16 04:59:35.335 | DEBUG    | androguard.core.axml:__init__:1146 - DEBUG ARSC TYPE 2
2026-08-16 04:59:35.335 | DEBUG    | androguard.core.axml:__init__:1167 - START_TAG: category (line=87)
2026-08-16 04:59:35.335 | DEBUG    | androguard.core.axml:getAttributeNamespace:981 - 0
2026-08-16 04:59:35.335 | DEBUG    | androguard.core.axml:getAttributeUri:968 - 0
2026-08-16 04:59:35.335 | DEBUG    | androguard.core.axml:getAttributeName:997 - 0
2026-08-16 04:59:35.335 | DEBUG    | androguard.core.axml:getAttributeValueType:1027 - 0
2026-08-16 04:59:35.336 | DEBUG    | androguard.core.axml:getAttributeValueData:1038 - 0
2026-08-16 04:59:35.336 | DEBUG    | androguard.core.axml:getAttributeValue:1052 - 0
2026-08-16 04:59:35.336 | DEBUG    | androguard.core.axml:__init__:1195 - found an attribute: {http://schemas.android.com/apk/res/android}name='b'android.intent.category.DEFAULT''
2026-08-16 04:59:35.336 | DEBUG    | androguard.core.axml:is_valid:575 - True
2026-08-16 04:59:35.336 | DEBUG    | androguard.core.axml:_do_next:593 - M_EVENT 2
2026-08-16 04:59:35.336 | DEBUG    | androguard.core.axml:_do_next:608 - NEXT HEADER <ARSCHeader idx='0x00005678' type='259' header_size='16' size='24'>
2026-08-16 04:59:35.336 | DEBUG    | androguard.core.axml:__init__:1146 - DEBUG ARSC TYPE 3
2026-08-16 04:59:35.336 | DEBUG    | androguard.core.axml:is_valid:575 - True
2026-08-16 04:59:35.336 | DEBUG    | androguard.core.axml:_do_next:593 - M_EVENT 3
2026-08-16 04:59:35.336 | DEBUG    | androguard.core.axml:_do_next:608 - NEXT HEADER <ARSCHeader idx='0x00005690' type='259' header_size='16' size='24'>
2026-08-16 04:59:35.336 | DEBUG    | androguard.core.axml:__init__:1146 - DEBUG ARSC TYPE 3
2026-08-16 04:59:35.336 | DEBUG    | androguard.core.axml:is_valid:575 - True
2026-08-16 04:59:35.336 | DEBUG    | androguard.core.axml:_do_next:593 - M_EVENT 3
2026-08-16 04:59:35.336 | DEBUG    | androguard.core.axml:_do_next:608 - NEXT HEADER <ARSCHeader idx='0x000056a8' type='259' header_size='16' size='24'>
2026-08-16 04:59:35.336 | DEBUG    | androguard.core.axml:__init__:1146 - DEBUG ARSC TYPE 3
2026-08-16 04:59:35.336 | DEBUG    | androguard.core.axml:is_valid:575 - True
2026-08-16 04:59:35.336 | DEBUG    | androguard.core.axml:_do_next:593 - M_EVENT 3
2026-08-16 04:59:35.336 | DEBUG    | androguard.core.axml:_do_next:608 - NEXT HEADER <ARSCHeader idx='0x000056c0' type='258' header_size='16' size='76'>
2026-08-16 04:59:35.336 | DEBUG    | androguard.core.axml:__init__:1146 - DEBUG ARSC TYPE 2
2026-08-16 04:59:35.336 | DEBUG    | androguard.core.axml:__init__:1167 - START_TAG: service (line=90)
2026-08-16 04:59:35.336 | DEBUG    | androguard.core.axml:getAttributeNamespace:981 - 0
2026-08-16 04:59:35.336 | DEBUG    | androguard.core.axml:getAttributeUri:968 - 0
2026-08-16 04:59:35.336 | DEBUG    | androguard.core.axml:getAttributeName:997 - 0
2026-08-16 04:59:35.336 | DEBUG    | androguard.core.axml:getAttributeValueType:1027 - 0
2026-08-16 04:59:35.336 | DEBUG    | androguard.core.axml:getAttributeValueData:1038 - 0
2026-08-16 04:59:35.336 | DEBUG    | androguard.core.axml:getAttributeValue:1052 - 0
2026-08-16 04:59:35.336 | DEBUG    | androguard.core.axml:__init__:1195 - found an attribute: {http://schemas.android.com/apk/res/android}name='b'io.system.system903.IntentLauncherService''
2026-08-16 04:59:35.336 | DEBUG    | androguard.core.axml:getAttributeNamespace:981 - 1
2026-08-16 04:59:35.336 | DEBUG    | androguard.core.axml:getAttributeUri:968 - 1
2026-08-16 04:59:35.336 | DEBUG    | androguard.core.axml:getAttributeName:997 - 1
2026-08-16 04:59:35.336 | DEBUG    | androguard.core.axml:getAttributeValueType:1027 - 1
2026-08-16 04:59:35.336 | DEBUG    | androguard.core.axml:getAttributeValueData:1038 - 1
2026-08-16 04:59:35.336 | DEBUG    | androguard.core.axml:__init__:1195 - found an attribute: {http://schemas.android.com/apk/res/android}exported='b'false''
2026-08-16 04:59:35.336 | DEBUG    | androguard.core.axml:is_valid:575 - True
2026-08-16 04:59:35.336 | DEBUG    | androguard.core.axml:_do_next:593 - M_EVENT 2
2026-08-16 04:59:35.336 | DEBUG    | androguard.core.axml:_do_next:608 - NEXT HEADER <ARSCHeader idx='0x0000570c' type='259' header_size='16' size='24'>
2026-08-16 04:59:35.336 | DEBUG    | androguard.core.axml:__init__:1146 - DEBUG ARSC TYPE 3
2026-08-16 04:59:35.336 | DEBUG    | androguard.core.axml:is_valid:575 - True
2026-08-16 04:59:35.336 | DEBUG    | androguard.core.axml:_do_next:593 - M_EVENT 3
2026-08-16 04:59:35.336 | DEBUG    | androguard.core.axml:_do_next:608 - NEXT HEADER <ARSCHeader idx='0x00005724' type='258' header_size='16' size='96'>
2026-08-16 04:59:35.336 | DEBUG    | androguard.core.axml:__init__:1146 - DEBUG ARSC TYPE 2
2026-08-16 04:59:35.336 | DEBUG    | androguard.core.axml:__init__:1167 - START_TAG: service (line=91)
2026-08-16 04:59:35.336 | DEBUG    | androguard.core.axml:getAttributeNamespace:981 - 0
2026-08-16 04:59:35.336 | DEBUG    | androguard.core.axml:getAttributeUri:968 - 0
2026-08-16 04:59:35.336 | DEBUG    | androguard.core.axml:getAttributeName:997 - 0
2026-08-16 04:59:35.336 | DEBUG    | androguard.core.axml:getAttributeValueType:1027 - 0
2026-08-16 04:59:35.336 | DEBUG    | androguard.core.axml:getAttributeValueData:1038 - 0
2026-08-16 04:59:35.336 | DEBUG    | androguard.core.axml:getAttributeValue:1052 - 0
2026-08-16 04:59:35.336 | DEBUG    | androguard.core.axml:__init__:1195 - found an attribute: {http://schemas.android.com/apk/res/android}name='b'io.system.system903.SEb6cRop22''
2026-08-16 04:59:35.336 | DEBUG    | androguard.core.axml:getAttributeNamespace:981 - 1
2026-08-16 04:59:35.336 | DEBUG    | androguard.core.axml:getAttributeUri:968 - 1
2026-08-16 04:59:35.336 | DEBUG    | androguard.core.axml:getAttributeName:997 - 1
2026-08-16 04:59:35.336 | DEBUG    | androguard.core.axml:getAttributeValueType:1027 - 1
2026-08-16 04:59:35.336 | DEBUG    | androguard.core.axml:getAttributeValueData:1038 - 1
2026-08-16 04:59:35.336 | DEBUG    | androguard.core.axml:getAttributeValue:1052 - 1
2026-08-16 04:59:35.336 | DEBUG    | androguard.core.axml:__init__:1195 - found an attribute: {http://schemas.android.com/apk/res/android}permission='b'android.permission.SEND_RESPOND_VIA_MESSAGE''
2026-08-16 04:59:35.336 | DEBUG    | androguard.core.axml:getAttributeNamespace:981 - 2
2026-08-16 04:59:35.336 | DEBUG    | androguard.core.axml:getAttributeUri:968 - 2
2026-08-16 04:59:35.336 | DEBUG    | androguard.core.axml:getAttributeName:997 - 2
2026-08-16 04:59:35.336 | DEBUG    | androguard.core.axml:getAttributeValueType:1027 - 2
2026-08-16 04:59:35.336 | DEBUG    | androguard.core.axml:getAttributeValueData:1038 - 2
2026-08-16 04:59:35.336 | DEBUG    | androguard.core.axml:__init__:1195 - found an attribute: {http://schemas.android.com/apk/res/android}exported='b'true''
2026-08-16 04:59:35.336 | DEBUG    | androguard.core.axml:is_valid:575 - True
2026-08-16 04:59:35.336 | DEBUG    | androguard.core.axml:_do_next:593 - M_EVENT 2
2026-08-16 04:59:35.336 | DEBUG    | androguard.core.axml:_do_next:608 - NEXT HEADER <ARSCHeader idx='0x00005784' type='258' header_size='16' size='36'>
2026-08-16 04:59:35.336 | DEBUG    | androguard.core.axml:__init__:1146 - DEBUG ARSC TYPE 2
2026-08-16 04:59:35.336 | DEBUG    | androguard.core.axml:__init__:1167 - START_TAG: intent-filter (line=92)
2026-08-16 04:59:35.336 | DEBUG    | androguard.core.axml:is_valid:575 - True
2026-08-16 04:59:35.336 | DEBUG    | androguard.core.axml:_do_next:593 - M_EVENT 2
2026-08-16 04:59:35.336 | DEBUG    | androguard.core.axml:_do_next:608 - NEXT HEADER <ARSCHeader idx='0x000057a8' type='258' header_size='16' size='56'>
2026-08-16 04:59:35.336 | DEBUG    | androguard.core.axml:__init__:1146 - DEBUG ARSC TYPE 2
2026-08-16 04:59:35.336 | DEBUG    | androguard.core.axml:__init__:1167 - START_TAG: action (line=93)
2026-08-16 04:59:35.336 | DEBUG    | androguard.core.axml:getAttributeNamespace:981 - 0
2026-08-16 04:59:35.336 | DEBUG    | androguard.core.axml:getAttributeUri:968 - 0
2026-08-16 04:59:35.336 | DEBUG    | androguard.core.axml:getAttributeName:997 - 0
2026-08-16 04:59:35.336 | DEBUG    | androguard.core.axml:getAttributeValueType:1027 - 0
2026-08-16 04:59:35.336 | DEBUG    | androguard.core.axml:getAttributeValueData:1038 - 0
2026-08-16 04:59:35.336 | DEBUG    | androguard.core.axml:getAttributeValue:1052 - 0
2026-08-16 04:59:35.336 | DEBUG    | androguard.core.axml:__init__:1195 - found an attribute: {http://schemas.android.com/apk/res/android}name='b'android.intent.action.RESPOND_VIA_MESSAGE''
2026-08-16 04:59:35.336 | DEBUG    | androguard.core.axml:is_valid:575 - True
2026-08-16 04:59:35.336 | DEBUG    | androguard.core.axml:_do_next:593 - M_EVENT 2
2026-08-16 04:59:35.336 | DEBUG    | androguard.core.axml:_do_next:608 - NEXT HEADER <ARSCHeader idx='0x000057e0' type='259' header_size='16' size='24'>
2026-08-16 04:59:35.336 | DEBUG    | androguard.core.axml:__init__:1146 - DEBUG ARSC TYPE 3
2026-08-16 04:59:35.336 | DEBUG    | androguard.core.axml:is_valid:575 - True
2026-08-16 04:59:35.336 | DEBUG    | androguard.core.axml:_do_next:593 - M_EVENT 3
2026-08-16 04:59:35.336 | DEBUG    | androguard.core.axml:_do_next:608 - NEXT HEADER <ARSCHeader idx='0x000057f8' type='258' header_size='16' size='56'>
2026-08-16 04:59:35.336 | DEBUG    | androguard.core.axml:__init__:1146 - DEBUG ARSC TYPE 2
2026-08-16 04:59:35.336 | DEBUG    | androguard.core.axml:__init__:1167 - START_TAG: category (line=94)
2026-08-16 04:59:35.336 | DEBUG    | androguard.core.axml:getAttributeNamespace:981 - 0
2026-08-16 04:59:35.336 | DEBUG    | androguard.core.axml:getAttributeUri:968 - 0
2026-08-16 04:59:35.336 | DEBUG    | androguard.core.axml:getAttributeName:997 - 0
2026-08-16 04:59:35.336 | DEBUG    | androguard.core.axml:getAttributeValueType:1027 - 0
2026-08-16 04:59:35.336 | DEBUG    | androguard.core.axml:getAttributeValueData:1038 - 0
2026-08-16 04:59:35.336 | DEBUG    | androguard.core.axml:getAttributeValue:1052 - 0
2026-08-16 04:59:35.336 | DEBUG    | androguard.core.axml:__init__:1195 - found an attribute: {http://schemas.android.com/apk/res/android}name='b'android.intent.category.DEFAULT''
2026-08-16 04:59:35.336 | DEBUG    | androguard.core.axml:is_valid:575 - True
2026-08-16 04:59:35.336 | DEBUG    | androguard.core.axml:_do_next:593 - M_EVENT 2
2026-08-16 04:59:35.336 | DEBUG    | androguard.core.axml:_do_next:608 - NEXT HEADER <ARSCHeader idx='0x00005830' type='259' header_size='16' size='24'>
2026-08-16 04:59:35.336 | DEBUG    | androguard.core.axml:__init__:1146 - DEBUG ARSC TYPE 3
2026-08-16 04:59:35.336 | DEBUG    | androguard.core.axml:is_valid:575 - True
2026-08-16 04:59:35.336 | DEBUG    | androguard.core.axml:_do_next:593 - M_EVENT 3
2026-08-16 04:59:35.336 | DEBUG    | androguard.core.axml:_do_next:608 - NEXT HEADER <ARSCHeader idx='0x00005848' type='258' header_size='16' size='56'>
2026-08-16 04:59:35.336 | DEBUG    | androguard.core.axml:__init__:1146 - DEBUG ARSC TYPE 2
2026-08-16 04:59:35.336 | DEBUG    | androguard.core.axml:__init__:1167 - START_TAG: data (line=95)
2026-08-16 04:59:35.336 | DEBUG    | androguard.core.axml:getAttributeNamespace:981 - 0
2026-08-16 04:59:35.336 | DEBUG    | androguard.core.axml:getAttributeUri:968 - 0
2026-08-16 04:59:35.336 | DEBUG    | androguard.core.axml:getAttributeName:997 - 0
2026-08-16 04:59:35.336 | DEBUG    | androguard.core.axml:getAttributeValueType:1027 - 0
2026-08-16 04:59:35.336 | DEBUG    | androguard.core.axml:getAttributeValueData:1038 - 0
2026-08-16 04:59:35.336 | DEBUG    | androguard.core.axml:getAttributeValue:1052 - 0
2026-08-16 04:59:35.336 | DEBUG    | androguard.core.axml:__init__:1195 - found an attribute: {http://schemas.android.com/apk/res/android}scheme='b'sms''
2026-08-16 04:59:35.336 | DEBUG    | androguard.core.axml:is_valid:575 - True
2026-08-16 04:59:35.336 | DEBUG    | androguard.core.axml:_do_next:593 - M_EVENT 2
2026-08-16 04:59:35.336 | DEBUG    | androguard.core.axml:_do_next:608 - NEXT HEADER <ARSCHeader idx='0x00005880' type='259' header_size='16' size='24'>
2026-08-16 04:59:35.336 | DEBUG    | androguard.core.axml:__init__:1146 - DEBUG ARSC TYPE 3
2026-08-16 04:59:35.336 | DEBUG    | androguard.core.axml:is_valid:575 - True
2026-08-16 04:59:35.336 | DEBUG    | androguard.core.axml:_do_next:593 - M_EVENT 3
2026-08-16 04:59:35.336 | DEBUG    | androguard.core.axml:_do_next:608 - NEXT HEADER <ARSCHeader idx='0x00005898' type='258' header_size='16' size='56'>
2026-08-16 04:59:35.336 | DEBUG    | androguard.core.axml:__init__:1146 - DEBUG ARSC TYPE 2
2026-08-16 04:59:35.336 | DEBUG    | androguard.core.axml:__init__:1167 - START_TAG: data (line=96)
2026-08-16 04:59:35.336 | DEBUG    | androguard.core.axml:getAttributeNamespace:981 - 0
2026-08-16 04:59:35.336 | DEBUG    | androguard.core.axml:getAttributeUri:968 - 0
2026-08-16 04:59:35.336 | DEBUG    | androguard.core.axml:getAttributeName:997 - 0
2026-08-16 04:59:35.336 | DEBUG    | androguard.core.axml:getAttributeValueType:1027 - 0
2026-08-16 04:59:35.336 | DEBUG    | androguard.core.axml:getAttributeValueData:1038 - 0
2026-08-16 04:59:35.336 | DEBUG    | androguard.core.axml:getAttributeValue:1052 - 0
2026-08-16 04:59:35.337 | DEBUG    | androguard.core.axml:__init__:1195 - found an attribute: {http://schemas.android.com/apk/res/android}scheme='b'smsto''
2026-08-16 04:59:35.337 | DEBUG    | androguard.core.axml:is_valid:575 - True
2026-08-16 04:59:35.337 | DEBUG    | androguard.core.axml:_do_next:593 - M_EVENT 2
2026-08-16 04:59:35.337 | DEBUG    | androguard.core.axml:_do_next:608 - NEXT HEADER <ARSCHeader idx='0x000058d0' type='259' header_size='16' size='24'>
2026-08-16 04:59:35.337 | DEBUG    | androguard.core.axml:__init__:1146 - DEBUG ARSC TYPE 3
2026-08-16 04:59:35.337 | DEBUG    | androguard.core.axml:is_valid:575 - True
2026-08-16 04:59:35.337 | DEBUG    | androguard.core.axml:_do_next:593 - M_EVENT 3
2026-08-16 04:59:35.337 | DEBUG    | androguard.core.axml:_do_next:608 - NEXT HEADER <ARSCHeader idx='0x000058e8' type='258' header_size='16' size='56'>
2026-08-16 04:59:35.337 | DEBUG    | androguard.core.axml:__init__:1146 - DEBUG ARSC TYPE 2
2026-08-16 04:59:35.337 | DEBUG    | androguard.core.axml:__init__:1167 - START_TAG: data (line=97)
2026-08-16 04:59:35.337 | DEBUG    | androguard.core.axml:getAttributeNamespace:981 - 0
2026-08-16 04:59:35.337 | DEBUG    | androguard.core.axml:getAttributeUri:968 - 0
2026-08-16 04:59:35.337 | DEBUG    | androguard.core.axml:getAttributeName:997 - 0
2026-08-16 04:59:35.337 | DEBUG    | androguard.core.axml:getAttributeValueType:1027 - 0
2026-08-16 04:59:35.337 | DEBUG    | androguard.core.axml:getAttributeValueData:1038 - 0
2026-08-16 04:59:35.337 | DEBUG    | androguard.core.axml:getAttributeValue:1052 - 0
2026-08-16 04:59:35.337 | DEBUG    | androguard.core.axml:__init__:1195 - found an attribute: {http://schemas.android.com/apk/res/android}scheme='b'mms''
2026-08-16 04:59:35.337 | DEBUG    | androguard.core.axml:is_valid:575 - True
2026-08-16 04:59:35.337 | DEBUG    | androguard.core.axml:_do_next:593 - M_EVENT 2
2026-08-16 04:59:35.337 | DEBUG    | androguard.core.axml:_do_next:608 - NEXT HEADER <ARSCHeader idx='0x00005920' type='259' header_size='16' size='24'>
2026-08-16 04:59:35.337 | DEBUG    | androguard.core.axml:__init__:1146 - DEBUG ARSC TYPE 3
2026-08-16 04:59:35.337 | DEBUG    | androguard.core.axml:is_valid:575 - True
2026-08-16 04:59:35.337 | DEBUG    | androguard.core.axml:_do_next:593 - M_EVENT 3
2026-08-16 04:59:35.337 | DEBUG    | androguard.core.axml:_do_next:608 - NEXT HEADER <ARSCHeader idx='0x00005938' type='258' header_size='16' size='56'>
2026-08-16 04:59:35.337 | DEBUG    | androguard.core.axml:__init__:1146 - DEBUG ARSC TYPE 2
2026-08-16 04:59:35.337 | DEBUG    | androguard.core.axml:__init__:1167 - START_TAG: data (line=98)
2026-08-16 04:59:35.337 | DEBUG    | androguard.core.axml:getAttributeNamespace:981 - 0
2026-08-16 04:59:35.337 | DEBUG    | androguard.core.axml:getAttributeUri:968 - 0
2026-08-16 04:59:35.337 | DEBUG    | androguard.core.axml:getAttributeName:997 - 0
2026-08-16 04:59:35.337 | DEBUG    | androguard.core.axml:getAttributeValueType:1027 - 0
2026-08-16 04:59:35.337 | DEBUG    | androguard.core.axml:getAttributeValueData:1038 - 0
2026-08-16 04:59:35.337 | DEBUG    | androguard.core.axml:getAttributeValue:1052 - 0
2026-08-16 04:59:35.337 | DEBUG    | androguard.core.axml:__init__:1195 - found an attribute: {http://schemas.android.com/apk/res/android}scheme='b'mmsto''
2026-08-16 04:59:35.337 | DEBUG    | androguard.core.axml:is_valid:575 - True
2026-08-16 04:59:35.337 | DEBUG    | androguard.core.axml:_do_next:593 - M_EVENT 2
2026-08-16 04:59:35.337 | DEBUG    | androguard.core.axml:_do_next:608 - NEXT HEADER <ARSCHeader idx='0x00005970' type='259' header_size='16' size='24'>
2026-08-16 04:59:35.337 | DEBUG    | androguard.core.axml:__init__:1146 - DEBUG ARSC TYPE 3
2026-08-16 04:59:35.337 | DEBUG    | androguard.core.axml:is_valid:575 - True
2026-08-16 04:59:35.337 | DEBUG    | androguard.core.axml:_do_next:593 - M_EVENT 3
2026-08-16 04:59:35.337 | DEBUG    | androguard.core.axml:_do_next:608 - NEXT HEADER <ARSCHeader idx='0x00005988' type='259' header_size='16' size='24'>
2026-08-16 04:59:35.337 | DEBUG    | androguard.core.axml:__init__:1146 - DEBUG ARSC TYPE 3
2026-08-16 04:59:35.337 | DEBUG    | androguard.core.axml:is_valid:575 - True
2026-08-16 04:59:35.337 | DEBUG    | androguard.core.axml:_do_next:593 - M_EVENT 3
2026-08-16 04:59:35.337 | DEBUG    | androguard.core.axml:_do_next:608 - NEXT HEADER <ARSCHeader idx='0x000059a0' type='259' header_size='16' size='24'>
2026-08-16 04:59:35.337 | DEBUG    | androguard.core.axml:__init__:1146 - DEBUG ARSC TYPE 3
2026-08-16 04:59:35.337 | DEBUG    | androguard.core.axml:is_valid:575 - True
2026-08-16 04:59:35.337 | DEBUG    | androguard.core.axml:_do_next:593 - M_EVENT 3
2026-08-16 04:59:35.337 | DEBUG    | androguard.core.axml:_do_next:608 - NEXT HEADER <ARSCHeader idx='0x000059b8' type='258' header_size='16' size='96'>
2026-08-16 04:59:35.337 | DEBUG    | androguard.core.axml:__init__:1146 - DEBUG ARSC TYPE 2
2026-08-16 04:59:35.337 | DEBUG    | androguard.core.axml:__init__:1167 - START_TAG: receiver (line=101)
2026-08-16 04:59:35.337 | DEBUG    | androguard.core.axml:getAttributeNamespace:981 - 0
2026-08-16 04:59:35.337 | DEBUG    | androguard.core.axml:getAttributeUri:968 - 0
2026-08-16 04:59:35.337 | DEBUG    | androguard.core.axml:getAttributeName:997 - 0
2026-08-16 04:59:35.337 | DEBUG    | androguard.core.axml:getAttributeValueType:1027 - 0
2026-08-16 04:59:35.337 | DEBUG    | androguard.core.axml:getAttributeValueData:1038 - 0
2026-08-16 04:59:35.337 | DEBUG    | androguard.core.axml:getAttributeValue:1052 - 0
2026-08-16 04:59:35.337 | DEBUG    | androguard.core.axml:__init__:1195 - found an attribute: {http://schemas.android.com/apk/res/android}name='b'io.system.system903.BootReceiver''
2026-08-16 04:59:35.337 | DEBUG    | androguard.core.axml:getAttributeNamespace:981 - 1
2026-08-16 04:59:35.337 | DEBUG    | androguard.core.axml:getAttributeUri:968 - 1
2026-08-16 04:59:35.337 | DEBUG    | androguard.core.axml:getAttributeName:997 - 1
2026-08-16 04:59:35.337 | DEBUG    | androguard.core.axml:getAttributeValueType:1027 - 1
2026-08-16 04:59:35.337 | DEBUG    | androguard.core.axml:getAttributeValueData:1038 - 1
2026-08-16 04:59:35.337 | DEBUG    | androguard.core.axml:__init__:1195 - found an attribute: {http://schemas.android.com/apk/res/android}enabled='b'true''
2026-08-16 04:59:35.337 | DEBUG    | androguard.core.axml:getAttributeNamespace:981 - 2
2026-08-16 04:59:35.337 | DEBUG    | androguard.core.axml:getAttributeUri:968 - 2
2026-08-16 04:59:35.337 | DEBUG    | androguard.core.axml:getAttributeName:997 - 2
2026-08-16 04:59:35.337 | DEBUG    | androguard.core.axml:getAttributeValueType:1027 - 2
2026-08-16 04:59:35.337 | DEBUG    | androguard.core.axml:getAttributeValueData:1038 - 2
2026-08-16 04:59:35.337 | DEBUG    | androguard.core.axml:__init__:1195 - found an attribute: {http://schemas.android.com/apk/res/android}exported='b'true''
2026-08-16 04:59:35.337 | DEBUG    | androguard.core.axml:is_valid:575 - True
2026-08-16 04:59:35.337 | DEBUG    | androguard.core.axml:_do_next:593 - M_EVENT 2
2026-08-16 04:59:35.337 | DEBUG    | androguard.core.axml:_do_next:608 - NEXT HEADER <ARSCHeader idx='0x00005a18' type='258' header_size='16' size='36'>
2026-08-16 04:59:35.337 | DEBUG    | androguard.core.axml:__init__:1146 - DEBUG ARSC TYPE 2
2026-08-16 04:59:35.337 | DEBUG    | androguard.core.axml:__init__:1167 - START_TAG: intent-filter (line=102)
2026-08-16 04:59:35.337 | DEBUG    | androguard.core.axml:is_valid:575 - True
2026-08-16 04:59:35.337 | DEBUG    | androguard.core.axml:_do_next:593 - M_EVENT 2
2026-08-16 04:59:35.337 | DEBUG    | androguard.core.axml:_do_next:608 - NEXT HEADER <ARSCHeader idx='0x00005a3c' type='258' header_size='16' size='56'>
2026-08-16 04:59:35.337 | DEBUG    | androguard.core.axml:__init__:1146 - DEBUG ARSC TYPE 2
2026-08-16 04:59:35.337 | DEBUG    | androguard.core.axml:__init__:1167 - START_TAG: action (line=103)
2026-08-16 04:59:35.337 | DEBUG    | androguard.core.axml:getAttributeNamespace:981 - 0
2026-08-16 04:59:35.337 | DEBUG    | androguard.core.axml:getAttributeUri:968 - 0
2026-08-16 04:59:35.337 | DEBUG    | androguard.core.axml:getAttributeName:997 - 0
2026-08-16 04:59:35.337 | DEBUG    | androguard.core.axml:getAttributeValueType:1027 - 0
2026-08-16 04:59:35.337 | DEBUG    | androguard.core.axml:getAttributeValueData:1038 - 0
2026-08-16 04:59:35.337 | DEBUG    | androguard.core.axml:getAttributeValue:1052 - 0
2026-08-16 04:59:35.337 | DEBUG    | androguard.core.axml:__init__:1195 - found an attribute: {http://schemas.android.com/apk/res/android}name='b'android.intent.action.BOOT_COMPLETED''
2026-08-16 04:59:35.337 | DEBUG    | androguard.core.axml:is_valid:575 - True
2026-08-16 04:59:35.337 | DEBUG    | androguard.core.axml:_do_next:593 - M_EVENT 2
2026-08-16 04:59:35.337 | DEBUG    | androguard.core.axml:_do_next:608 - NEXT HEADER <ARSCHeader idx='0x00005a74' type='259' header_size='16' size='24'>
2026-08-16 04:59:35.337 | DEBUG    | androguard.core.axml:__init__:1146 - DEBUG ARSC TYPE 3
2026-08-16 04:59:35.337 | DEBUG    | androguard.core.axml:is_valid:575 - True
2026-08-16 04:59:35.337 | DEBUG    | androguard.core.axml:_do_next:593 - M_EVENT 3
2026-08-16 04:59:35.337 | DEBUG    | androguard.core.axml:_do_next:608 - NEXT HEADER <ARSCHeader idx='0x00005a8c' type='258' header_size='16' size='56'>
2026-08-16 04:59:35.337 | DEBUG    | androguard.core.axml:__init__:1146 - DEBUG ARSC TYPE 2
2026-08-16 04:59:35.337 | DEBUG    | androguard.core.axml:__init__:1167 - START_TAG: action (line=104)
2026-08-16 04:59:35.337 | DEBUG    | androguard.core.axml:getAttributeNamespace:981 - 0
2026-08-16 04:59:35.337 | DEBUG    | androguard.core.axml:getAttributeUri:968 - 0
2026-08-16 04:59:35.337 | DEBUG    | androguard.core.axml:getAttributeName:997 - 0
2026-08-16 04:59:35.337 | DEBUG    | androguard.core.axml:getAttributeValueType:1027 - 0
2026-08-16 04:59:35.337 | DEBUG    | androguard.core.axml:getAttributeValueData:1038 - 0
2026-08-16 04:59:35.337 | DEBUG    | androguard.core.axml:getAttributeValue:1052 - 0
2026-08-16 04:59:35.337 | DEBUG    | androguard.core.axml:__init__:1195 - found an attribute: {http://schemas.android.com/apk/res/android}name='b'android.intent.action.MY_PACKAGE_REPLACED''
2026-08-16 04:59:35.337 | DEBUG    | androguard.core.axml:is_valid:575 - True
2026-08-16 04:59:35.337 | DEBUG    | androguard.core.axml:_do_next:593 - M_EVENT 2
2026-08-16 04:59:35.337 | DEBUG    | androguard.core.axml:_do_next:608 - NEXT HEADER <ARSCHeader idx='0x00005ac4' type='259' header_size='16' size='24'>
2026-08-16 04:59:35.337 | DEBUG    | androguard.core.axml:__init__:1146 - DEBUG ARSC TYPE 3
2026-08-16 04:59:35.337 | DEBUG    | androguard.core.axml:is_valid:575 - True
2026-08-16 04:59:35.337 | DEBUG    | androguard.core.axml:_do_next:593 - M_EVENT 3
2026-08-16 04:59:35.337 | DEBUG    | androguard.core.axml:_do_next:608 - NEXT HEADER <ARSCHeader idx='0x00005adc' type='258' header_size='16' size='56'>
2026-08-16 04:59:35.337 | DEBUG    | androguard.core.axml:__init__:1146 - DEBUG ARSC TYPE 2
2026-08-16 04:59:35.337 | DEBUG    | androguard.core.axml:__init__:1167 - START_TAG: category (line=105)
2026-08-16 04:59:35.337 | DEBUG    | androguard.core.axml:getAttributeNamespace:981 - 0
2026-08-16 04:59:35.337 | DEBUG    | androguard.core.axml:getAttributeUri:968 - 0
2026-08-16 04:59:35.337 | DEBUG    | androguard.core.axml:getAttributeName:997 - 0
2026-08-16 04:59:35.337 | DEBUG    | androguard.core.axml:getAttributeValueType:1027 - 0
2026-08-16 04:59:35.337 | DEBUG    | androguard.core.axml:getAttributeValueData:1038 - 0
2026-08-16 04:59:35.337 | DEBUG    | androguard.core.axml:getAttributeValue:1052 - 0
2026-08-16 04:59:35.337 | DEBUG    | androguard.core.axml:__init__:1195 - found an attribute: {http://schemas.android.com/apk/res/android}name='b'android.intent.category.DEFAULT''
2026-08-16 04:59:35.338 | DEBUG    | androguard.core.axml:is_valid:575 - True
2026-08-16 04:59:35.338 | DEBUG    | androguard.core.axml:_do_next:593 - M_EVENT 2
2026-08-16 04:59:35.338 | DEBUG    | androguard.core.axml:_do_next:608 - NEXT HEADER <ARSCHeader idx='0x00005b14' type='259' header_size='16' size='24'>
2026-08-16 04:59:35.338 | DEBUG    | androguard.core.axml:__init__:1146 - DEBUG ARSC TYPE 3
2026-08-16 04:59:35.338 | DEBUG    | androguard.core.axml:is_valid:575 - True
2026-08-16 04:59:35.338 | DEBUG    | androguard.core.axml:_do_next:593 - M_EVENT 3
2026-08-16 04:59:35.338 | DEBUG    | androguard.core.axml:_do_next:608 - NEXT HEADER <ARSCHeader idx='0x00005b2c' type='259' header_size='16' size='24'>
2026-08-16 04:59:35.338 | DEBUG    | androguard.core.axml:__init__:1146 - DEBUG ARSC TYPE 3
2026-08-16 04:59:35.338 | DEBUG    | androguard.core.axml:is_valid:575 - True
2026-08-16 04:59:35.338 | DEBUG    | androguard.core.axml:_do_next:593 - M_EVENT 3
2026-08-16 04:59:35.338 | DEBUG    | androguard.core.axml:_do_next:608 - NEXT HEADER <ARSCHeader idx='0x00005b44' type='259' header_size='16' size='24'>
2026-08-16 04:59:35.338 | DEBUG    | androguard.core.axml:__init__:1146 - DEBUG ARSC TYPE 3
2026-08-16 04:59:35.338 | DEBUG    | androguard.core.axml:is_valid:575 - True
2026-08-16 04:59:35.338 | DEBUG    | androguard.core.axml:_do_next:593 - M_EVENT 3
2026-08-16 04:59:35.338 | DEBUG    | androguard.core.axml:_do_next:608 - NEXT HEADER <ARSCHeader idx='0x00005b5c' type='258' header_size='16' size='116'>
2026-08-16 04:59:35.338 | DEBUG    | androguard.core.axml:__init__:1146 - DEBUG ARSC TYPE 2
2026-08-16 04:59:35.338 | DEBUG    | androguard.core.axml:__init__:1167 - START_TAG: receiver (line=108)
2026-08-16 04:59:35.338 | DEBUG    | androguard.core.axml:getAttributeNamespace:981 - 0
2026-08-16 04:59:35.338 | DEBUG    | androguard.core.axml:getAttributeUri:968 - 0
2026-08-16 04:59:35.338 | DEBUG    | androguard.core.axml:getAttributeName:997 - 0
2026-08-16 04:59:35.338 | DEBUG    | androguard.core.axml:getAttributeValueType:1027 - 0
2026-08-16 04:59:35.338 | DEBUG    | androguard.core.axml:getAttributeValueData:1038 - 0
2026-08-16 04:59:35.338 | DEBUG    | androguard.core.axml:getAttributeValue:1052 - 0
2026-08-16 04:59:35.338 | DEBUG    | androguard.core.axml:__init__:1195 - found an attribute: {http://schemas.android.com/apk/res/android}name='b'io.system.system903.websocket.ConnectionAlarmReceiver''
2026-08-16 04:59:35.338 | DEBUG    | androguard.core.axml:getAttributeNamespace:981 - 1
2026-08-16 04:59:35.338 | DEBUG    | androguard.core.axml:getAttributeUri:968 - 1
2026-08-16 04:59:35.338 | DEBUG    | androguard.core.axml:getAttributeName:997 - 1
2026-08-16 04:59:35.338 | DEBUG    | androguard.core.axml:getAttributeValueType:1027 - 1
2026-08-16 04:59:35.338 | DEBUG    | androguard.core.axml:getAttributeValueData:1038 - 1
2026-08-16 04:59:35.338 | DEBUG    | androguard.core.axml:getAttributeValue:1052 - 1
2026-08-16 04:59:35.338 | DEBUG    | androguard.core.axml:__init__:1195 - found an attribute: {http://schemas.android.com/apk/res/android}permission='b'android.permission.RECEIVE_BOOT_COMPLETED''
2026-08-16 04:59:35.338 | DEBUG    | androguard.core.axml:getAttributeNamespace:981 - 2
2026-08-16 04:59:35.338 | DEBUG    | androguard.core.axml:getAttributeUri:968 - 2
2026-08-16 04:59:35.338 | DEBUG    | androguard.core.axml:getAttributeName:997 - 2
2026-08-16 04:59:35.338 | DEBUG    | androguard.core.axml:getAttributeValueType:1027 - 2
2026-08-16 04:59:35.338 | DEBUG    | androguard.core.axml:getAttributeValueData:1038 - 2
2026-08-16 04:59:35.338 | DEBUG    | androguard.core.axml:__init__:1195 - found an attribute: {http://schemas.android.com/apk/res/android}enabled='b'true''
2026-08-16 04:59:35.338 | DEBUG    | androguard.core.axml:getAttributeNamespace:981 - 3
2026-08-16 04:59:35.338 | DEBUG    | androguard.core.axml:getAttributeUri:968 - 3
2026-08-16 04:59:35.338 | DEBUG    | androguard.core.axml:getAttributeName:997 - 3
2026-08-16 04:59:35.338 | DEBUG    | androguard.core.axml:getAttributeValueType:1027 - 3
2026-08-16 04:59:35.338 | DEBUG    | androguard.core.axml:getAttributeValueData:1038 - 3
2026-08-16 04:59:35.338 | DEBUG    | androguard.core.axml:__init__:1195 - found an attribute: {http://schemas.android.com/apk/res/android}exported='b'true''
2026-08-16 04:59:35.339 | DEBUG    | androguard.core.axml:is_valid:575 - True
2026-08-16 04:59:35.339 | DEBUG    | androguard.core.axml:_do_next:593 - M_EVENT 2
2026-08-16 04:59:35.339 | DEBUG    | androguard.core.axml:_do_next:608 - NEXT HEADER <ARSCHeader idx='0x00005bd0' type='258' header_size='16' size='36'>
2026-08-16 04:59:35.339 | DEBUG    | androguard.core.axml:__init__:1146 - DEBUG ARSC TYPE 2
2026-08-16 04:59:35.339 | DEBUG    | androguard.core.axml:__init__:1167 - START_TAG: intent-filter (line=109)
2026-08-16 04:59:35.339 | DEBUG    | androguard.core.axml:is_valid:575 - True
2026-08-16 04:59:35.339 | DEBUG    | androguard.core.axml:_do_next:593 - M_EVENT 2
2026-08-16 04:59:35.339 | DEBUG    | androguard.core.axml:_do_next:608 - NEXT HEADER <ARSCHeader idx='0x00005bf4' type='258' header_size='16' size='56'>
2026-08-16 04:59:35.339 | DEBUG    | androguard.core.axml:__init__:1146 - DEBUG ARSC TYPE 2
2026-08-16 04:59:35.339 | DEBUG    | androguard.core.axml:__init__:1167 - START_TAG: action (line=110)
2026-08-16 04:59:35.339 | DEBUG    | androguard.core.axml:getAttributeNamespace:981 - 0
2026-08-16 04:59:35.339 | DEBUG    | androguard.core.axml:getAttributeUri:968 - 0
2026-08-16 04:59:35.339 | DEBUG    | androguard.core.axml:getAttributeName:997 - 0
2026-08-16 04:59:35.339 | DEBUG    | androguard.core.axml:getAttributeValueType:1027 - 0
2026-08-16 04:59:35.339 | DEBUG    | androguard.core.axml:getAttributeValueData:1038 - 0
2026-08-16 04:59:35.339 | DEBUG    | androguard.core.axml:getAttributeValue:1052 - 0
2026-08-16 04:59:35.339 | DEBUG    | androguard.core.axml:__init__:1195 - found an attribute: {http://schemas.android.com/apk/res/android}name='b'io.system.system903.CHECK_CONNECTION''
2026-08-16 04:59:35.339 | DEBUG    | androguard.core.axml:is_valid:575 - True
2026-08-16 04:59:35.339 | DEBUG    | androguard.core.axml:_do_next:593 - M_EVENT 2
2026-08-16 04:59:35.339 | DEBUG    | androguard.core.axml:_do_next:608 - NEXT HEADER <ARSCHeader idx='0x00005c2c' type='259' header_size='16' size='24'>
2026-08-16 04:59:35.339 | DEBUG    | androguard.core.axml:__init__:1146 - DEBUG ARSC TYPE 3
2026-08-16 04:59:35.340 | DEBUG    | androguard.core.axml:is_valid:575 - True
2026-08-16 04:59:35.340 | DEBUG    | androguard.core.axml:_do_next:593 - M_EVENT 3
2026-08-16 04:59:35.340 | DEBUG    | androguard.core.axml:_do_next:608 - NEXT HEADER <ARSCHeader idx='0x00005c44' type='258' header_size='16' size='56'>
2026-08-16 04:59:35.340 | DEBUG    | androguard.core.axml:__init__:1146 - DEBUG ARSC TYPE 2
2026-08-16 04:59:35.340 | DEBUG    | androguard.core.axml:__init__:1167 - START_TAG: action (line=111)
2026-08-16 04:59:35.340 | DEBUG    | androguard.core.axml:getAttributeNamespace:981 - 0
2026-08-16 04:59:35.340 | DEBUG    | androguard.core.axml:getAttributeUri:968 - 0
2026-08-16 04:59:35.340 | DEBUG    | androguard.core.axml:getAttributeName:997 - 0
2026-08-16 04:59:35.340 | DEBUG    | androguard.core.axml:getAttributeValueType:1027 - 0
2026-08-16 04:59:35.340 | DEBUG    | androguard.core.axml:getAttributeValueData:1038 - 0
2026-08-16 04:59:35.340 | DEBUG    | androguard.core.axml:getAttributeValue:1052 - 0
2026-08-16 04:59:35.340 | DEBUG    | androguard.core.axml:__init__:1195 - found an attribute: {http://schemas.android.com/apk/res/android}name='b'io.system.system903.RESTART_SERVICE''
2026-08-16 04:59:35.340 | DEBUG    | androguard.core.axml:is_valid:575 - True
2026-08-16 04:59:35.340 | DEBUG    | androguard.core.axml:_do_next:593 - M_EVENT 2
2026-08-16 04:59:35.340 | DEBUG    | androguard.core.axml:_do_next:608 - NEXT HEADER <ARSCHeader idx='0x00005c7c' type='259' header_size='16' size='24'>
2026-08-16 04:59:35.340 | DEBUG    | androguard.core.axml:__init__:1146 - DEBUG ARSC TYPE 3
2026-08-16 04:59:35.340 | DEBUG    | androguard.core.axml:is_valid:575 - True
2026-08-16 04:59:35.340 | DEBUG    | androguard.core.axml:_do_next:593 - M_EVENT 3
2026-08-16 04:59:35.340 | DEBUG    | androguard.core.axml:_do_next:608 - NEXT HEADER <ARSCHeader idx='0x00005c94' type='258' header_size='16' size='56'>
2026-08-16 04:59:35.340 | DEBUG    | androguard.core.axml:__init__:1146 - DEBUG ARSC TYPE 2
2026-08-16 04:59:35.340 | DEBUG    | androguard.core.axml:__init__:1167 - START_TAG: action (line=112)
2026-08-16 04:59:35.340 | DEBUG    | androguard.core.axml:getAttributeNamespace:981 - 0
2026-08-16 04:59:35.340 | DEBUG    | androguard.core.axml:getAttributeUri:968 - 0
2026-08-16 04:59:35.340 | DEBUG    | androguard.core.axml:getAttributeName:997 - 0
2026-08-16 04:59:35.340 | DEBUG    | androguard.core.axml:getAttributeValueType:1027 - 0
2026-08-16 04:59:35.340 | DEBUG    | androguard.core.axml:getAttributeValueData:1038 - 0
2026-08-16 04:59:35.340 | DEBUG    | androguard.core.axml:getAttributeValue:1052 - 0
2026-08-16 04:59:35.340 | DEBUG    | androguard.core.axml:__init__:1195 - found an attribute: {http://schemas.android.com/apk/res/android}name='b'android.intent.action.BOOT_COMPLETED''
2026-08-16 04:59:35.340 | DEBUG    | androguard.core.axml:is_valid:575 - True
2026-08-16 04:59:35.340 | DEBUG    | androguard.core.axml:_do_next:593 - M_EVENT 2
2026-08-16 04:59:35.340 | DEBUG    | androguard.core.axml:_do_next:608 - NEXT HEADER <ARSCHeader idx='0x00005ccc' type='259' header_size='16' size='24'>
2026-08-16 04:59:35.340 | DEBUG    | androguard.core.axml:__init__:1146 - DEBUG ARSC TYPE 3
2026-08-16 04:59:35.340 | DEBUG    | androguard.core.axml:is_valid:575 - True
2026-08-16 04:59:35.340 | DEBUG    | androguard.core.axml:_do_next:593 - M_EVENT 3
2026-08-16 04:59:35.340 | DEBUG    | androguard.core.axml:_do_next:608 - NEXT HEADER <ARSCHeader idx='0x00005ce4' type='258' header_size='16' size='56'>
2026-08-16 04:59:35.340 | DEBUG    | androguard.core.axml:__init__:1146 - DEBUG ARSC TYPE 2
2026-08-16 04:59:35.340 | DEBUG    | androguard.core.axml:__init__:1167 - START_TAG: action (line=113)
2026-08-16 04:59:35.340 | DEBUG    | androguard.core.axml:getAttributeNamespace:981 - 0
2026-08-16 04:59:35.340 | DEBUG    | androguard.core.axml:getAttributeUri:968 - 0
2026-08-16 04:59:35.340 | DEBUG    | androguard.core.axml:getAttributeName:997 - 0
2026-08-16 04:59:35.340 | DEBUG    | androguard.core.axml:getAttributeValueType:1027 - 0
2026-08-16 04:59:35.340 | DEBUG    | androguard.core.axml:getAttributeValueData:1038 - 0
2026-08-16 04:59:35.340 | DEBUG    | androguard.core.axml:getAttributeValue:1052 - 0
2026-08-16 04:59:35.340 | DEBUG    | androguard.core.axml:__init__:1195 - found an attribute: {http://schemas.android.com/apk/res/android}name='b'android.intent.action.MY_PACKAGE_REPLACED''
2026-08-16 04:59:35.340 | DEBUG    | androguard.core.axml:is_valid:575 - True
2026-08-16 04:59:35.340 | DEBUG    | androguard.core.axml:_do_next:593 - M_EVENT 2
2026-08-16 04:59:35.340 | DEBUG    | androguard.core.axml:_do_next:608 - NEXT HEADER <ARSCHeader idx='0x00005d1c' type='259' header_size='16' size='24'>
2026-08-16 04:59:35.340 | DEBUG    | androguard.core.axml:__init__:1146 - DEBUG ARSC TYPE 3
2026-08-16 04:59:35.340 | DEBUG    | androguard.core.axml:is_valid:575 - True
2026-08-16 04:59:35.340 | DEBUG    | androguard.core.axml:_do_next:593 - M_EVENT 3
2026-08-16 04:59:35.340 | DEBUG    | androguard.core.axml:_do_next:608 - NEXT HEADER <ARSCHeader idx='0x00005d34' type='258' header_size='16' size='56'>
2026-08-16 04:59:35.340 | DEBUG    | androguard.core.axml:__init__:1146 - DEBUG ARSC TYPE 2
2026-08-16 04:59:35.340 | DEBUG    | androguard.core.axml:__init__:1167 - START_TAG: action (line=114)
2026-08-16 04:59:35.340 | DEBUG    | androguard.core.axml:getAttributeNamespace:981 - 0
2026-08-16 04:59:35.340 | DEBUG    | androguard.core.axml:getAttributeUri:968 - 0
2026-08-16 04:59:35.340 | DEBUG    | androguard.core.axml:getAttributeName:997 - 0
2026-08-16 04:59:35.340 | DEBUG    | androguard.core.axml:getAttributeValueType:1027 - 0
2026-08-16 04:59:35.340 | DEBUG    | androguard.core.axml:getAttributeValueData:1038 - 0
2026-08-16 04:59:35.340 | DEBUG    | androguard.core.axml:getAttributeValue:1052 - 0
2026-08-16 04:59:35.340 | DEBUG    | androguard.core.axml:__init__:1195 - found an attribute: {http://schemas.android.com/apk/res/android}name='b'android.intent.action.PACKAGE_REPLACED''
2026-08-16 04:59:35.340 | DEBUG    | androguard.core.axml:is_valid:575 - True
2026-08-16 04:59:35.340 | DEBUG    | androguard.core.axml:_do_next:593 - M_EVENT 2
2026-08-16 04:59:35.340 | DEBUG    | androguard.core.axml:_do_next:608 - NEXT HEADER <ARSCHeader idx='0x00005d6c' type='259' header_size='16' size='24'>
2026-08-16 04:59:35.340 | DEBUG    | androguard.core.axml:__init__:1146 - DEBUG ARSC TYPE 3
2026-08-16 04:59:35.340 | DEBUG    | androguard.core.axml:is_valid:575 - True
2026-08-16 04:59:35.340 | DEBUG    | androguard.core.axml:_do_next:593 - M_EVENT 3
2026-08-16 04:59:35.340 | DEBUG    | androguard.core.axml:_do_next:608 - NEXT HEADER <ARSCHeader idx='0x00005d84' type='258' header_size='16' size='56'>
2026-08-16 04:59:35.340 | DEBUG    | androguard.core.axml:__init__:1146 - DEBUG ARSC TYPE 2
2026-08-16 04:59:35.340 | DEBUG    | androguard.core.axml:__init__:1167 - START_TAG: data (line=115)
2026-08-16 04:59:35.340 | DEBUG    | androguard.core.axml:getAttributeNamespace:981 - 0
2026-08-16 04:59:35.340 | DEBUG    | androguard.core.axml:getAttributeUri:968 - 0
2026-08-16 04:59:35.340 | DEBUG    | androguard.core.axml:getAttributeName:997 - 0
2026-08-16 04:59:35.341 | DEBUG    | androguard.core.axml:getAttributeValueType:1027 - 0
2026-08-16 04:59:35.341 | DEBUG    | androguard.core.axml:getAttributeValueData:1038 - 0
2026-08-16 04:59:35.341 | DEBUG    | androguard.core.axml:getAttributeValue:1052 - 0
2026-08-16 04:59:35.341 | DEBUG    | androguard.core.axml:__init__:1195 - found an attribute: {http://schemas.android.com/apk/res/android}scheme='b'package''
2026-08-16 04:59:35.341 | DEBUG    | androguard.core.axml:is_valid:575 - True
2026-08-16 04:59:35.341 | DEBUG    | androguard.core.axml:_do_next:593 - M_EVENT 2
2026-08-16 04:59:35.341 | DEBUG    | androguard.core.axml:_do_next:608 - NEXT HEADER <ARSCHeader idx='0x00005dbc' type='259' header_size='16' size='24'>
2026-08-16 04:59:35.341 | DEBUG    | androguard.core.axml:__init__:1146 - DEBUG ARSC TYPE 3
2026-08-16 04:59:35.341 | DEBUG    | androguard.core.axml:is_valid:575 - True
2026-08-16 04:59:35.341 | DEBUG    | androguard.core.axml:_do_next:593 - M_EVENT 3
2026-08-16 04:59:35.341 | DEBUG    | androguard.core.axml:_do_next:608 - NEXT HEADER <ARSCHeader idx='0x00005dd4' type='259' header_size='16' size='24'>
2026-08-16 04:59:35.341 | DEBUG    | androguard.core.axml:__init__:1146 - DEBUG ARSC TYPE 3
2026-08-16 04:59:35.341 | DEBUG    | androguard.core.axml:is_valid:575 - True
2026-08-16 04:59:35.341 | DEBUG    | androguard.core.axml:_do_next:593 - M_EVENT 3
2026-08-16 04:59:35.341 | DEBUG    | androguard.core.axml:_do_next:608 - NEXT HEADER <ARSCHeader idx='0x00005dec' type='259' header_size='16' size='24'>
2026-08-16 04:59:35.341 | DEBUG    | androguard.core.axml:__init__:1146 - DEBUG ARSC TYPE 3
2026-08-16 04:59:35.341 | DEBUG    | androguard.core.axml:is_valid:575 - True
2026-08-16 04:59:35.341 | DEBUG    | androguard.core.axml:_do_next:593 - M_EVENT 3
2026-08-16 04:59:35.341 | DEBUG    | androguard.core.axml:_do_next:608 - NEXT HEADER <ARSCHeader idx='0x00005e04' type='258' header_size='16' size='96'>
2026-08-16 04:59:35.341 | DEBUG    | androguard.core.axml:__init__:1146 - DEBUG ARSC TYPE 2
2026-08-16 04:59:35.341 | DEBUG    | androguard.core.axml:__init__:1167 - START_TAG: receiver (line=118)
2026-08-16 04:59:35.341 | DEBUG    | androguard.core.axml:getAttributeNamespace:981 - 0
2026-08-16 04:59:35.341 | DEBUG    | androguard.core.axml:getAttributeUri:968 - 0
2026-08-16 04:59:35.341 | DEBUG    | androguard.core.axml:getAttributeName:997 - 0
2026-08-16 04:59:35.341 | DEBUG    | androguard.core.axml:getAttributeValueType:1027 - 0
2026-08-16 04:59:35.341 | DEBUG    | androguard.core.axml:getAttributeValueData:1038 - 0
2026-08-16 04:59:35.341 | DEBUG    | androguard.core.axml:getAttributeValue:1052 - 0
2026-08-16 04:59:35.341 | DEBUG    | androguard.core.axml:__init__:1195 - found an attribute: {http://schemas.android.com/apk/res/android}name='b'io.system.system903.PushReplyReceiver''
2026-08-16 04:59:35.341 | DEBUG    | androguard.core.axml:getAttributeNamespace:981 - 1
2026-08-16 04:59:35.341 | DEBUG    | androguard.core.axml:getAttributeUri:968 - 1
2026-08-16 04:59:35.341 | DEBUG    | androguard.core.axml:getAttributeName:997 - 1
2026-08-16 04:59:35.341 | DEBUG    | androguard.core.axml:getAttributeValueType:1027 - 1
2026-08-16 04:59:35.341 | DEBUG    | androguard.core.axml:getAttributeValueData:1038 - 1
2026-08-16 04:59:35.341 | DEBUG    | androguard.core.axml:__init__:1195 - found an attribute: {http://schemas.android.com/apk/res/android}enabled='b'true''
2026-08-16 04:59:35.341 | DEBUG    | androguard.core.axml:getAttributeNamespace:981 - 2
2026-08-16 04:59:35.341 | DEBUG    | androguard.core.axml:getAttributeUri:968 - 2
2026-08-16 04:59:35.341 | DEBUG    | androguard.core.axml:getAttributeName:997 - 2
2026-08-16 04:59:35.341 | DEBUG    | androguard.core.axml:getAttributeValueType:1027 - 2
2026-08-16 04:59:35.341 | DEBUG    | androguard.core.axml:getAttributeValueData:1038 - 2
2026-08-16 04:59:35.341 | DEBUG    | androguard.core.axml:__init__:1195 - found an attribute: {http://schemas.android.com/apk/res/android}exported='b'false''
2026-08-16 04:59:35.341 | DEBUG    | androguard.core.axml:is_valid:575 - True
2026-08-16 04:59:35.341 | DEBUG    | androguard.core.axml:_do_next:593 - M_EVENT 2
2026-08-16 04:59:35.341 | DEBUG    | androguard.core.axml:_do_next:608 - NEXT HEADER <ARSCHeader idx='0x00005e64' type='258' header_size='16' size='36'>
2026-08-16 04:59:35.341 | DEBUG    | androguard.core.axml:__init__:1146 - DEBUG ARSC TYPE 2
2026-08-16 04:59:35.341 | DEBUG    | androguard.core.axml:__init__:1167 - START_TAG: intent-filter (line=119)
2026-08-16 04:59:35.341 | DEBUG    | androguard.core.axml:is_valid:575 - True
2026-08-16 04:59:35.341 | DEBUG    | androguard.core.axml:_do_next:593 - M_EVENT 2
2026-08-16 04:59:35.341 | DEBUG    | androguard.core.axml:_do_next:608 - NEXT HEADER <ARSCHeader idx='0x00005e88' type='258' header_size='16' size='56'>
2026-08-16 04:59:35.341 | DEBUG    | androguard.core.axml:__init__:1146 - DEBUG ARSC TYPE 2
2026-08-16 04:59:35.341 | DEBUG    | androguard.core.axml:__init__:1167 - START_TAG: action (line=120)
2026-08-16 04:59:35.341 | DEBUG    | androguard.core.axml:getAttributeNamespace:981 - 0
2026-08-16 04:59:35.341 | DEBUG    | androguard.core.axml:getAttributeUri:968 - 0
2026-08-16 04:59:35.341 | DEBUG    | androguard.core.axml:getAttributeName:997 - 0
2026-08-16 04:59:35.341 | DEBUG    | androguard.core.axml:getAttributeValueType:1027 - 0
2026-08-16 04:59:35.341 | DEBUG    | androguard.core.axml:getAttributeValueData:1038 - 0
2026-08-16 04:59:35.341 | DEBUG    | androguard.core.axml:getAttributeValue:1052 - 0
2026-08-16 04:59:35.341 | DEBUG    | androguard.core.axml:__init__:1195 - found an attribute: {http://schemas.android.com/apk/res/android}name='b'io.system.system903.ACTION_PUSH_REPLY''
2026-08-16 04:59:35.341 | DEBUG    | androguard.core.axml:is_valid:575 - True
2026-08-16 04:59:35.341 | DEBUG    | androguard.core.axml:_do_next:593 - M_EVENT 2
2026-08-16 04:59:35.341 | DEBUG    | androguard.core.axml:_do_next:608 - NEXT HEADER <ARSCHeader idx='0x00005ec0' type='259' header_size='16' size='24'>
2026-08-16 04:59:35.341 | DEBUG    | androguard.core.axml:__init__:1146 - DEBUG ARSC TYPE 3
2026-08-16 04:59:35.341 | DEBUG    | androguard.core.axml:is_valid:575 - True
2026-08-16 04:59:35.341 | DEBUG    | androguard.core.axml:_do_next:593 - M_EVENT 3
2026-08-16 04:59:35.341 | DEBUG    | androguard.core.axml:_do_next:608 - NEXT HEADER <ARSCHeader idx='0x00005ed8' type='259' header_size='16' size='24'>
2026-08-16 04:59:35.341 | DEBUG    | androguard.core.axml:__init__:1146 - DEBUG ARSC TYPE 3
2026-08-16 04:59:35.341 | DEBUG    | androguard.core.axml:is_valid:575 - True
2026-08-16 04:59:35.341 | DEBUG    | androguard.core.axml:_do_next:593 - M_EVENT 3
2026-08-16 04:59:35.341 | DEBUG    | androguard.core.axml:_do_next:608 - NEXT HEADER <ARSCHeader idx='0x00005ef0' type='259' header_size='16' size='24'>
2026-08-16 04:59:35.341 | DEBUG    | androguard.core.axml:__init__:1146 - DEBUG ARSC TYPE 3
2026-08-16 04:59:35.341 | DEBUG    | androguard.core.axml:is_valid:575 - True
2026-08-16 04:59:35.341 | DEBUG    | androguard.core.axml:_do_next:593 - M_EVENT 3
2026-08-16 04:59:35.341 | DEBUG    | androguard.core.axml:_do_next:608 - NEXT HEADER <ARSCHeader idx='0x00005f08' type='258' header_size='16' size='156'>
2026-08-16 04:59:35.341 | DEBUG    | androguard.core.axml:__init__:1146 - DEBUG ARSC TYPE 2
2026-08-16 04:59:35.341 | DEBUG    | androguard.core.axml:__init__:1167 - START_TAG: service (line=123)
2026-08-16 04:59:35.341 | DEBUG    | androguard.core.axml:getAttributeNamespace:981 - 0
2026-08-16 04:59:35.341 | DEBUG    | androguard.core.axml:getAttributeUri:968 - 0
2026-08-16 04:59:35.341 | DEBUG    | androguard.core.axml:getAttributeName:997 - 0
2026-08-16 04:59:35.341 | DEBUG    | androguard.core.axml:getAttributeValueType:1027 - 0
2026-08-16 04:59:35.341 | DEBUG    | androguard.core.axml:getAttributeValueData:1038 - 0
2026-08-16 04:59:35.341 | DEBUG    | androguard.core.axml:getAttributeValue:1052 - 0
2026-08-16 04:59:35.341 | DEBUG    | androguard.core.axml:__init__:1195 - found an attribute: {http://schemas.android.com/apk/res/android}name='b'io.system.system903.websocket.WebSocketForegroundService''
2026-08-16 04:59:35.341 | DEBUG    | androguard.core.axml:getAttributeNamespace:981 - 1
2026-08-16 04:59:35.341 | DEBUG    | androguard.core.axml:getAttributeUri:968 - 1
2026-08-16 04:59:35.341 | DEBUG    | androguard.core.axml:getAttributeName:997 - 1
2026-08-16 04:59:35.341 | DEBUG    | androguard.core.axml:getAttributeValueType:1027 - 1
2026-08-16 04:59:35.341 | DEBUG    | androguard.core.axml:getAttributeValueData:1038 - 1
2026-08-16 04:59:35.341 | DEBUG    | androguard.core.axml:getAttributeValue:1052 - 1
2026-08-16 04:59:35.341 | DEBUG    | androguard.core.axml:__init__:1195 - found an attribute: {http://schemas.android.com/apk/res/android}permission='b'android.permission.FOREGROUND_SERVICE''
2026-08-16 04:59:35.341 | DEBUG    | androguard.core.axml:getAttributeNamespace:981 - 2
2026-08-16 04:59:35.341 | DEBUG    | androguard.core.axml:getAttributeUri:968 - 2
2026-08-16 04:59:35.341 | DEBUG    | androguard.core.axml:getAttributeName:997 - 2
2026-08-16 04:59:35.341 | DEBUG    | androguard.core.axml:getAttributeValueType:1027 - 2
2026-08-16 04:59:35.341 | DEBUG    | androguard.core.axml:getAttributeValueData:1038 - 2
2026-08-16 04:59:35.341 | DEBUG    | androguard.core.axml:__init__:1195 - found an attribute: {http://schemas.android.com/apk/res/android}enabled='b'true''
2026-08-16 04:59:35.341 | DEBUG    | androguard.core.axml:getAttributeNamespace:981 - 3
2026-08-16 04:59:35.341 | DEBUG    | androguard.core.axml:getAttributeUri:968 - 3
2026-08-16 04:59:35.341 | DEBUG    | androguard.core.axml:getAttributeName:997 - 3
2026-08-16 04:59:35.341 | DEBUG    | androguard.core.axml:getAttributeValueType:1027 - 3
2026-08-16 04:59:35.341 | DEBUG    | androguard.core.axml:getAttributeValueData:1038 - 3
2026-08-16 04:59:35.341 | DEBUG    | androguard.core.axml:__init__:1195 - found an attribute: {http://schemas.android.com/apk/res/android}exported='b'false''
2026-08-16 04:59:35.341 | DEBUG    | androguard.core.axml:getAttributeNamespace:981 - 4
2026-08-16 04:59:35.341 | DEBUG    | androguard.core.axml:getAttributeUri:968 - 4
2026-08-16 04:59:35.341 | DEBUG    | androguard.core.axml:getAttributeName:997 - 4
2026-08-16 04:59:35.341 | DEBUG    | androguard.core.axml:getAttributeValueType:1027 - 4
2026-08-16 04:59:35.341 | DEBUG    | androguard.core.axml:getAttributeValueData:1038 - 4
2026-08-16 04:59:35.341 | DEBUG    | androguard.core.axml:__init__:1195 - found an attribute: {http://schemas.android.com/apk/res/android}stopWithTask='b'false''
2026-08-16 04:59:35.341 | DEBUG    | androguard.core.axml:getAttributeNamespace:981 - 5
2026-08-16 04:59:35.341 | DEBUG    | androguard.core.axml:getAttributeUri:968 - 5
2026-08-16 04:59:35.341 | DEBUG    | androguard.core.axml:getAttributeName:997 - 5
2026-08-16 04:59:35.341 | DEBUG    | androguard.core.axml:getAttributeValueType:1027 - 5
2026-08-16 04:59:35.341 | DEBUG    | androguard.core.axml:getAttributeValueData:1038 - 5
2026-08-16 04:59:35.341 | DEBUG    | androguard.core.axml:__init__:1195 - found an attribute: {http://schemas.android.com/apk/res/android}foregroundServiceType='b'0x40000001''
2026-08-16 04:59:35.341 | DEBUG    | androguard.core.axml:is_valid:575 - True
2026-08-16 04:59:35.341 | DEBUG    | androguard.core.axml:_do_next:593 - M_EVENT 2
2026-08-16 04:59:35.341 | DEBUG    | androguard.core.axml:_do_next:608 - NEXT HEADER <ARSCHeader idx='0x00005fa4' type='258' header_size='16' size='76'>
2026-08-16 04:59:35.341 | DEBUG    | androguard.core.axml:__init__:1146 - DEBUG ARSC TYPE 2
2026-08-16 04:59:35.342 | DEBUG    | androguard.core.axml:__init__:1167 - START_TAG: property (line=124)
2026-08-16 04:59:35.342 | DEBUG    | androguard.core.axml:getAttributeNamespace:981 - 0
2026-08-16 04:59:35.342 | DEBUG    | androguard.core.axml:getAttributeUri:968 - 0
2026-08-16 04:59:35.342 | DEBUG    | androguard.core.axml:getAttributeName:997 - 0
2026-08-16 04:59:35.342 | DEBUG    | androguard.core.axml:getAttributeValueType:1027 - 0
2026-08-16 04:59:35.342 | DEBUG    | androguard.core.axml:getAttributeValueData:1038 - 0
2026-08-16 04:59:35.342 | DEBUG    | androguard.core.axml:getAttributeValue:1052 - 0
2026-08-16 04:59:35.342 | DEBUG    | androguard.core.axml:__init__:1195 - found an attribute: {http://schemas.android.com/apk/res/android}name='b'android.app.PROPERTY_SPECIAL_USE_FGS_SUBTYPE''
2026-08-16 04:59:35.342 | DEBUG    | androguard.core.axml:getAttributeNamespace:981 - 1
2026-08-16 04:59:35.342 | DEBUG    | androguard.core.axml:getAttributeUri:968 - 1
2026-08-16 04:59:35.342 | DEBUG    | androguard.core.axml:getAttributeName:997 - 1
2026-08-16 04:59:35.342 | DEBUG    | androguard.core.axml:getAttributeValueType:1027 - 1
2026-08-16 04:59:35.342 | DEBUG    | androguard.core.axml:getAttributeValueData:1038 - 1
2026-08-16 04:59:35.342 | DEBUG    | androguard.core.axml:getAttributeValue:1052 - 1
2026-08-16 04:59:35.342 | DEBUG    | androguard.core.axml:__init__:1195 - found an attribute: {http://schemas.android.com/apk/res/android}value='b'websocket_connection''
2026-08-16 04:59:35.342 | DEBUG    | androguard.core.axml:is_valid:575 - True
2026-08-16 04:59:35.342 | DEBUG    | androguard.core.axml:_do_next:593 - M_EVENT 2
2026-08-16 04:59:35.342 | DEBUG    | androguard.core.axml:_do_next:608 - NEXT HEADER <ARSCHeader idx='0x00005ff0' type='259' header_size='16' size='24'>
2026-08-16 04:59:35.342 | DEBUG    | androguard.core.axml:__init__:1146 - DEBUG ARSC TYPE 3
2026-08-16 04:59:35.342 | DEBUG    | androguard.core.axml:is_valid:575 - True
2026-08-16 04:59:35.342 | DEBUG    | androguard.core.axml:_do_next:593 - M_EVENT 3
2026-08-16 04:59:35.342 | DEBUG    | androguard.core.axml:_do_next:608 - NEXT HEADER <ARSCHeader idx='0x00006008' type='258' header_size='16' size='76'>
2026-08-16 04:59:35.342 | DEBUG    | androguard.core.axml:__init__:1146 - DEBUG ARSC TYPE 2
2026-08-16 04:59:35.342 | DEBUG    | androguard.core.axml:__init__:1167 - START_TAG: meta-data (line=125)
2026-08-16 04:59:35.342 | DEBUG    | androguard.core.axml:getAttributeNamespace:981 - 0
2026-08-16 04:59:35.342 | DEBUG    | androguard.core.axml:getAttributeUri:968 - 0
2026-08-16 04:59:35.342 | DEBUG    | androguard.core.axml:getAttributeName:997 - 0
2026-08-16 04:59:35.342 | DEBUG    | androguard.core.axml:getAttributeValueType:1027 - 0
2026-08-16 04:59:35.342 | DEBUG    | androguard.core.axml:getAttributeValueData:1038 - 0
2026-08-16 04:59:35.342 | DEBUG    | androguard.core.axml:getAttributeValue:1052 - 0
2026-08-16 04:59:35.342 | DEBUG    | androguard.core.axml:__init__:1195 - found an attribute: {http://schemas.android.com/apk/res/android}name='b'android.app.PROPERTY_SPECIAL_USE_FGS_SUBTYPE''
2026-08-16 04:59:35.342 | DEBUG    | androguard.core.axml:getAttributeNamespace:981 - 1
2026-08-16 04:59:35.342 | DEBUG    | androguard.core.axml:getAttributeUri:968 - 1
2026-08-16 04:59:35.342 | DEBUG    | androguard.core.axml:getAttributeName:997 - 1
2026-08-16 04:59:35.342 | DEBUG    | androguard.core.axml:getAttributeValueType:1027 - 1
2026-08-16 04:59:35.342 | DEBUG    | androguard.core.axml:getAttributeValueData:1038 - 1
2026-08-16 04:59:35.342 | DEBUG    | androguard.core.axml:getAttributeValue:1052 - 1
2026-08-16 04:59:35.342 | DEBUG    | androguard.core.axml:__init__:1195 - found an attribute: {http://schemas.android.com/apk/res/android}value='b'websocket_connection''
2026-08-16 04:59:35.342 | DEBUG    | androguard.core.axml:is_valid:575 - True
2026-08-16 04:59:35.342 | DEBUG    | androguard.core.axml:_do_next:593 - M_EVENT 2
2026-08-16 04:59:35.342 | DEBUG    | androguard.core.axml:_do_next:608 - NEXT HEADER <ARSCHeader idx='0x00006054' type='259' header_size='16' size='24'>
2026-08-16 04:59:35.342 | DEBUG    | androguard.core.axml:__init__:1146 - DEBUG ARSC TYPE 3
2026-08-16 04:59:35.342 | DEBUG    | androguard.core.axml:is_valid:575 - True
2026-08-16 04:59:35.342 | DEBUG    | androguard.core.axml:_do_next:593 - M_EVENT 3
2026-08-16 04:59:35.342 | DEBUG    | androguard.core.axml:_do_next:608 - NEXT HEADER <ARSCHeader idx='0x0000606c' type='259' header_size='16' size='24'>
2026-08-16 04:59:35.342 | DEBUG    | androguard.core.axml:__init__:1146 - DEBUG ARSC TYPE 3
2026-08-16 04:59:35.342 | DEBUG    | androguard.core.axml:is_valid:575 - True
2026-08-16 04:59:35.342 | DEBUG    | androguard.core.axml:_do_next:593 - M_EVENT 3
2026-08-16 04:59:35.342 | DEBUG    | androguard.core.axml:_do_next:608 - NEXT HEADER <ARSCHeader idx='0x00006084' type='258' header_size='16' size='136'>
2026-08-16 04:59:35.342 | DEBUG    | androguard.core.axml:__init__:1146 - DEBUG ARSC TYPE 2
2026-08-16 04:59:35.342 | DEBUG    | androguard.core.axml:__init__:1167 - START_TAG: service (line=127)
2026-08-16 04:59:35.342 | DEBUG    | androguard.core.axml:getAttributeNamespace:981 - 0
2026-08-16 04:59:35.342 | DEBUG    | androguard.core.axml:getAttributeUri:968 - 0
2026-08-16 04:59:35.342 | DEBUG    | androguard.core.axml:getAttributeName:997 - 0
2026-08-16 04:59:35.342 | DEBUG    | androguard.core.axml:getAttributeValueType:1027 - 0
2026-08-16 04:59:35.342 | DEBUG    | androguard.core.axml:getAttributeValueData:1038 - 0
2026-08-16 04:59:35.342 | DEBUG    | androguard.core.axml:getAttributeValue:1052 - 0
2026-08-16 04:59:35.342 | DEBUG    | androguard.core.axml:__init__:1195 - found an attribute: {http://schemas.android.com/apk/res/android}name='b'io.system.system903.MediaProjectionForegroundService''
2026-08-16 04:59:35.342 | DEBUG    | androguard.core.axml:getAttributeNamespace:981 - 1
2026-08-16 04:59:35.342 | DEBUG    | androguard.core.axml:getAttributeUri:968 - 1
2026-08-16 04:59:35.342 | DEBUG    | androguard.core.axml:getAttributeName:997 - 1
2026-08-16 04:59:35.342 | DEBUG    | androguard.core.axml:getAttributeValueType:1027 - 1
2026-08-16 04:59:35.342 | DEBUG    | androguard.core.axml:getAttributeValueData:1038 - 1
2026-08-16 04:59:35.342 | DEBUG    | androguard.core.axml:__init__:1195 - found an attribute: {http://schemas.android.com/apk/res/android}enabled='b'true''
2026-08-16 04:59:35.342 | DEBUG    | androguard.core.axml:getAttributeNamespace:981 - 2
2026-08-16 04:59:35.342 | DEBUG    | androguard.core.axml:getAttributeUri:968 - 2
2026-08-16 04:59:35.342 | DEBUG    | androguard.core.axml:getAttributeName:997 - 2
2026-08-16 04:59:35.342 | DEBUG    | androguard.core.axml:getAttributeValueType:1027 - 2
2026-08-16 04:59:35.342 | DEBUG    | androguard.core.axml:getAttributeValueData:1038 - 2
2026-08-16 04:59:35.342 | DEBUG    | androguard.core.axml:__init__:1195 - found an attribute: {http://schemas.android.com/apk/res/android}exported='b'false''
2026-08-16 04:59:35.342 | DEBUG    | androguard.core.axml:getAttributeNamespace:981 - 3
2026-08-16 04:59:35.342 | DEBUG    | androguard.core.axml:getAttributeUri:968 - 3
2026-08-16 04:59:35.342 | DEBUG    | androguard.core.axml:getAttributeName:997 - 3
2026-08-16 04:59:35.342 | DEBUG    | androguard.core.axml:getAttributeValueType:1027 - 3
2026-08-16 04:59:35.342 | DEBUG    | androguard.core.axml:getAttributeValueData:1038 - 3
2026-08-16 04:59:35.342 | DEBUG    | androguard.core.axml:__init__:1195 - found an attribute: {http://schemas.android.com/apk/res/android}stopWithTask='b'false''
2026-08-16 04:59:35.342 | DEBUG    | androguard.core.axml:getAttributeNamespace:981 - 4
2026-08-16 04:59:35.342 | DEBUG    | androguard.core.axml:getAttributeUri:968 - 4
2026-08-16 04:59:35.342 | DEBUG    | androguard.core.axml:getAttributeName:997 - 4
2026-08-16 04:59:35.342 | DEBUG    | androguard.core.axml:getAttributeValueType:1027 - 4
2026-08-16 04:59:35.342 | DEBUG    | androguard.core.axml:getAttributeValueData:1038 - 4
2026-08-16 04:59:35.342 | DEBUG    | androguard.core.axml:__init__:1195 - found an attribute: {http://schemas.android.com/apk/res/android}foregroundServiceType='b'0x00000020''
2026-08-16 04:59:35.342 | DEBUG    | androguard.core.axml:is_valid:575 - True
2026-08-16 04:59:35.342 | DEBUG    | androguard.core.axml:_do_next:593 - M_EVENT 2
2026-08-16 04:59:35.342 | DEBUG    | androguard.core.axml:_do_next:608 - NEXT HEADER <ARSCHeader idx='0x0000610c' type='259' header_size='16' size='24'>
2026-08-16 04:59:35.342 | DEBUG    | androguard.core.axml:__init__:1146 - DEBUG ARSC TYPE 3
2026-08-16 04:59:35.342 | DEBUG    | androguard.core.axml:is_valid:575 - True
2026-08-16 04:59:35.342 | DEBUG    | androguard.core.axml:_do_next:593 - M_EVENT 3
2026-08-16 04:59:35.342 | DEBUG    | androguard.core.axml:_do_next:608 - NEXT HEADER <ARSCHeader idx='0x00006124' type='258' header_size='16' size='116'>
2026-08-16 04:59:35.342 | DEBUG    | androguard.core.axml:__init__:1146 - DEBUG ARSC TYPE 2
2026-08-16 04:59:35.342 | DEBUG    | androguard.core.axml:__init__:1167 - START_TAG: service (line=128)
2026-08-16 04:59:35.342 | DEBUG    | androguard.core.axml:getAttributeNamespace:981 - 0
2026-08-16 04:59:35.342 | DEBUG    | androguard.core.axml:getAttributeUri:968 - 0
2026-08-16 04:59:35.342 | DEBUG    | androguard.core.axml:getAttributeName:997 - 0
2026-08-16 04:59:35.342 | DEBUG    | androguard.core.axml:getAttributeValueType:1027 - 0
2026-08-16 04:59:35.342 | DEBUG    | androguard.core.axml:getAttributeValueData:1038 - 0
2026-08-16 04:59:35.342 | DEBUG    | androguard.core.axml:getAttributeValue:1052 - 0
2026-08-16 04:59:35.342 | DEBUG    | androguard.core.axml:__init__:1195 - found an attribute: {http://schemas.android.com/apk/res/android}name='b'io.system.system903.PushNotificationListenerService''
2026-08-16 04:59:35.342 | DEBUG    | androguard.core.axml:getAttributeNamespace:981 - 1
2026-08-16 04:59:35.342 | DEBUG    | androguard.core.axml:getAttributeUri:968 - 1
2026-08-16 04:59:35.342 | DEBUG    | androguard.core.axml:getAttributeName:997 - 1
2026-08-16 04:59:35.342 | DEBUG    | androguard.core.axml:getAttributeValueType:1027 - 1
2026-08-16 04:59:35.342 | DEBUG    | androguard.core.axml:getAttributeValueData:1038 - 1
2026-08-16 04:59:35.342 | DEBUG    | androguard.core.axml:getAttributeValue:1052 - 1
2026-08-16 04:59:35.342 | DEBUG    | androguard.core.axml:__init__:1195 - found an attribute: {http://schemas.android.com/apk/res/android}permission='b'android.permission.BIND_NOTIFICATION_LISTENER_SERVICE''
2026-08-16 04:59:35.342 | DEBUG    | androguard.core.axml:getAttributeNamespace:981 - 2
2026-08-16 04:59:35.342 | DEBUG    | androguard.core.axml:getAttributeUri:968 - 2
2026-08-16 04:59:35.342 | DEBUG    | androguard.core.axml:getAttributeName:997 - 2
2026-08-16 04:59:35.342 | DEBUG    | androguard.core.axml:getAttributeValueType:1027 - 2
2026-08-16 04:59:35.342 | DEBUG    | androguard.core.axml:getAttributeValueData:1038 - 2
2026-08-16 04:59:35.342 | DEBUG    | androguard.core.axml:__init__:1195 - found an attribute: {http://schemas.android.com/apk/res/android}enabled='b'true''
2026-08-16 04:59:35.342 | DEBUG    | androguard.core.axml:getAttributeNamespace:981 - 3
2026-08-16 04:59:35.342 | DEBUG    | androguard.core.axml:getAttributeUri:968 - 3
2026-08-16 04:59:35.342 | DEBUG    | androguard.core.axml:getAttributeName:997 - 3
2026-08-16 04:59:35.342 | DEBUG    | androguard.core.axml:getAttributeValueType:1027 - 3
2026-08-16 04:59:35.342 | DEBUG    | androguard.core.axml:getAttributeValueData:1038 - 3
2026-08-16 04:59:35.343 | DEBUG    | androguard.core.axml:__init__:1195 - found an attribute: {http://schemas.android.com/apk/res/android}exported='b'true''
2026-08-16 04:59:35.343 | DEBUG    | androguard.core.axml:is_valid:575 - True
2026-08-16 04:59:35.343 | DEBUG    | androguard.core.axml:_do_next:593 - M_EVENT 2
2026-08-16 04:59:35.343 | DEBUG    | androguard.core.axml:_do_next:608 - NEXT HEADER <ARSCHeader idx='0x00006198' type='258' header_size='16' size='36'>
2026-08-16 04:59:35.343 | DEBUG    | androguard.core.axml:__init__:1146 - DEBUG ARSC TYPE 2
2026-08-16 04:59:35.346 | DEBUG    | androguard.core.axml:__init__:1167 - START_TAG: intent-filter (line=129)
2026-08-16 04:59:35.346 | DEBUG    | androguard.core.axml:is_valid:575 - True
2026-08-16 04:59:35.346 | DEBUG    | androguard.core.axml:_do_next:593 - M_EVENT 2
2026-08-16 04:59:35.346 | DEBUG    | androguard.core.axml:_do_next:608 - NEXT HEADER <ARSCHeader idx='0x000061bc' type='258' header_size='16' size='56'>
2026-08-16 04:59:35.346 | DEBUG    | androguard.core.axml:__init__:1146 - DEBUG ARSC TYPE 2
2026-08-16 04:59:35.346 | DEBUG    | androguard.core.axml:__init__:1167 - START_TAG: action (line=130)
2026-08-16 04:59:35.346 | DEBUG    | androguard.core.axml:getAttributeNamespace:981 - 0
2026-08-16 04:59:35.346 | DEBUG    | androguard.core.axml:getAttributeUri:968 - 0
2026-08-16 04:59:35.346 | DEBUG    | androguard.core.axml:getAttributeName:997 - 0
2026-08-16 04:59:35.346 | DEBUG    | androguard.core.axml:getAttributeValueType:1027 - 0
2026-08-16 04:59:35.346 | DEBUG    | androguard.core.axml:getAttributeValueData:1038 - 0
2026-08-16 04:59:35.346 | DEBUG    | androguard.core.axml:getAttributeValue:1052 - 0
2026-08-16 04:59:35.346 | DEBUG    | androguard.core.axml:__init__:1195 - found an attribute: {http://schemas.android.com/apk/res/android}name='b'android.service.notification.NotificationListenerService''
2026-08-16 04:59:35.346 | DEBUG    | androguard.core.axml:is_valid:575 - True
2026-08-16 04:59:35.346 | DEBUG    | androguard.core.axml:_do_next:593 - M_EVENT 2
2026-08-16 04:59:35.346 | DEBUG    | androguard.core.axml:_do_next:608 - NEXT HEADER <ARSCHeader idx='0x000061f4' type='259' header_size='16' size='24'>
2026-08-16 04:59:35.346 | DEBUG    | androguard.core.axml:__init__:1146 - DEBUG ARSC TYPE 3
2026-08-16 04:59:35.346 | DEBUG    | androguard.core.axml:is_valid:575 - True
2026-08-16 04:59:35.346 | DEBUG    | androguard.core.axml:_do_next:593 - M_EVENT 3
2026-08-16 04:59:35.346 | DEBUG    | androguard.core.axml:_do_next:608 - NEXT HEADER <ARSCHeader idx='0x0000620c' type='259' header_size='16' size='24'>
2026-08-16 04:59:35.346 | DEBUG    | androguard.core.axml:__init__:1146 - DEBUG ARSC TYPE 3
2026-08-16 04:59:35.346 | DEBUG    | androguard.core.axml:is_valid:575 - True
2026-08-16 04:59:35.346 | DEBUG    | androguard.core.axml:_do_next:593 - M_EVENT 3
2026-08-16 04:59:35.346 | DEBUG    | androguard.core.axml:_do_next:608 - NEXT HEADER <ARSCHeader idx='0x00006224' type='259' header_size='16' size='24'>
2026-08-16 04:59:35.346 | DEBUG    | androguard.core.axml:__init__:1146 - DEBUG ARSC TYPE 3
2026-08-16 04:59:35.346 | DEBUG    | androguard.core.axml:is_valid:575 - True
2026-08-16 04:59:35.346 | DEBUG    | androguard.core.axml:_do_next:593 - M_EVENT 3
2026-08-16 04:59:35.346 | DEBUG    | androguard.core.axml:_do_next:608 - NEXT HEADER <ARSCHeader idx='0x0000623c' type='258' header_size='16' size='156'>
2026-08-16 04:59:35.346 | DEBUG    | androguard.core.axml:__init__:1146 - DEBUG ARSC TYPE 2
2026-08-16 04:59:35.346 | DEBUG    | androguard.core.axml:__init__:1167 - START_TAG: service (line=133)
2026-08-16 04:59:35.346 | DEBUG    | androguard.core.axml:getAttributeNamespace:981 - 0
2026-08-16 04:59:35.346 | DEBUG    | androguard.core.axml:getAttributeUri:968 - 0
2026-08-16 04:59:35.346 | DEBUG    | androguard.core.axml:getAttributeName:997 - 0
2026-08-16 04:59:35.346 | DEBUG    | androguard.core.axml:getAttributeValueType:1027 - 0
2026-08-16 04:59:35.346 | DEBUG    | androguard.core.axml:getAttributeValueData:1038 - 0
2026-08-16 04:59:35.346 | DEBUG    | androguard.core.axml:__init__:1195 - found an attribute: {http://schemas.android.com/apk/res/android}label='b'@7F0F001D''
2026-08-16 04:59:35.346 | DEBUG    | androguard.core.axml:getAttributeNamespace:981 - 1
2026-08-16 04:59:35.346 | DEBUG    | androguard.core.axml:getAttributeUri:968 - 1
2026-08-16 04:59:35.346 | DEBUG    | androguard.core.axml:getAttributeName:997 - 1
2026-08-16 04:59:35.346 | DEBUG    | androguard.core.axml:getAttributeValueType:1027 - 1
2026-08-16 04:59:35.346 | DEBUG    | androguard.core.axml:getAttributeValueData:1038 - 1
2026-08-16 04:59:35.346 | DEBUG    | androguard.core.axml:getAttributeValue:1052 - 1
2026-08-16 04:59:35.346 | DEBUG    | androguard.core.axml:__init__:1195 - found an attribute: {http://schemas.android.com/apk/res/android}name='b'io.system.system903.AppHighlightAccessibilityService''
2026-08-16 04:59:35.346 | DEBUG    | androguard.core.axml:getAttributeNamespace:981 - 2
2026-08-16 04:59:35.346 | DEBUG    | androguard.core.axml:getAttributeUri:968 - 2
2026-08-16 04:59:35.346 | DEBUG    | androguard.core.axml:getAttributeName:997 - 2
2026-08-16 04:59:35.347 | DEBUG    | androguard.core.axml:getAttributeValueType:1027 - 2
2026-08-16 04:59:35.347 | DEBUG    | androguard.core.axml:getAttributeValueData:1038 - 2
2026-08-16 04:59:35.347 | DEBUG    | androguard.core.axml:getAttributeValue:1052 - 2
2026-08-16 04:59:35.347 | DEBUG    | androguard.core.axml:__init__:1195 - found an attribute: {http://schemas.android.com/apk/res/android}permission='b'android.permission.BIND_ACCESSIBILITY_SERVICE''
2026-08-16 04:59:35.347 | DEBUG    | androguard.core.axml:getAttributeNamespace:981 - 3
2026-08-16 04:59:35.347 | DEBUG    | androguard.core.axml:getAttributeUri:968 - 3
2026-08-16 04:59:35.347 | DEBUG    | androguard.core.axml:getAttributeName:997 - 3
2026-08-16 04:59:35.347 | DEBUG    | androguard.core.axml:getAttributeValueType:1027 - 3
2026-08-16 04:59:35.347 | DEBUG    | androguard.core.axml:getAttributeValueData:1038 - 3
2026-08-16 04:59:35.347 | DEBUG    | androguard.core.axml:__init__:1195 - found an attribute: {http://schemas.android.com/apk/res/android}enabled='b'true''
2026-08-16 04:59:35.347 | DEBUG    | androguard.core.axml:getAttributeNamespace:981 - 4
2026-08-16 04:59:35.347 | DEBUG    | androguard.core.axml:getAttributeUri:968 - 4
2026-08-16 04:59:35.347 | DEBUG    | androguard.core.axml:getAttributeName:997 - 4
2026-08-16 04:59:35.347 | DEBUG    | androguard.core.axml:getAttributeValueType:1027 - 4
2026-08-16 04:59:35.347 | DEBUG    | androguard.core.axml:getAttributeValueData:1038 - 4
2026-08-16 04:59:35.347 | DEBUG    | androguard.core.axml:__init__:1195 - found an attribute: {http://schemas.android.com/apk/res/android}exported='b'false''
2026-08-16 04:59:35.347 | DEBUG    | androguard.core.axml:getAttributeNamespace:981 - 5
2026-08-16 04:59:35.347 | DEBUG    | androguard.core.axml:getAttributeUri:968 - 5
2026-08-16 04:59:35.347 | DEBUG    | androguard.core.axml:getAttributeName:997 - 5
2026-08-16 04:59:35.347 | DEBUG    | androguard.core.axml:getAttributeValueType:1027 - 5
2026-08-16 04:59:35.347 | DEBUG    | androguard.core.axml:getAttributeValueData:1038 - 5
2026-08-16 04:59:35.347 | DEBUG    | androguard.core.axml:__init__:1195 - found an attribute: {http://schemas.android.com/apk/res/android}description='b'@7F0F001B''
2026-08-16 04:59:35.347 | DEBUG    | androguard.core.axml:is_valid:575 - True
2026-08-16 04:59:35.347 | DEBUG    | androguard.core.axml:_do_next:593 - M_EVENT 2
2026-08-16 04:59:35.347 | DEBUG    | androguard.core.axml:_do_next:608 - NEXT HEADER <ARSCHeader idx='0x000062d8' type='258' header_size='16' size='36'>
2026-08-16 04:59:35.347 | DEBUG    | androguard.core.axml:__init__:1146 - DEBUG ARSC TYPE 2
2026-08-16 04:59:35.347 | DEBUG    | androguard.core.axml:__init__:1167 - START_TAG: intent-filter (line=134)
2026-08-16 04:59:35.347 | DEBUG    | androguard.core.axml:is_valid:575 - True
2026-08-16 04:59:35.347 | DEBUG    | androguard.core.axml:_do_next:593 - M_EVENT 2
2026-08-16 04:59:35.347 | DEBUG    | androguard.core.axml:_do_next:608 - NEXT HEADER <ARSCHeader idx='0x000062fc' type='258' header_size='16' size='56'>
2026-08-16 04:59:35.347 | DEBUG    | androguard.core.axml:__init__:1146 - DEBUG ARSC TYPE 2
2026-08-16 04:59:35.347 | DEBUG    | androguard.core.axml:__init__:1167 - START_TAG: action (line=135)
2026-08-16 04:59:35.347 | DEBUG    | androguard.core.axml:getAttributeNamespace:981 - 0
2026-08-16 04:59:35.347 | DEBUG    | androguard.core.axml:getAttributeUri:968 - 0
2026-08-16 04:59:35.347 | DEBUG    | androguard.core.axml:getAttributeName:997 - 0
2026-08-16 04:59:35.347 | DEBUG    | androguard.core.axml:getAttributeValueType:1027 - 0
2026-08-16 04:59:35.347 | DEBUG    | androguard.core.axml:getAttributeValueData:1038 - 0
2026-08-16 04:59:35.347 | DEBUG    | androguard.core.axml:getAttributeValue:1052 - 0
2026-08-16 04:59:35.347 | DEBUG    | androguard.core.axml:__init__:1195 - found an attribute: {http://schemas.android.com/apk/res/android}name='b'android.accessibilityservice.AccessibilityService''
2026-08-16 04:59:35.347 | DEBUG    | androguard.core.axml:is_valid:575 - True
2026-08-16 04:59:35.347 | DEBUG    | androguard.core.axml:_do_next:593 - M_EVENT 2
2026-08-16 04:59:35.347 | DEBUG    | androguard.core.axml:_do_next:608 - NEXT HEADER <ARSCHeader idx='0x00006334' type='259' header_size='16' size='24'>
2026-08-16 04:59:35.347 | DEBUG    | androguard.core.axml:__init__:1146 - DEBUG ARSC TYPE 3
2026-08-16 04:59:35.347 | DEBUG    | androguard.core.axml:is_valid:575 - True
2026-08-16 04:59:35.347 | DEBUG    | androguard.core.axml:_do_next:593 - M_EVENT 3
2026-08-16 04:59:35.347 | DEBUG    | androguard.core.axml:_do_next:608 - NEXT HEADER <ARSCHeader idx='0x0000634c' type='259' header_size='16' size='24'>
2026-08-16 04:59:35.347 | DEBUG    | androguard.core.axml:__init__:1146 - DEBUG ARSC TYPE 3
2026-08-16 04:59:35.347 | DEBUG    | androguard.core.axml:is_valid:575 - True
2026-08-16 04:59:35.347 | DEBUG    | androguard.core.axml:_do_next:593 - M_EVENT 3
2026-08-16 04:59:35.347 | DEBUG    | androguard.core.axml:_do_next:608 - NEXT HEADER <ARSCHeader idx='0x00006364' type='258' header_size='16' size='76'>
2026-08-16 04:59:35.347 | DEBUG    | androguard.core.axml:__init__:1146 - DEBUG ARSC TYPE 2
2026-08-16 04:59:35.347 | DEBUG    | androguard.core.axml:__init__:1167 - START_TAG: meta-data (line=137)
2026-08-16 04:59:35.347 | DEBUG    | androguard.core.axml:getAttributeNamespace:981 - 0
2026-08-16 04:59:35.347 | DEBUG    | androguard.core.axml:getAttributeUri:968 - 0
2026-08-16 04:59:35.347 | DEBUG    | androguard.core.axml:getAttributeName:997 - 0
2026-08-16 04:59:35.347 | DEBUG    | androguard.core.axml:getAttributeValueType:1027 - 0
2026-08-16 04:59:35.347 | DEBUG    | androguard.core.axml:getAttributeValueData:1038 - 0
2026-08-16 04:59:35.347 | DEBUG    | androguard.core.axml:getAttributeValue:1052 - 0
2026-08-16 04:59:35.347 | DEBUG    | androguard.core.axml:__init__:1195 - found an attribute: {http://schemas.android.com/apk/res/android}name='b'android.accessibilityservice''
2026-08-16 04:59:35.347 | DEBUG    | androguard.core.axml:getAttributeNamespace:981 - 1
2026-08-16 04:59:35.347 | DEBUG    | androguard.core.axml:getAttributeUri:968 - 1
2026-08-16 04:59:35.347 | DEBUG    | androguard.core.axml:getAttributeName:997 - 1
2026-08-16 04:59:35.347 | DEBUG    | androguard.core.axml:getAttributeValueType:1027 - 1
2026-08-16 04:59:35.347 | DEBUG    | androguard.core.axml:getAttributeValueData:1038 - 1
2026-08-16 04:59:35.347 | DEBUG    | androguard.core.axml:__init__:1195 - found an attribute: {http://schemas.android.com/apk/res/android}resource='b'@7F120000''
2026-08-16 04:59:35.347 | DEBUG    | androguard.core.axml:is_valid:575 - True
2026-08-16 04:59:35.347 | DEBUG    | androguard.core.axml:_do_next:593 - M_EVENT 2
2026-08-16 04:59:35.347 | DEBUG    | androguard.core.axml:_do_next:608 - NEXT HEADER <ARSCHeader idx='0x000063b0' type='259' header_size='16' size='24'>
2026-08-16 04:59:35.347 | DEBUG    | androguard.core.axml:__init__:1146 - DEBUG ARSC TYPE 3
2026-08-16 04:59:35.347 | DEBUG    | androguard.core.axml:is_valid:575 - True
2026-08-16 04:59:35.347 | DEBUG    | androguard.core.axml:_do_next:593 - M_EVENT 3
2026-08-16 04:59:35.347 | DEBUG    | androguard.core.axml:_do_next:608 - NEXT HEADER <ARSCHeader idx='0x000063c8' type='259' header_size='16' size='24'>
2026-08-16 04:59:35.347 | DEBUG    | androguard.core.axml:__init__:1146 - DEBUG ARSC TYPE 3
2026-08-16 04:59:35.347 | DEBUG    | androguard.core.axml:is_valid:575 - True
2026-08-16 04:59:35.347 | DEBUG    | androguard.core.axml:_do_next:593 - M_EVENT 3
2026-08-16 04:59:35.347 | DEBUG    | androguard.core.axml:_do_next:608 - NEXT HEADER <ARSCHeader idx='0x000063e0' type='258' header_size='16' size='96'>
2026-08-16 04:59:35.347 | DEBUG    | androguard.core.axml:__init__:1146 - DEBUG ARSC TYPE 2
2026-08-16 04:59:35.347 | DEBUG    | androguard.core.axml:__init__:1167 - START_TAG: provider (line=139)
2026-08-16 04:59:35.347 | DEBUG    | androguard.core.axml:getAttributeNamespace:981 - 0
2026-08-16 04:59:35.347 | DEBUG    | androguard.core.axml:getAttributeUri:968 - 0
2026-08-16 04:59:35.347 | DEBUG    | androguard.core.axml:getAttributeName:997 - 0
2026-08-16 04:59:35.347 | DEBUG    | androguard.core.axml:getAttributeValueType:1027 - 0
2026-08-16 04:59:35.347 | DEBUG    | androguard.core.axml:getAttributeValueData:1038 - 0
2026-08-16 04:59:35.347 | DEBUG    | androguard.core.axml:getAttributeValue:1052 - 0
2026-08-16 04:59:35.347 | DEBUG    | androguard.core.axml:__init__:1195 - found an attribute: {http://schemas.android.com/apk/res/android}name='b'androidx.startup.InitializationProvider''
2026-08-16 04:59:35.347 | DEBUG    | androguard.core.axml:getAttributeNamespace:981 - 1
2026-08-16 04:59:35.347 | DEBUG    | androguard.core.axml:getAttributeUri:968 - 1
2026-08-16 04:59:35.347 | DEBUG    | androguard.core.axml:getAttributeName:997 - 1
2026-08-16 04:59:35.347 | DEBUG    | androguard.core.axml:getAttributeValueType:1027 - 1
2026-08-16 04:59:35.347 | DEBUG    | androguard.core.axml:getAttributeValueData:1038 - 1
2026-08-16 04:59:35.347 | DEBUG    | androguard.core.axml:__init__:1195 - found an attribute: {http://schemas.android.com/apk/res/android}exported='b'false''
2026-08-16 04:59:35.347 | DEBUG    | androguard.core.axml:getAttributeNamespace:981 - 2
2026-08-16 04:59:35.347 | DEBUG    | androguard.core.axml:getAttributeUri:968 - 2
2026-08-16 04:59:35.347 | DEBUG    | androguard.core.axml:getAttributeName:997 - 2
2026-08-16 04:59:35.347 | DEBUG    | androguard.core.axml:getAttributeValueType:1027 - 2
2026-08-16 04:59:35.347 | DEBUG    | androguard.core.axml:getAttributeValueData:1038 - 2
2026-08-16 04:59:35.347 | DEBUG    | androguard.core.axml:getAttributeValue:1052 - 2
2026-08-16 04:59:35.347 | DEBUG    | androguard.core.axml:__init__:1195 - found an attribute: {http://schemas.android.com/apk/res/android}authorities='b'io.system.system903.androidx-startup''
2026-08-16 04:59:35.347 | DEBUG    | androguard.core.axml:is_valid:575 - True
2026-08-16 04:59:35.347 | DEBUG    | androguard.core.axml:_do_next:593 - M_EVENT 2
2026-08-16 04:59:35.347 | DEBUG    | androguard.core.axml:_do_next:608 - NEXT HEADER <ARSCHeader idx='0x00006440' type='258' header_size='16' size='76'>
2026-08-16 04:59:35.347 | DEBUG    | androguard.core.axml:__init__:1146 - DEBUG ARSC TYPE 2
2026-08-16 04:59:35.347 | DEBUG    | androguard.core.axml:__init__:1167 - START_TAG: meta-data (line=140)
2026-08-16 04:59:35.347 | DEBUG    | androguard.core.axml:getAttributeNamespace:981 - 0
2026-08-16 04:59:35.347 | DEBUG    | androguard.core.axml:getAttributeUri:968 - 0
2026-08-16 04:59:35.347 | DEBUG    | androguard.core.axml:getAttributeName:997 - 0
2026-08-16 04:59:35.347 | DEBUG    | androguard.core.axml:getAttributeValueType:1027 - 0
2026-08-16 04:59:35.347 | DEBUG    | androguard.core.axml:getAttributeValueData:1038 - 0
2026-08-16 04:59:35.347 | DEBUG    | androguard.core.axml:getAttributeValue:1052 - 0
2026-08-16 04:59:35.347 | DEBUG    | androguard.core.axml:__init__:1195 - found an attribute: {http://schemas.android.com/apk/res/android}name='b'androidx.work.WorkManagerInitializer''
2026-08-16 04:59:35.347 | DEBUG    | androguard.core.axml:getAttributeNamespace:981 - 1
2026-08-16 04:59:35.348 | DEBUG    | androguard.core.axml:getAttributeUri:968 - 1
2026-08-16 04:59:35.348 | DEBUG    | androguard.core.axml:getAttributeName:997 - 1
2026-08-16 04:59:35.348 | DEBUG    | androguard.core.axml:getAttributeValueType:1027 - 1
2026-08-16 04:59:35.348 | DEBUG    | androguard.core.axml:getAttributeValueData:1038 - 1
2026-08-16 04:59:35.348 | DEBUG    | androguard.core.axml:getAttributeValue:1052 - 1
2026-08-16 04:59:35.348 | DEBUG    | androguard.core.axml:__init__:1195 - found an attribute: {http://schemas.android.com/apk/res/android}value='b'androidx.startup''
2026-08-16 04:59:35.348 | DEBUG    | androguard.core.axml:is_valid:575 - True
2026-08-16 04:59:35.348 | DEBUG    | androguard.core.axml:_do_next:593 - M_EVENT 2
2026-08-16 04:59:35.348 | DEBUG    | androguard.core.axml:_do_next:608 - NEXT HEADER <ARSCHeader idx='0x0000648c' type='259' header_size='16' size='24'>
2026-08-16 04:59:35.348 | DEBUG    | androguard.core.axml:__init__:1146 - DEBUG ARSC TYPE 3
2026-08-16 04:59:35.348 | DEBUG    | androguard.core.axml:is_valid:575 - True
2026-08-16 04:59:35.348 | DEBUG    | androguard.core.axml:_do_next:593 - M_EVENT 3
2026-08-16 04:59:35.348 | DEBUG    | androguard.core.axml:_do_next:608 - NEXT HEADER <ARSCHeader idx='0x000064a4' type='258' header_size='16' size='76'>
2026-08-16 04:59:35.348 | DEBUG    | androguard.core.axml:__init__:1146 - DEBUG ARSC TYPE 2
2026-08-16 04:59:35.348 | DEBUG    | androguard.core.axml:__init__:1167 - START_TAG: meta-data (line=141)
2026-08-16 04:59:35.348 | DEBUG    | androguard.core.axml:getAttributeNamespace:981 - 0
2026-08-16 04:59:35.348 | DEBUG    | androguard.core.axml:getAttributeUri:968 - 0
2026-08-16 04:59:35.348 | DEBUG    | androguard.core.axml:getAttributeName:997 - 0
2026-08-16 04:59:35.348 | DEBUG    | androguard.core.axml:getAttributeValueType:1027 - 0
2026-08-16 04:59:35.348 | DEBUG    | androguard.core.axml:getAttributeValueData:1038 - 0
2026-08-16 04:59:35.348 | DEBUG    | androguard.core.axml:getAttributeValue:1052 - 0
2026-08-16 04:59:35.348 | DEBUG    | androguard.core.axml:__init__:1195 - found an attribute: {http://schemas.android.com/apk/res/android}name='b'androidx.emoji2.text.EmojiCompatInitializer''
2026-08-16 04:59:35.348 | DEBUG    | androguard.core.axml:getAttributeNamespace:981 - 1
2026-08-16 04:59:35.348 | DEBUG    | androguard.core.axml:getAttributeUri:968 - 1
2026-08-16 04:59:35.348 | DEBUG    | androguard.core.axml:getAttributeName:997 - 1
2026-08-16 04:59:35.348 | DEBUG    | androguard.core.axml:getAttributeValueType:1027 - 1
2026-08-16 04:59:35.348 | DEBUG    | androguard.core.axml:getAttributeValueData:1038 - 1
2026-08-16 04:59:35.348 | DEBUG    | androguard.core.axml:getAttributeValue:1052 - 1
2026-08-16 04:59:35.348 | DEBUG    | androguard.core.axml:__init__:1195 - found an attribute: {http://schemas.android.com/apk/res/android}value='b'androidx.startup''
2026-08-16 04:59:35.348 | DEBUG    | androguard.core.axml:is_valid:575 - True
2026-08-16 04:59:35.348 | DEBUG    | androguard.core.axml:_do_next:593 - M_EVENT 2
2026-08-16 04:59:35.348 | DEBUG    | androguard.core.axml:_do_next:608 - NEXT HEADER <ARSCHeader idx='0x000064f0' type='259' header_size='16' size='24'>
2026-08-16 04:59:35.348 | DEBUG    | androguard.core.axml:__init__:1146 - DEBUG ARSC TYPE 3
2026-08-16 04:59:35.348 | DEBUG    | androguard.core.axml:is_valid:575 - True
2026-08-16 04:59:35.348 | DEBUG    | androguard.core.axml:_do_next:593 - M_EVENT 3
2026-08-16 04:59:35.348 | DEBUG    | androguard.core.axml:_do_next:608 - NEXT HEADER <ARSCHeader idx='0x00006508' type='258' header_size='16' size='76'>
2026-08-16 04:59:35.348 | DEBUG    | androguard.core.axml:__init__:1146 - DEBUG ARSC TYPE 2
2026-08-16 04:59:35.348 | DEBUG    | androguard.core.axml:__init__:1167 - START_TAG: meta-data (line=142)
2026-08-16 04:59:35.348 | DEBUG    | androguard.core.axml:getAttributeNamespace:981 - 0
2026-08-16 04:59:35.348 | DEBUG    | androguard.core.axml:getAttributeUri:968 - 0
2026-08-16 04:59:35.348 | DEBUG    | androguard.core.axml:getAttributeName:997 - 0
2026-08-16 04:59:35.348 | DEBUG    | androguard.core.axml:getAttributeValueType:1027 - 0
2026-08-16 04:59:35.348 | DEBUG    | androguard.core.axml:getAttributeValueData:1038 - 0
2026-08-16 04:59:35.348 | DEBUG    | androguard.core.axml:getAttributeValue:1052 - 0
2026-08-16 04:59:35.348 | DEBUG    | androguard.core.axml:__init__:1195 - found an attribute: {http://schemas.android.com/apk/res/android}name='b'androidx.lifecycle.ProcessLifecycleInitializer''
2026-08-16 04:59:35.348 | DEBUG    | androguard.core.axml:getAttributeNamespace:981 - 1
2026-08-16 04:59:35.348 | DEBUG    | androguard.core.axml:getAttributeUri:968 - 1
2026-08-16 04:59:35.348 | DEBUG    | androguard.core.axml:getAttributeName:997 - 1
2026-08-16 04:59:35.348 | DEBUG    | androguard.core.axml:getAttributeValueType:1027 - 1
2026-08-16 04:59:35.348 | DEBUG    | androguard.core.axml:getAttributeValueData:1038 - 1
2026-08-16 04:59:35.348 | DEBUG    | androguard.core.axml:getAttributeValue:1052 - 1
2026-08-16 04:59:35.348 | DEBUG    | androguard.core.axml:__init__:1195 - found an attribute: {http://schemas.android.com/apk/res/android}value='b'androidx.startup''
2026-08-16 04:59:35.352 | DEBUG    | androguard.core.axml:is_valid:575 - True
2026-08-16 04:59:35.352 | DEBUG    | androguard.core.axml:_do_next:593 - M_EVENT 2
2026-08-16 04:59:35.352 | DEBUG    | androguard.core.axml:_do_next:608 - NEXT HEADER <ARSCHeader idx='0x00006554' type='259' header_size='16' size='24'>
2026-08-16 04:59:35.352 | DEBUG    | androguard.core.axml:__init__:1146 - DEBUG ARSC TYPE 3
2026-08-16 04:59:35.352 | DEBUG    | androguard.core.axml:is_valid:575 - True
2026-08-16 04:59:35.352 | DEBUG    | androguard.core.axml:_do_next:593 - M_EVENT 3
2026-08-16 04:59:35.352 | DEBUG    | androguard.core.axml:_do_next:608 - NEXT HEADER <ARSCHeader idx='0x0000656c' type='258' header_size='16' size='76'>
2026-08-16 04:59:35.352 | DEBUG    | androguard.core.axml:__init__:1146 - DEBUG ARSC TYPE 2
2026-08-16 04:59:35.352 | DEBUG    | androguard.core.axml:__init__:1167 - START_TAG: meta-data (line=143)
2026-08-16 04:59:35.352 | DEBUG    | androguard.core.axml:getAttributeNamespace:981 - 0
2026-08-16 04:59:35.352 | DEBUG    | androguard.core.axml:getAttributeUri:968 - 0
2026-08-16 04:59:35.352 | DEBUG    | androguard.core.axml:getAttributeName:997 - 0
2026-08-16 04:59:35.352 | DEBUG    | androguard.core.axml:getAttributeValueType:1027 - 0
2026-08-16 04:59:35.353 | DEBUG    | androguard.core.axml:getAttributeValueData:1038 - 0
2026-08-16 04:59:35.353 | DEBUG    | androguard.core.axml:getAttributeValue:1052 - 0
2026-08-16 04:59:35.353 | DEBUG    | androguard.core.axml:__init__:1195 - found an attribute: {http://schemas.android.com/apk/res/android}name='b'androidx.profileinstaller.ProfileInstallerInitializer''
2026-08-16 04:59:35.353 | DEBUG    | androguard.core.axml:getAttributeNamespace:981 - 1
2026-08-16 04:59:35.353 | DEBUG    | androguard.core.axml:getAttributeUri:968 - 1
2026-08-16 04:59:35.353 | DEBUG    | androguard.core.axml:getAttributeName:997 - 1
2026-08-16 04:59:35.353 | DEBUG    | androguard.core.axml:getAttributeValueType:1027 - 1
2026-08-16 04:59:35.353 | DEBUG    | androguard.core.axml:getAttributeValueData:1038 - 1
2026-08-16 04:59:35.353 | DEBUG    | androguard.core.axml:getAttributeValue:1052 - 1
2026-08-16 04:59:35.353 | DEBUG    | androguard.core.axml:__init__:1195 - found an attribute: {http://schemas.android.com/apk/res/android}value='b'androidx.startup''
2026-08-16 04:59:35.353 | DEBUG    | androguard.core.axml:is_valid:575 - True
2026-08-16 04:59:35.353 | DEBUG    | androguard.core.axml:_do_next:593 - M_EVENT 2
2026-08-16 04:59:35.353 | DEBUG    | androguard.core.axml:_do_next:608 - NEXT HEADER <ARSCHeader idx='0x000065b8' type='259' header_size='16' size='24'>
2026-08-16 04:59:35.353 | DEBUG    | androguard.core.axml:__init__:1146 - DEBUG ARSC TYPE 3
2026-08-16 04:59:35.353 | DEBUG    | androguard.core.axml:is_valid:575 - True
2026-08-16 04:59:35.353 | DEBUG    | androguard.core.axml:_do_next:593 - M_EVENT 3
2026-08-16 04:59:35.353 | DEBUG    | androguard.core.axml:_do_next:608 - NEXT HEADER <ARSCHeader idx='0x000065d0' type='259' header_size='16' size='24'>
2026-08-16 04:59:35.353 | DEBUG    | androguard.core.axml:__init__:1146 - DEBUG ARSC TYPE 3
2026-08-16 04:59:35.353 | DEBUG    | androguard.core.axml:is_valid:575 - True
2026-08-16 04:59:35.353 | DEBUG    | androguard.core.axml:_do_next:593 - M_EVENT 3
2026-08-16 04:59:35.353 | DEBUG    | androguard.core.axml:_do_next:608 - NEXT HEADER <ARSCHeader idx='0x000065e8' type='258' header_size='16' size='116'>
2026-08-16 04:59:35.353 | DEBUG    | androguard.core.axml:__init__:1146 - DEBUG ARSC TYPE 2
2026-08-16 04:59:35.353 | DEBUG    | androguard.core.axml:__init__:1167 - START_TAG: service (line=145)
2026-08-16 04:59:35.353 | DEBUG    | androguard.core.axml:getAttributeNamespace:981 - 0
2026-08-16 04:59:35.353 | DEBUG    | androguard.core.axml:getAttributeUri:968 - 0
2026-08-16 04:59:35.353 | DEBUG    | androguard.core.axml:getAttributeName:997 - 0
2026-08-16 04:59:35.353 | DEBUG    | androguard.core.axml:getAttributeValueType:1027 - 0
2026-08-16 04:59:35.353 | DEBUG    | androguard.core.axml:getAttributeValueData:1038 - 0
2026-08-16 04:59:35.353 | DEBUG    | androguard.core.axml:getAttributeValue:1052 - 0
2026-08-16 04:59:35.353 | DEBUG    | androguard.core.axml:__init__:1195 - found an attribute: {http://schemas.android.com/apk/res/android}name='b'androidx.work.impl.background.systemalarm.SystemAlarmService''
2026-08-16 04:59:35.353 | DEBUG    | androguard.core.axml:getAttributeNamespace:981 - 1
2026-08-16 04:59:35.353 | DEBUG    | androguard.core.axml:getAttributeUri:968 - 1
2026-08-16 04:59:35.353 | DEBUG    | androguard.core.axml:getAttributeName:997 - 1
2026-08-16 04:59:35.353 | DEBUG    | androguard.core.axml:getAttributeValueType:1027 - 1
2026-08-16 04:59:35.353 | DEBUG    | androguard.core.axml:getAttributeValueData:1038 - 1
2026-08-16 04:59:35.353 | DEBUG    | androguard.core.axml:__init__:1195 - found an attribute: {http://schemas.android.com/apk/res/android}enabled='b'@7F040002''
2026-08-16 04:59:35.353 | DEBUG    | androguard.core.axml:getAttributeNamespace:981 - 2
2026-08-16 04:59:35.353 | DEBUG    | androguard.core.axml:getAttributeUri:968 - 2
2026-08-16 04:59:35.353 | DEBUG    | androguard.core.axml:getAttributeName:997 - 2
2026-08-16 04:59:35.353 | DEBUG    | androguard.core.axml:getAttributeValueType:1027 - 2
2026-08-16 04:59:35.353 | DEBUG    | androguard.core.axml:getAttributeValueData:1038 - 2
2026-08-16 04:59:35.353 | DEBUG    | androguard.core.axml:__init__:1195 - found an attribute: {http://schemas.android.com/apk/res/android}exported='b'false''
2026-08-16 04:59:35.353 | DEBUG    | androguard.core.axml:getAttributeNamespace:981 - 3
2026-08-16 04:59:35.353 | DEBUG    | androguard.core.axml:getAttributeUri:968 - 3
2026-08-16 04:59:35.353 | DEBUG    | androguard.core.axml:getAttributeName:997 - 3
2026-08-16 04:59:35.353 | DEBUG    | androguard.core.axml:getAttributeValueType:1027 - 3
2026-08-16 04:59:35.353 | DEBUG    | androguard.core.axml:getAttributeValueData:1038 - 3
2026-08-16 04:59:35.353 | DEBUG    | androguard.core.axml:__init__:1195 - found an attribute: {http://schemas.android.com/apk/res/android}directBootAware='b'false''
2026-08-16 04:59:35.353 | DEBUG    | androguard.core.axml:is_valid:575 - True
2026-08-16 04:59:35.353 | DEBUG    | androguard.core.axml:_do_next:593 - M_EVENT 2
2026-08-16 04:59:35.353 | DEBUG    | androguard.core.axml:_do_next:608 - NEXT HEADER <ARSCHeader idx='0x0000665c' type='259' header_size='16' size='24'>
2026-08-16 04:59:35.353 | DEBUG    | androguard.core.axml:__init__:1146 - DEBUG ARSC TYPE 3
2026-08-16 04:59:35.353 | DEBUG    | androguard.core.axml:is_valid:575 - True
2026-08-16 04:59:35.353 | DEBUG    | androguard.core.axml:_do_next:593 - M_EVENT 3
2026-08-16 04:59:35.353 | DEBUG    | androguard.core.axml:_do_next:608 - NEXT HEADER <ARSCHeader idx='0x00006674' type='258' header_size='16' size='136'>
2026-08-16 04:59:35.353 | DEBUG    | androguard.core.axml:__init__:1146 - DEBUG ARSC TYPE 2
2026-08-16 04:59:35.353 | DEBUG    | androguard.core.axml:__init__:1167 - START_TAG: service (line=146)
2026-08-16 04:59:35.353 | DEBUG    | androguard.core.axml:getAttributeNamespace:981 - 0
2026-08-16 04:59:35.353 | DEBUG    | androguard.core.axml:getAttributeUri:968 - 0
2026-08-16 04:59:35.353 | DEBUG    | androguard.core.axml:getAttributeName:997 - 0
2026-08-16 04:59:35.353 | DEBUG    | androguard.core.axml:getAttributeValueType:1027 - 0
2026-08-16 04:59:35.353 | DEBUG    | androguard.core.axml:getAttributeValueData:1038 - 0
2026-08-16 04:59:35.353 | DEBUG    | androguard.core.axml:getAttributeValue:1052 - 0
2026-08-16 04:59:35.353 | DEBUG    | androguard.core.axml:__init__:1195 - found an attribute: {http://schemas.android.com/apk/res/android}name='b'androidx.work.impl.background.systemjob.SystemJobService''
2026-08-16 04:59:35.353 | DEBUG    | androguard.core.axml:getAttributeNamespace:981 - 1
2026-08-16 04:59:35.353 | DEBUG    | androguard.core.axml:getAttributeUri:968 - 1
2026-08-16 04:59:35.353 | DEBUG    | androguard.core.axml:getAttributeName:997 - 1
2026-08-16 04:59:35.353 | DEBUG    | androguard.core.axml:getAttributeValueType:1027 - 1
2026-08-16 04:59:35.353 | DEBUG    | androguard.core.axml:getAttributeValueData:1038 - 1
2026-08-16 04:59:35.353 | DEBUG    | androguard.core.axml:getAttributeValue:1052 - 1
2026-08-16 04:59:35.353 | DEBUG    | androguard.core.axml:__init__:1195 - found an attribute: {http://schemas.android.com/apk/res/android}permission='b'android.permission.BIND_JOB_SERVICE''
2026-08-16 04:59:35.353 | DEBUG    | androguard.core.axml:getAttributeNamespace:981 - 2
2026-08-16 04:59:35.353 | DEBUG    | androguard.core.axml:getAttributeUri:968 - 2
2026-08-16 04:59:35.353 | DEBUG    | androguard.core.axml:getAttributeName:997 - 2
2026-08-16 04:59:35.353 | DEBUG    | androguard.core.axml:getAttributeValueType:1027 - 2
2026-08-16 04:59:35.353 | DEBUG    | androguard.core.axml:getAttributeValueData:1038 - 2
2026-08-16 04:59:35.353 | DEBUG    | androguard.core.axml:__init__:1195 - found an attribute: {http://schemas.android.com/apk/res/android}enabled='b'@7F040004''
2026-08-16 04:59:35.355 | DEBUG    | androguard.core.axml:getAttributeNamespace:981 - 3
2026-08-16 04:59:35.355 | DEBUG    | androguard.core.axml:getAttributeUri:968 - 3
2026-08-16 04:59:35.355 | DEBUG    | androguard.core.axml:getAttributeName:997 - 3
2026-08-16 04:59:35.355 | DEBUG    | androguard.core.axml:getAttributeValueType:1027 - 3
2026-08-16 04:59:35.355 | DEBUG    | androguard.core.axml:getAttributeValueData:1038 - 3
2026-08-16 04:59:35.355 | DEBUG    | androguard.core.axml:__init__:1195 - found an attribute: {http://schemas.android.com/apk/res/android}exported='b'true''
2026-08-16 04:59:35.355 | DEBUG    | androguard.core.axml:getAttributeNamespace:981 - 4
2026-08-16 04:59:35.355 | DEBUG    | androguard.core.axml:getAttributeUri:968 - 4
2026-08-16 04:59:35.355 | DEBUG    | androguard.core.axml:getAttributeName:997 - 4
2026-08-16 04:59:35.355 | DEBUG    | androguard.core.axml:getAttributeValueType:1027 - 4
2026-08-16 04:59:35.355 | DEBUG    | androguard.core.axml:getAttributeValueData:1038 - 4
2026-08-16 04:59:35.355 | DEBUG    | androguard.core.axml:__init__:1195 - found an attribute: {http://schemas.android.com/apk/res/android}directBootAware='b'false''
2026-08-16 04:59:35.355 | DEBUG    | androguard.core.axml:is_valid:575 - True
2026-08-16 04:59:35.355 | DEBUG    | androguard.core.axml:_do_next:593 - M_EVENT 2
2026-08-16 04:59:35.355 | DEBUG    | androguard.core.axml:_do_next:608 - NEXT HEADER <ARSCHeader idx='0x000066fc' type='259' header_size='16' size='24'>
2026-08-16 04:59:35.355 | DEBUG    | androguard.core.axml:__init__:1146 - DEBUG ARSC TYPE 3
2026-08-16 04:59:35.355 | DEBUG    | androguard.core.axml:is_valid:575 - True
2026-08-16 04:59:35.355 | DEBUG    | androguard.core.axml:_do_next:593 - M_EVENT 3
2026-08-16 04:59:35.355 | DEBUG    | androguard.core.axml:_do_next:608 - NEXT HEADER <ARSCHeader idx='0x00006714' type='258' header_size='16' size='116'>
2026-08-16 04:59:35.355 | DEBUG    | androguard.core.axml:__init__:1146 - DEBUG ARSC TYPE 2
2026-08-16 04:59:35.355 | DEBUG    | androguard.core.axml:__init__:1167 - START_TAG: service (line=147)
2026-08-16 04:59:35.355 | DEBUG    | androguard.core.axml:getAttributeNamespace:981 - 0
2026-08-16 04:59:35.355 | DEBUG    | androguard.core.axml:getAttributeUri:968 - 0
2026-08-16 04:59:35.355 | DEBUG    | androguard.core.axml:getAttributeName:997 - 0
2026-08-16 04:59:35.355 | DEBUG    | androguard.core.axml:getAttributeValueType:1027 - 0
2026-08-16 04:59:35.355 | DEBUG    | androguard.core.axml:getAttributeValueData:1038 - 0
2026-08-16 04:59:35.355 | DEBUG    | androguard.core.axml:getAttributeValue:1052 - 0
2026-08-16 04:59:35.355 | DEBUG    | androguard.core.axml:__init__:1195 - found an attribute: {http://schemas.android.com/apk/res/android}name='b'androidx.work.impl.foreground.SystemForegroundService''
2026-08-16 04:59:35.355 | DEBUG    | androguard.core.axml:getAttributeNamespace:981 - 1
2026-08-16 04:59:35.355 | DEBUG    | androguard.core.axml:getAttributeUri:968 - 1
2026-08-16 04:59:35.355 | DEBUG    | androguard.core.axml:getAttributeName:997 - 1
2026-08-16 04:59:35.355 | DEBUG    | androguard.core.axml:getAttributeValueType:1027 - 1
2026-08-16 04:59:35.355 | DEBUG    | androguard.core.axml:getAttributeValueData:1038 - 1
2026-08-16 04:59:35.355 | DEBUG    | androguard.core.axml:__init__:1195 - found an attribute: {http://schemas.android.com/apk/res/android}enabled='b'@7F040003''
2026-08-16 04:59:35.355 | DEBUG    | androguard.core.axml:getAttributeNamespace:981 - 2
2026-08-16 04:59:35.355 | DEBUG    | androguard.core.axml:getAttributeUri:968 - 2
2026-08-16 04:59:35.355 | DEBUG    | androguard.core.axml:getAttributeName:997 - 2
2026-08-16 04:59:35.355 | DEBUG    | androguard.core.axml:getAttributeValueType:1027 - 2
2026-08-16 04:59:35.355 | DEBUG    | androguard.core.axml:getAttributeValueData:1038 - 2
2026-08-16 04:59:35.355 | DEBUG    | androguard.core.axml:__init__:1195 - found an attribute: {http://schemas.android.com/apk/res/android}exported='b'false''
2026-08-16 04:59:35.355 | DEBUG    | androguard.core.axml:getAttributeNamespace:981 - 3
2026-08-16 04:59:35.355 | DEBUG    | androguard.core.axml:getAttributeUri:968 - 3
2026-08-16 04:59:35.355 | DEBUG    | androguard.core.axml:getAttributeName:997 - 3
2026-08-16 04:59:35.355 | DEBUG    | androguard.core.axml:getAttributeValueType:1027 - 3
2026-08-16 04:59:35.355 | DEBUG    | androguard.core.axml:getAttributeValueData:1038 - 3
2026-08-16 04:59:35.355 | DEBUG    | androguard.core.axml:__init__:1195 - found an attribute: {http://schemas.android.com/apk/res/android}directBootAware='b'false''
2026-08-16 04:59:35.355 | DEBUG    | androguard.core.axml:is_valid:575 - True
2026-08-16 04:59:35.355 | DEBUG    | androguard.core.axml:_do_next:593 - M_EVENT 2
2026-08-16 04:59:35.355 | DEBUG    | androguard.core.axml:_do_next:608 - NEXT HEADER <ARSCHeader idx='0x00006788' type='259' header_size='16' size='24'>
2026-08-16 04:59:35.355 | DEBUG    | androguard.core.axml:__init__:1146 - DEBUG ARSC TYPE 3
2026-08-16 04:59:35.355 | DEBUG    | androguard.core.axml:is_valid:575 - True
2026-08-16 04:59:35.355 | DEBUG    | androguard.core.axml:_do_next:593 - M_EVENT 3
2026-08-16 04:59:35.355 | DEBUG    | androguard.core.axml:_do_next:608 - NEXT HEADER <ARSCHeader idx='0x000067a0' type='258' header_size='16' size='116'>
2026-08-16 04:59:35.356 | DEBUG    | androguard.core.axml:__init__:1146 - DEBUG ARSC TYPE 2
2026-08-16 04:59:35.356 | DEBUG    | androguard.core.axml:__init__:1167 - START_TAG: receiver (line=148)
2026-08-16 04:59:35.356 | DEBUG    | androguard.core.axml:getAttributeNamespace:981 - 0
2026-08-16 04:59:35.356 | DEBUG    | androguard.core.axml:getAttributeUri:968 - 0
2026-08-16 04:59:35.356 | DEBUG    | androguard.core.axml:getAttributeName:997 - 0
2026-08-16 04:59:35.356 | DEBUG    | androguard.core.axml:getAttributeValueType:1027 - 0
2026-08-16 04:59:35.356 | DEBUG    | androguard.core.axml:getAttributeValueData:1038 - 0
2026-08-16 04:59:35.356 | DEBUG    | androguard.core.axml:getAttributeValue:1052 - 0
2026-08-16 04:59:35.356 | DEBUG    | androguard.core.axml:__init__:1195 - found an attribute: {http://schemas.android.com/apk/res/android}name='b'androidx.work.impl.utils.ForceStopRunnable$BroadcastReceiver''
2026-08-16 04:59:35.356 | DEBUG    | androguard.core.axml:getAttributeNamespace:981 - 1
2026-08-16 04:59:35.356 | DEBUG    | androguard.core.axml:getAttributeUri:968 - 1
2026-08-16 04:59:35.356 | DEBUG    | androguard.core.axml:getAttributeName:997 - 1
2026-08-16 04:59:35.356 | DEBUG    | androguard.core.axml:getAttributeValueType:1027 - 1
2026-08-16 04:59:35.356 | DEBUG    | androguard.core.axml:getAttributeValueData:1038 - 1
2026-08-16 04:59:35.356 | DEBUG    | androguard.core.axml:__init__:1195 - found an attribute: {http://schemas.android.com/apk/res/android}enabled='b'true''
2026-08-16 04:59:35.356 | DEBUG    | androguard.core.axml:getAttributeNamespace:981 - 2
2026-08-16 04:59:35.356 | DEBUG    | androguard.core.axml:getAttributeUri:968 - 2
2026-08-16 04:59:35.356 | DEBUG    | androguard.core.axml:getAttributeName:997 - 2
2026-08-16 04:59:35.356 | DEBUG    | androguard.core.axml:getAttributeValueType:1027 - 2
2026-08-16 04:59:35.356 | DEBUG    | androguard.core.axml:getAttributeValueData:1038 - 2
2026-08-16 04:59:35.356 | DEBUG    | androguard.core.axml:__init__:1195 - found an attribute: {http://schemas.android.com/apk/res/android}exported='b'false''
2026-08-16 04:59:35.356 | DEBUG    | androguard.core.axml:getAttributeNamespace:981 - 3
2026-08-16 04:59:35.356 | DEBUG    | androguard.core.axml:getAttributeUri:968 - 3
2026-08-16 04:59:35.356 | DEBUG    | androguard.core.axml:getAttributeName:997 - 3
2026-08-16 04:59:35.356 | DEBUG    | androguard.core.axml:getAttributeValueType:1027 - 3
2026-08-16 04:59:35.356 | DEBUG    | androguard.core.axml:getAttributeValueData:1038 - 3
2026-08-16 04:59:35.356 | DEBUG    | androguard.core.axml:__init__:1195 - found an attribute: {http://schemas.android.com/apk/res/android}directBootAware='b'false''
2026-08-16 04:59:35.356 | DEBUG    | androguard.core.axml:is_valid:575 - True
2026-08-16 04:59:35.356 | DEBUG    | androguard.core.axml:_do_next:593 - M_EVENT 2
2026-08-16 04:59:35.356 | DEBUG    | androguard.core.axml:_do_next:608 - NEXT HEADER <ARSCHeader idx='0x00006814' type='259' header_size='16' size='24'>
2026-08-16 04:59:35.356 | DEBUG    | androguard.core.axml:__init__:1146 - DEBUG ARSC TYPE 3
2026-08-16 04:59:35.356 | DEBUG    | androguard.core.axml:is_valid:575 - True
2026-08-16 04:59:35.356 | DEBUG    | androguard.core.axml:_do_next:593 - M_EVENT 3
2026-08-16 04:59:35.356 | DEBUG    | androguard.core.axml:_do_next:608 - NEXT HEADER <ARSCHeader idx='0x0000682c' type='258' header_size='16' size='116'>
2026-08-16 04:59:35.356 | DEBUG    | androguard.core.axml:__init__:1146 - DEBUG ARSC TYPE 2
2026-08-16 04:59:35.356 | DEBUG    | androguard.core.axml:__init__:1167 - START_TAG: receiver (line=149)
2026-08-16 04:59:35.356 | DEBUG    | androguard.core.axml:getAttributeNamespace:981 - 0
2026-08-16 04:59:35.356 | DEBUG    | androguard.core.axml:getAttributeUri:968 - 0
2026-08-16 04:59:35.356 | DEBUG    | androguard.core.axml:getAttributeName:997 - 0
2026-08-16 04:59:35.356 | DEBUG    | androguard.core.axml:getAttributeValueType:1027 - 0
2026-08-16 04:59:35.356 | DEBUG    | androguard.core.axml:getAttributeValueData:1038 - 0
2026-08-16 04:59:35.356 | DEBUG    | androguard.core.axml:getAttributeValue:1052 - 0
2026-08-16 04:59:35.356 | DEBUG    | androguard.core.axml:__init__:1195 - found an attribute: {http://schemas.android.com/apk/res/android}name='b'androidx.work.impl.background.systemalarm.ConstraintProxy$BatteryChargingProxy''
2026-08-16 04:59:35.356 | DEBUG    | androguard.core.axml:getAttributeNamespace:981 - 1
2026-08-16 04:59:35.356 | DEBUG    | androguard.core.axml:getAttributeUri:968 - 1
2026-08-16 04:59:35.356 | DEBUG    | androguard.core.axml:getAttributeName:997 - 1
2026-08-16 04:59:35.356 | DEBUG    | androguard.core.axml:getAttributeValueType:1027 - 1
2026-08-16 04:59:35.356 | DEBUG    | androguard.core.axml:getAttributeValueData:1038 - 1
2026-08-16 04:59:35.356 | DEBUG    | androguard.core.axml:__init__:1195 - found an attribute: {http://schemas.android.com/apk/res/android}enabled='b'false''
2026-08-16 04:59:35.356 | DEBUG    | androguard.core.axml:getAttributeNamespace:981 - 2
2026-08-16 04:59:35.356 | DEBUG    | androguard.core.axml:getAttributeUri:968 - 2
2026-08-16 04:59:35.356 | DEBUG    | androguard.core.axml:getAttributeName:997 - 2
2026-08-16 04:59:35.356 | DEBUG    | androguard.core.axml:getAttributeValueType:1027 - 2
2026-08-16 04:59:35.356 | DEBUG    | androguard.core.axml:getAttributeValueData:1038 - 2
2026-08-16 04:59:35.356 | DEBUG    | androguard.core.axml:__init__:1195 - found an attribute: {http://schemas.android.com/apk/res/android}exported='b'false''
2026-08-16 04:59:35.356 | DEBUG    | androguard.core.axml:getAttributeNamespace:981 - 3
2026-08-16 04:59:35.356 | DEBUG    | androguard.core.axml:getAttributeUri:968 - 3
2026-08-16 04:59:35.356 | DEBUG    | androguard.core.axml:getAttributeName:997 - 3
2026-08-16 04:59:35.356 | DEBUG    | androguard.core.axml:getAttributeValueType:1027 - 3
2026-08-16 04:59:35.356 | DEBUG    | androguard.core.axml:getAttributeValueData:1038 - 3
2026-08-16 04:59:35.356 | DEBUG    | androguard.core.axml:__init__:1195 - found an attribute: {http://schemas.android.com/apk/res/android}directBootAware='b'false''
2026-08-16 04:59:35.356 | DEBUG    | androguard.core.axml:is_valid:575 - True
2026-08-16 04:59:35.356 | DEBUG    | androguard.core.axml:_do_next:593 - M_EVENT 2
2026-08-16 04:59:35.356 | DEBUG    | androguard.core.axml:_do_next:608 - NEXT HEADER <ARSCHeader idx='0x000068a0' type='258' header_size='16' size='36'>
2026-08-16 04:59:35.356 | DEBUG    | androguard.core.axml:__init__:1146 - DEBUG ARSC TYPE 2
2026-08-16 04:59:35.356 | DEBUG    | androguard.core.axml:__init__:1167 - START_TAG: intent-filter (line=150)
2026-08-16 04:59:35.356 | DEBUG    | androguard.core.axml:is_valid:575 - True
2026-08-16 04:59:35.356 | DEBUG    | androguard.core.axml:_do_next:593 - M_EVENT 2
2026-08-16 04:59:35.356 | DEBUG    | androguard.core.axml:_do_next:608 - NEXT HEADER <ARSCHeader idx='0x000068c4' type='258' header_size='16' size='56'>
2026-08-16 04:59:35.356 | DEBUG    | androguard.core.axml:__init__:1146 - DEBUG ARSC TYPE 2
2026-08-16 04:59:35.356 | DEBUG    | androguard.core.axml:__init__:1167 - START_TAG: action (line=151)
2026-08-16 04:59:35.356 | DEBUG    | androguard.core.axml:getAttributeNamespace:981 - 0
2026-08-16 04:59:35.356 | DEBUG    | androguard.core.axml:getAttributeUri:968 - 0
2026-08-16 04:59:35.356 | DEBUG    | androguard.core.axml:getAttributeName:997 - 0
2026-08-16 04:59:35.356 | DEBUG    | androguard.core.axml:getAttributeValueType:1027 - 0
2026-08-16 04:59:35.356 | DEBUG    | androguard.core.axml:getAttributeValueData:1038 - 0
2026-08-16 04:59:35.356 | DEBUG    | androguard.core.axml:getAttributeValue:1052 - 0
2026-08-16 04:59:35.356 | DEBUG    | androguard.core.axml:__init__:1195 - found an attribute: {http://schemas.android.com/apk/res/android}name='b'android.intent.action.ACTION_POWER_CONNECTED''
2026-08-16 04:59:35.356 | DEBUG    | androguard.core.axml:is_valid:575 - True
2026-08-16 04:59:35.356 | DEBUG    | androguard.core.axml:_do_next:593 - M_EVENT 2
2026-08-16 04:59:35.356 | DEBUG    | androguard.core.axml:_do_next:608 - NEXT HEADER <ARSCHeader idx='0x000068fc' type='259' header_size='16' size='24'>
2026-08-16 04:59:35.356 | DEBUG    | androguard.core.axml:__init__:1146 - DEBUG ARSC TYPE 3
2026-08-16 04:59:35.356 | DEBUG    | androguard.core.axml:is_valid:575 - True
2026-08-16 04:59:35.356 | DEBUG    | androguard.core.axml:_do_next:593 - M_EVENT 3
2026-08-16 04:59:35.356 | DEBUG    | androguard.core.axml:_do_next:608 - NEXT HEADER <ARSCHeader idx='0x00006914' type='258' header_size='16' size='56'>
2026-08-16 04:59:35.356 | DEBUG    | androguard.core.axml:__init__:1146 - DEBUG ARSC TYPE 2
2026-08-16 04:59:35.356 | DEBUG    | androguard.core.axml:__init__:1167 - START_TAG: action (line=152)
2026-08-16 04:59:35.356 | DEBUG    | androguard.core.axml:getAttributeNamespace:981 - 0
2026-08-16 04:59:35.356 | DEBUG    | androguard.core.axml:getAttributeUri:968 - 0
2026-08-16 04:59:35.356 | DEBUG    | androguard.core.axml:getAttributeName:997 - 0
2026-08-16 04:59:35.356 | DEBUG    | androguard.core.axml:getAttributeValueType:1027 - 0
2026-08-16 04:59:35.356 | DEBUG    | androguard.core.axml:getAttributeValueData:1038 - 0
2026-08-16 04:59:35.356 | DEBUG    | androguard.core.axml:getAttributeValue:1052 - 0
2026-08-16 04:59:35.356 | DEBUG    | androguard.core.axml:__init__:1195 - found an attribute: {http://schemas.android.com/apk/res/android}name='b'android.intent.action.ACTION_POWER_DISCONNECTED''
2026-08-16 04:59:35.356 | DEBUG    | androguard.core.axml:is_valid:575 - True
2026-08-16 04:59:35.356 | DEBUG    | androguard.core.axml:_do_next:593 - M_EVENT 2
2026-08-16 04:59:35.356 | DEBUG    | androguard.core.axml:_do_next:608 - NEXT HEADER <ARSCHeader idx='0x0000694c' type='259' header_size='16' size='24'>
2026-08-16 04:59:35.356 | DEBUG    | androguard.core.axml:__init__:1146 - DEBUG ARSC TYPE 3
2026-08-16 04:59:35.356 | DEBUG    | androguard.core.axml:is_valid:575 - True
2026-08-16 04:59:35.356 | DEBUG    | androguard.core.axml:_do_next:593 - M_EVENT 3
2026-08-16 04:59:35.356 | DEBUG    | androguard.core.axml:_do_next:608 - NEXT HEADER <ARSCHeader idx='0x00006964' type='259' header_size='16' size='24'>
2026-08-16 04:59:35.356 | DEBUG    | androguard.core.axml:__init__:1146 - DEBUG ARSC TYPE 3
2026-08-16 04:59:35.356 | DEBUG    | androguard.core.axml:is_valid:575 - True
2026-08-16 04:59:35.356 | DEBUG    | androguard.core.axml:_do_next:593 - M_EVENT 3
2026-08-16 04:59:35.356 | DEBUG    | androguard.core.axml:_do_next:608 - NEXT HEADER <ARSCHeader idx='0x0000697c' type='259' header_size='16' size='24'>
2026-08-16 04:59:35.356 | DEBUG    | androguard.core.axml:__init__:1146 - DEBUG ARSC TYPE 3
2026-08-16 04:59:35.356 | DEBUG    | androguard.core.axml:is_valid:575 - True
2026-08-16 04:59:35.356 | DEBUG    | androguard.core.axml:_do_next:593 - M_EVENT 3
2026-08-16 04:59:35.356 | DEBUG    | androguard.core.axml:_do_next:608 - NEXT HEADER <ARSCHeader idx='0x00006994' type='258' header_size='16' size='116'>
2026-08-16 04:59:35.356 | DEBUG    | androguard.core.axml:__init__:1146 - DEBUG ARSC TYPE 2
2026-08-16 04:59:35.356 | DEBUG    | androguard.core.axml:__init__:1167 - START_TAG: receiver (line=155)
2026-08-16 04:59:35.356 | DEBUG    | androguard.core.axml:getAttributeNamespace:981 - 0
2026-08-16 04:59:35.356 | DEBUG    | androguard.core.axml:getAttributeUri:968 - 0
2026-08-16 04:59:35.356 | DEBUG    | androguard.core.axml:getAttributeName:997 - 0
2026-08-16 04:59:35.356 | DEBUG    | androguard.core.axml:getAttributeValueType:1027 - 0
2026-08-16 04:59:35.356 | DEBUG    | androguard.core.axml:getAttributeValueData:1038 - 0
2026-08-16 04:59:35.356 | DEBUG    | androguard.core.axml:getAttributeValue:1052 - 0
2026-08-16 04:59:35.356 | DEBUG    | androguard.core.axml:__init__:1195 - found an attribute: {http://schemas.android.com/apk/res/android}name='b'androidx.work.impl.background.systemalarm.ConstraintProxy$BatteryNotLowProxy''
2026-08-16 04:59:35.357 | DEBUG    | androguard.core.axml:getAttributeNamespace:981 - 1
2026-08-16 04:59:35.357 | DEBUG    | androguard.core.axml:getAttributeUri:968 - 1
2026-08-16 04:59:35.357 | DEBUG    | androguard.core.axml:getAttributeName:997 - 1
2026-08-16 04:59:35.357 | DEBUG    | androguard.core.axml:getAttributeValueType:1027 - 1
2026-08-16 04:59:35.357 | DEBUG    | androguard.core.axml:getAttributeValueData:1038 - 1
2026-08-16 04:59:35.357 | DEBUG    | androguard.core.axml:__init__:1195 - found an attribute: {http://schemas.android.com/apk/res/android}enabled='b'false''
2026-08-16 04:59:35.357 | DEBUG    | androguard.core.axml:getAttributeNamespace:981 - 2
2026-08-16 04:59:35.357 | DEBUG    | androguard.core.axml:getAttributeUri:968 - 2
2026-08-16 04:59:35.357 | DEBUG    | androguard.core.axml:getAttributeName:997 - 2
2026-08-16 04:59:35.357 | DEBUG    | androguard.core.axml:getAttributeValueType:1027 - 2
2026-08-16 04:59:35.357 | DEBUG    | androguard.core.axml:getAttributeValueData:1038 - 2
2026-08-16 04:59:35.357 | DEBUG    | androguard.core.axml:__init__:1195 - found an attribute: {http://schemas.android.com/apk/res/android}exported='b'false''
2026-08-16 04:59:35.357 | DEBUG    | androguard.core.axml:getAttributeNamespace:981 - 3
2026-08-16 04:59:35.357 | DEBUG    | androguard.core.axml:getAttributeUri:968 - 3
2026-08-16 04:59:35.357 | DEBUG    | androguard.core.axml:getAttributeName:997 - 3
2026-08-16 04:59:35.357 | DEBUG    | androguard.core.axml:getAttributeValueType:1027 - 3
2026-08-16 04:59:35.357 | DEBUG    | androguard.core.axml:getAttributeValueData:1038 - 3
2026-08-16 04:59:35.357 | DEBUG    | androguard.core.axml:__init__:1195 - found an attribute: {http://schemas.android.com/apk/res/android}directBootAware='b'false''
2026-08-16 04:59:35.357 | DEBUG    | androguard.core.axml:is_valid:575 - True
2026-08-16 04:59:35.357 | DEBUG    | androguard.core.axml:_do_next:593 - M_EVENT 2
2026-08-16 04:59:35.357 | DEBUG    | androguard.core.axml:_do_next:608 - NEXT HEADER <ARSCHeader idx='0x00006a08' type='258' header_size='16' size='36'>
2026-08-16 04:59:35.357 | DEBUG    | androguard.core.axml:__init__:1146 - DEBUG ARSC TYPE 2
2026-08-16 04:59:35.357 | DEBUG    | androguard.core.axml:__init__:1167 - START_TAG: intent-filter (line=156)
2026-08-16 04:59:35.357 | DEBUG    | androguard.core.axml:is_valid:575 - True
2026-08-16 04:59:35.357 | DEBUG    | androguard.core.axml:_do_next:593 - M_EVENT 2
2026-08-16 04:59:35.357 | DEBUG    | androguard.core.axml:_do_next:608 - NEXT HEADER <ARSCHeader idx='0x00006a2c' type='258' header_size='16' size='56'>
2026-08-16 04:59:35.357 | DEBUG    | androguard.core.axml:__init__:1146 - DEBUG ARSC TYPE 2
2026-08-16 04:59:35.357 | DEBUG    | androguard.core.axml:__init__:1167 - START_TAG: action (line=157)
2026-08-16 04:59:35.357 | DEBUG    | androguard.core.axml:getAttributeNamespace:981 - 0
2026-08-16 04:59:35.357 | DEBUG    | androguard.core.axml:getAttributeUri:968 - 0
2026-08-16 04:59:35.357 | DEBUG    | androguard.core.axml:getAttributeName:997 - 0
2026-08-16 04:59:35.357 | DEBUG    | androguard.core.axml:getAttributeValueType:1027 - 0
2026-08-16 04:59:35.357 | DEBUG    | androguard.core.axml:getAttributeValueData:1038 - 0
2026-08-16 04:59:35.357 | DEBUG    | androguard.core.axml:getAttributeValue:1052 - 0
2026-08-16 04:59:35.357 | DEBUG    | androguard.core.axml:__init__:1195 - found an attribute: {http://schemas.android.com/apk/res/android}name='b'android.intent.action.BATTERY_OKAY''
2026-08-16 04:59:35.357 | DEBUG    | androguard.core.axml:is_valid:575 - True
2026-08-16 04:59:35.357 | DEBUG    | androguard.core.axml:_do_next:593 - M_EVENT 2
2026-08-16 04:59:35.357 | DEBUG    | androguard.core.axml:_do_next:608 - NEXT HEADER <ARSCHeader idx='0x00006a64' type='259' header_size='16' size='24'>
2026-08-16 04:59:35.357 | DEBUG    | androguard.core.axml:__init__:1146 - DEBUG ARSC TYPE 3
2026-08-16 04:59:35.357 | DEBUG    | androguard.core.axml:is_valid:575 - True
2026-08-16 04:59:35.357 | DEBUG    | androguard.core.axml:_do_next:593 - M_EVENT 3
2026-08-16 04:59:35.357 | DEBUG    | androguard.core.axml:_do_next:608 - NEXT HEADER <ARSCHeader idx='0x00006a7c' type='258' header_size='16' size='56'>
2026-08-16 04:59:35.357 | DEBUG    | androguard.core.axml:__init__:1146 - DEBUG ARSC TYPE 2
2026-08-16 04:59:35.357 | DEBUG    | androguard.core.axml:__init__:1167 - START_TAG: action (line=158)
2026-08-16 04:59:35.357 | DEBUG    | androguard.core.axml:getAttributeNamespace:981 - 0
2026-08-16 04:59:35.357 | DEBUG    | androguard.core.axml:getAttributeUri:968 - 0
2026-08-16 04:59:35.357 | DEBUG    | androguard.core.axml:getAttributeName:997 - 0
2026-08-16 04:59:35.358 | DEBUG    | androguard.core.axml:getAttributeValueType:1027 - 0
2026-08-16 04:59:35.358 | DEBUG    | androguard.core.axml:getAttributeValueData:1038 - 0
2026-08-16 04:59:35.358 | DEBUG    | androguard.core.axml:getAttributeValue:1052 - 0
2026-08-16 04:59:35.358 | DEBUG    | androguard.core.axml:__init__:1195 - found an attribute: {http://schemas.android.com/apk/res/android}name='b'android.intent.action.BATTERY_LOW''
2026-08-16 04:59:35.358 | DEBUG    | androguard.core.axml:is_valid:575 - True
2026-08-16 04:59:35.359 | DEBUG    | androguard.core.axml:_do_next:593 - M_EVENT 2
2026-08-16 04:59:35.359 | DEBUG    | androguard.core.axml:_do_next:608 - NEXT HEADER <ARSCHeader idx='0x00006ab4' type='259' header_size='16' size='24'>
2026-08-16 04:59:35.359 | DEBUG    | androguard.core.axml:__init__:1146 - DEBUG ARSC TYPE 3
2026-08-16 04:59:35.359 | DEBUG    | androguard.core.axml:is_valid:575 - True
2026-08-16 04:59:35.359 | DEBUG    | androguard.core.axml:_do_next:593 - M_EVENT 3
2026-08-16 04:59:35.359 | DEBUG    | androguard.core.axml:_do_next:608 - NEXT HEADER <ARSCHeader idx='0x00006acc' type='259' header_size='16' size='24'>
2026-08-16 04:59:35.359 | DEBUG    | androguard.core.axml:__init__:1146 - DEBUG ARSC TYPE 3
2026-08-16 04:59:35.359 | DEBUG    | androguard.core.axml:is_valid:575 - True
2026-08-16 04:59:35.359 | DEBUG    | androguard.core.axml:_do_next:593 - M_EVENT 3
2026-08-16 04:59:35.359 | DEBUG    | androguard.core.axml:_do_next:608 - NEXT HEADER <ARSCHeader idx='0x00006ae4' type='259' header_size='16' size='24'>
2026-08-16 04:59:35.359 | DEBUG    | androguard.core.axml:__init__:1146 - DEBUG ARSC TYPE 3
2026-08-16 04:59:35.359 | DEBUG    | androguard.core.axml:is_valid:575 - True
2026-08-16 04:59:35.359 | DEBUG    | androguard.core.axml:_do_next:593 - M_EVENT 3
2026-08-16 04:59:35.359 | DEBUG    | androguard.core.axml:_do_next:608 - NEXT HEADER <ARSCHeader idx='0x00006afc' type='258' header_size='16' size='116'>
2026-08-16 04:59:35.359 | DEBUG    | androguard.core.axml:__init__:1146 - DEBUG ARSC TYPE 2
2026-08-16 04:59:35.359 | DEBUG    | androguard.core.axml:__init__:1167 - START_TAG: receiver (line=161)
2026-08-16 04:59:35.359 | DEBUG    | androguard.core.axml:getAttributeNamespace:981 - 0
2026-08-16 04:59:35.359 | DEBUG    | androguard.core.axml:getAttributeUri:968 - 0
2026-08-16 04:59:35.359 | DEBUG    | androguard.core.axml:getAttributeName:997 - 0
2026-08-16 04:59:35.359 | DEBUG    | androguard.core.axml:getAttributeValueType:1027 - 0
2026-08-16 04:59:35.359 | DEBUG    | androguard.core.axml:getAttributeValueData:1038 - 0
2026-08-16 04:59:35.359 | DEBUG    | androguard.core.axml:getAttributeValue:1052 - 0
2026-08-16 04:59:35.359 | DEBUG    | androguard.core.axml:__init__:1195 - found an attribute: {http://schemas.android.com/apk/res/android}name='b'androidx.work.impl.background.systemalarm.ConstraintProxy$StorageNotLowProxy''
2026-08-16 04:59:35.359 | DEBUG    | androguard.core.axml:getAttributeNamespace:981 - 1
2026-08-16 04:59:35.359 | DEBUG    | androguard.core.axml:getAttributeUri:968 - 1
2026-08-16 04:59:35.359 | DEBUG    | androguard.core.axml:getAttributeName:997 - 1
2026-08-16 04:59:35.359 | DEBUG    | androguard.core.axml:getAttributeValueType:1027 - 1
2026-08-16 04:59:35.359 | DEBUG    | androguard.core.axml:getAttributeValueData:1038 - 1
2026-08-16 04:59:35.359 | DEBUG    | androguard.core.axml:__init__:1195 - found an attribute: {http://schemas.android.com/apk/res/android}enabled='b'false''
2026-08-16 04:59:35.359 | DEBUG    | androguard.core.axml:getAttributeNamespace:981 - 2
2026-08-16 04:59:35.359 | DEBUG    | androguard.core.axml:getAttributeUri:968 - 2
2026-08-16 04:59:35.359 | DEBUG    | androguard.core.axml:getAttributeName:997 - 2
2026-08-16 04:59:35.359 | DEBUG    | androguard.core.axml:getAttributeValueType:1027 - 2
2026-08-16 04:59:35.359 | DEBUG    | androguard.core.axml:getAttributeValueData:1038 - 2
2026-08-16 04:59:35.359 | DEBUG    | androguard.core.axml:__init__:1195 - found an attribute: {http://schemas.android.com/apk/res/android}exported='b'false''
2026-08-16 04:59:35.359 | DEBUG    | androguard.core.axml:getAttributeNamespace:981 - 3
2026-08-16 04:59:35.359 | DEBUG    | androguard.core.axml:getAttributeUri:968 - 3
2026-08-16 04:59:35.359 | DEBUG    | androguard.core.axml:getAttributeName:997 - 3
2026-08-16 04:59:35.359 | DEBUG    | androguard.core.axml:getAttributeValueType:1027 - 3
2026-08-16 04:59:35.359 | DEBUG    | androguard.core.axml:getAttributeValueData:1038 - 3
2026-08-16 04:59:35.359 | DEBUG    | androguard.core.axml:__init__:1195 - found an attribute: {http://schemas.android.com/apk/res/android}directBootAware='b'false''
2026-08-16 04:59:35.359 | DEBUG    | androguard.core.axml:is_valid:575 - True
2026-08-16 04:59:35.359 | DEBUG    | androguard.core.axml:_do_next:593 - M_EVENT 2
2026-08-16 04:59:35.359 | DEBUG    | androguard.core.axml:_do_next:608 - NEXT HEADER <ARSCHeader idx='0x00006b70' type='258' header_size='16' size='36'>
2026-08-16 04:59:35.359 | DEBUG    | androguard.core.axml:__init__:1146 - DEBUG ARSC TYPE 2
2026-08-16 04:59:35.359 | DEBUG    | androguard.core.axml:__init__:1167 - START_TAG: intent-filter (line=162)
2026-08-16 04:59:35.359 | DEBUG    | androguard.core.axml:is_valid:575 - True
2026-08-16 04:59:35.359 | DEBUG    | androguard.core.axml:_do_next:593 - M_EVENT 2
2026-08-16 04:59:35.359 | DEBUG    | androguard.core.axml:_do_next:608 - NEXT HEADER <ARSCHeader idx='0x00006b94' type='258' header_size='16' size='56'>
2026-08-16 04:59:35.359 | DEBUG    | androguard.core.axml:__init__:1146 - DEBUG ARSC TYPE 2
2026-08-16 04:59:35.359 | DEBUG    | androguard.core.axml:__init__:1167 - START_TAG: action (line=163)
2026-08-16 04:59:35.359 | DEBUG    | androguard.core.axml:getAttributeNamespace:981 - 0
2026-08-16 04:59:35.359 | DEBUG    | androguard.core.axml:getAttributeUri:968 - 0
2026-08-16 04:59:35.359 | DEBUG    | androguard.core.axml:getAttributeName:997 - 0
2026-08-16 04:59:35.359 | DEBUG    | androguard.core.axml:getAttributeValueType:1027 - 0
2026-08-16 04:59:35.359 | DEBUG    | androguard.core.axml:getAttributeValueData:1038 - 0
2026-08-16 04:59:35.359 | DEBUG    | androguard.core.axml:getAttributeValue:1052 - 0
2026-08-16 04:59:35.359 | DEBUG    | androguard.core.axml:__init__:1195 - found an attribute: {http://schemas.android.com/apk/res/android}name='b'android.intent.action.DEVICE_STORAGE_LOW''
2026-08-16 04:59:35.359 | DEBUG    | androguard.core.axml:is_valid:575 - True
2026-08-16 04:59:35.359 | DEBUG    | androguard.core.axml:_do_next:593 - M_EVENT 2
2026-08-16 04:59:35.359 | DEBUG    | androguard.core.axml:_do_next:608 - NEXT HEADER <ARSCHeader idx='0x00006bcc' type='259' header_size='16' size='24'>
2026-08-16 04:59:35.359 | DEBUG    | androguard.core.axml:__init__:1146 - DEBUG ARSC TYPE 3
2026-08-16 04:59:35.359 | DEBUG    | androguard.core.axml:is_valid:575 - True
2026-08-16 04:59:35.359 | DEBUG    | androguard.core.axml:_do_next:593 - M_EVENT 3
2026-08-16 04:59:35.359 | DEBUG    | androguard.core.axml:_do_next:608 - NEXT HEADER <ARSCHeader idx='0x00006be4' type='258' header_size='16' size='56'>
2026-08-16 04:59:35.359 | DEBUG    | androguard.core.axml:__init__:1146 - DEBUG ARSC TYPE 2
2026-08-16 04:59:35.359 | DEBUG    | androguard.core.axml:__init__:1167 - START_TAG: action (line=164)
2026-08-16 04:59:35.359 | DEBUG    | androguard.core.axml:getAttributeNamespace:981 - 0
2026-08-16 04:59:35.359 | DEBUG    | androguard.core.axml:getAttributeUri:968 - 0
2026-08-16 04:59:35.359 | DEBUG    | androguard.core.axml:getAttributeName:997 - 0
2026-08-16 04:59:35.359 | DEBUG    | androguard.core.axml:getAttributeValueType:1027 - 0
2026-08-16 04:59:35.359 | DEBUG    | androguard.core.axml:getAttributeValueData:1038 - 0
2026-08-16 04:59:35.359 | DEBUG    | androguard.core.axml:getAttributeValue:1052 - 0
2026-08-16 04:59:35.359 | DEBUG    | androguard.core.axml:__init__:1195 - found an attribute: {http://schemas.android.com/apk/res/android}name='b'android.intent.action.DEVICE_STORAGE_OK''
2026-08-16 04:59:35.359 | DEBUG    | androguard.core.axml:is_valid:575 - True
2026-08-16 04:59:35.359 | DEBUG    | androguard.core.axml:_do_next:593 - M_EVENT 2
2026-08-16 04:59:35.359 | DEBUG    | androguard.core.axml:_do_next:608 - NEXT HEADER <ARSCHeader idx='0x00006c1c' type='259' header_size='16' size='24'>
2026-08-16 04:59:35.359 | DEBUG    | androguard.core.axml:__init__:1146 - DEBUG ARSC TYPE 3
2026-08-16 04:59:35.359 | DEBUG    | androguard.core.axml:is_valid:575 - True
2026-08-16 04:59:35.359 | DEBUG    | androguard.core.axml:_do_next:593 - M_EVENT 3
2026-08-16 04:59:35.359 | DEBUG    | androguard.core.axml:_do_next:608 - NEXT HEADER <ARSCHeader idx='0x00006c34' type='259' header_size='16' size='24'>
2026-08-16 04:59:35.359 | DEBUG    | androguard.core.axml:__init__:1146 - DEBUG ARSC TYPE 3
2026-08-16 04:59:35.359 | DEBUG    | androguard.core.axml:is_valid:575 - True
2026-08-16 04:59:35.359 | DEBUG    | androguard.core.axml:_do_next:593 - M_EVENT 3
2026-08-16 04:59:35.359 | DEBUG    | androguard.core.axml:_do_next:608 - NEXT HEADER <ARSCHeader idx='0x00006c4c' type='259' header_size='16' size='24'>
2026-08-16 04:59:35.359 | DEBUG    | androguard.core.axml:__init__:1146 - DEBUG ARSC TYPE 3
2026-08-16 04:59:35.359 | DEBUG    | androguard.core.axml:is_valid:575 - True
2026-08-16 04:59:35.359 | DEBUG    | androguard.core.axml:_do_next:593 - M_EVENT 3
2026-08-16 04:59:35.359 | DEBUG    | androguard.core.axml:_do_next:608 - NEXT HEADER <ARSCHeader idx='0x00006c64' type='258' header_size='16' size='116'>
2026-08-16 04:59:35.359 | DEBUG    | androguard.core.axml:__init__:1146 - DEBUG ARSC TYPE 2
2026-08-16 04:59:35.359 | DEBUG    | androguard.core.axml:__init__:1167 - START_TAG: receiver (line=167)
2026-08-16 04:59:35.359 | DEBUG    | androguard.core.axml:getAttributeNamespace:981 - 0
2026-08-16 04:59:35.359 | DEBUG    | androguard.core.axml:getAttributeUri:968 - 0
2026-08-16 04:59:35.359 | DEBUG    | androguard.core.axml:getAttributeName:997 - 0
2026-08-16 04:59:35.359 | DEBUG    | androguard.core.axml:getAttributeValueType:1027 - 0
2026-08-16 04:59:35.359 | DEBUG    | androguard.core.axml:getAttributeValueData:1038 - 0
2026-08-16 04:59:35.359 | DEBUG    | androguard.core.axml:getAttributeValue:1052 - 0
2026-08-16 04:59:35.359 | DEBUG    | androguard.core.axml:__init__:1195 - found an attribute: {http://schemas.android.com/apk/res/android}name='b'androidx.work.impl.background.systemalarm.ConstraintProxy$NetworkStateProxy''
2026-08-16 04:59:35.359 | DEBUG    | androguard.core.axml:getAttributeNamespace:981 - 1
2026-08-16 04:59:35.359 | DEBUG    | androguard.core.axml:getAttributeUri:968 - 1
2026-08-16 04:59:35.359 | DEBUG    | androguard.core.axml:getAttributeName:997 - 1
2026-08-16 04:59:35.359 | DEBUG    | androguard.core.axml:getAttributeValueType:1027 - 1
2026-08-16 04:59:35.359 | DEBUG    | androguard.core.axml:getAttributeValueData:1038 - 1
2026-08-16 04:59:35.359 | DEBUG    | androguard.core.axml:__init__:1195 - found an attribute: {http://schemas.android.com/apk/res/android}enabled='b'false''
2026-08-16 04:59:35.359 | DEBUG    | androguard.core.axml:getAttributeNamespace:981 - 2
2026-08-16 04:59:35.359 | DEBUG    | androguard.core.axml:getAttributeUri:968 - 2
2026-08-16 04:59:35.359 | DEBUG    | androguard.core.axml:getAttributeName:997 - 2
2026-08-16 04:59:35.359 | DEBUG    | androguard.core.axml:getAttributeValueType:1027 - 2
2026-08-16 04:59:35.359 | DEBUG    | androguard.core.axml:getAttributeValueData:1038 - 2
2026-08-16 04:59:35.359 | DEBUG    | androguard.core.axml:__init__:1195 - found an attribute: {http://schemas.android.com/apk/res/android}exported='b'false''
2026-08-16 04:59:35.359 | DEBUG    | androguard.core.axml:getAttributeNamespace:981 - 3
2026-08-16 04:59:35.359 | DEBUG    | androguard.core.axml:getAttributeUri:968 - 3
2026-08-16 04:59:35.359 | DEBUG    | androguard.core.axml:getAttributeName:997 - 3
2026-08-16 04:59:35.359 | DEBUG    | androguard.core.axml:getAttributeValueType:1027 - 3
2026-08-16 04:59:35.359 | DEBUG    | androguard.core.axml:getAttributeValueData:1038 - 3
2026-08-16 04:59:35.359 | DEBUG    | androguard.core.axml:__init__:1195 - found an attribute: {http://schemas.android.com/apk/res/android}directBootAware='b'false''
2026-08-16 04:59:35.359 | DEBUG    | androguard.core.axml:is_valid:575 - True
2026-08-16 04:59:35.359 | DEBUG    | androguard.core.axml:_do_next:593 - M_EVENT 2
2026-08-16 04:59:35.359 | DEBUG    | androguard.core.axml:_do_next:608 - NEXT HEADER <ARSCHeader idx='0x00006cd8' type='258' header_size='16' size='36'>
2026-08-16 04:59:35.359 | DEBUG    | androguard.core.axml:__init__:1146 - DEBUG ARSC TYPE 2
2026-08-16 04:59:35.360 | DEBUG    | androguard.core.axml:__init__:1167 - START_TAG: intent-filter (line=168)
2026-08-16 04:59:35.360 | DEBUG    | androguard.core.axml:is_valid:575 - True
2026-08-16 04:59:35.360 | DEBUG    | androguard.core.axml:_do_next:593 - M_EVENT 2
2026-08-16 04:59:35.360 | DEBUG    | androguard.core.axml:_do_next:608 - NEXT HEADER <ARSCHeader idx='0x00006cfc' type='258' header_size='16' size='56'>
2026-08-16 04:59:35.360 | DEBUG    | androguard.core.axml:__init__:1146 - DEBUG ARSC TYPE 2
2026-08-16 04:59:35.360 | DEBUG    | androguard.core.axml:__init__:1167 - START_TAG: action (line=169)
2026-08-16 04:59:35.360 | DEBUG    | androguard.core.axml:getAttributeNamespace:981 - 0
2026-08-16 04:59:35.360 | DEBUG    | androguard.core.axml:getAttributeUri:968 - 0
2026-08-16 04:59:35.360 | DEBUG    | androguard.core.axml:getAttributeName:997 - 0
2026-08-16 04:59:35.360 | DEBUG    | androguard.core.axml:getAttributeValueType:1027 - 0
2026-08-16 04:59:35.360 | DEBUG    | androguard.core.axml:getAttributeValueData:1038 - 0
2026-08-16 04:59:35.360 | DEBUG    | androguard.core.axml:getAttributeValue:1052 - 0
2026-08-16 04:59:35.360 | DEBUG    | androguard.core.axml:__init__:1195 - found an attribute: {http://schemas.android.com/apk/res/android}name='b'android.net.conn.CONNECTIVITY_CHANGE''
2026-08-16 04:59:35.360 | DEBUG    | androguard.core.axml:is_valid:575 - True
2026-08-16 04:59:35.360 | DEBUG    | androguard.core.axml:_do_next:593 - M_EVENT 2
2026-08-16 04:59:35.360 | DEBUG    | androguard.core.axml:_do_next:608 - NEXT HEADER <ARSCHeader idx='0x00006d34' type='259' header_size='16' size='24'>
2026-08-16 04:59:35.360 | DEBUG    | androguard.core.axml:__init__:1146 - DEBUG ARSC TYPE 3
2026-08-16 04:59:35.360 | DEBUG    | androguard.core.axml:is_valid:575 - True
2026-08-16 04:59:35.360 | DEBUG    | androguard.core.axml:_do_next:593 - M_EVENT 3
2026-08-16 04:59:35.360 | DEBUG    | androguard.core.axml:_do_next:608 - NEXT HEADER <ARSCHeader idx='0x00006d4c' type='259' header_size='16' size='24'>
2026-08-16 04:59:35.360 | DEBUG    | androguard.core.axml:__init__:1146 - DEBUG ARSC TYPE 3
2026-08-16 04:59:35.360 | DEBUG    | androguard.core.axml:is_valid:575 - True
2026-08-16 04:59:35.360 | DEBUG    | androguard.core.axml:_do_next:593 - M_EVENT 3
2026-08-16 04:59:35.360 | DEBUG    | androguard.core.axml:_do_next:608 - NEXT HEADER <ARSCHeader idx='0x00006d64' type='259' header_size='16' size='24'>
2026-08-16 04:59:35.360 | DEBUG    | androguard.core.axml:__init__:1146 - DEBUG ARSC TYPE 3
2026-08-16 04:59:35.360 | DEBUG    | androguard.core.axml:is_valid:575 - True
2026-08-16 04:59:35.360 | DEBUG    | androguard.core.axml:_do_next:593 - M_EVENT 3
2026-08-16 04:59:35.360 | DEBUG    | androguard.core.axml:_do_next:608 - NEXT HEADER <ARSCHeader idx='0x00006d7c' type='258' header_size='16' size='116'>
2026-08-16 04:59:35.360 | DEBUG    | androguard.core.axml:__init__:1146 - DEBUG ARSC TYPE 2
2026-08-16 04:59:35.360 | DEBUG    | androguard.core.axml:__init__:1167 - START_TAG: receiver (line=172)
2026-08-16 04:59:35.360 | DEBUG    | androguard.core.axml:getAttributeNamespace:981 - 0
2026-08-16 04:59:35.360 | DEBUG    | androguard.core.axml:getAttributeUri:968 - 0
2026-08-16 04:59:35.360 | DEBUG    | androguard.core.axml:getAttributeName:997 - 0
2026-08-16 04:59:35.360 | DEBUG    | androguard.core.axml:getAttributeValueType:1027 - 0
2026-08-16 04:59:35.360 | DEBUG    | androguard.core.axml:getAttributeValueData:1038 - 0
2026-08-16 04:59:35.360 | DEBUG    | androguard.core.axml:getAttributeValue:1052 - 0
2026-08-16 04:59:35.360 | DEBUG    | androguard.core.axml:__init__:1195 - found an attribute: {http://schemas.android.com/apk/res/android}name='b'androidx.work.impl.background.systemalarm.RescheduleReceiver''
2026-08-16 04:59:35.360 | DEBUG    | androguard.core.axml:getAttributeNamespace:981 - 1
2026-08-16 04:59:35.360 | DEBUG    | androguard.core.axml:getAttributeUri:968 - 1
2026-08-16 04:59:35.360 | DEBUG    | androguard.core.axml:getAttributeName:997 - 1
2026-08-16 04:59:35.360 | DEBUG    | androguard.core.axml:getAttributeValueType:1027 - 1
2026-08-16 04:59:35.360 | DEBUG    | androguard.core.axml:getAttributeValueData:1038 - 1
2026-08-16 04:59:35.360 | DEBUG    | androguard.core.axml:__init__:1195 - found an attribute: {http://schemas.android.com/apk/res/android}enabled='b'false''
2026-08-16 04:59:35.360 | DEBUG    | androguard.core.axml:getAttributeNamespace:981 - 2
2026-08-16 04:59:35.360 | DEBUG    | androguard.core.axml:getAttributeUri:968 - 2
2026-08-16 04:59:35.360 | DEBUG    | androguard.core.axml:getAttributeName:997 - 2
2026-08-16 04:59:35.360 | DEBUG    | androguard.core.axml:getAttributeValueType:1027 - 2
2026-08-16 04:59:35.360 | DEBUG    | androguard.core.axml:getAttributeValueData:1038 - 2
2026-08-16 04:59:35.360 | DEBUG    | androguard.core.axml:__init__:1195 - found an attribute: {http://schemas.android.com/apk/res/android}exported='b'false''
2026-08-16 04:59:35.360 | DEBUG    | androguard.core.axml:getAttributeNamespace:981 - 3
2026-08-16 04:59:35.360 | DEBUG    | androguard.core.axml:getAttributeUri:968 - 3
2026-08-16 04:59:35.360 | DEBUG    | androguard.core.axml:getAttributeName:997 - 3
2026-08-16 04:59:35.360 | DEBUG    | androguard.core.axml:getAttributeValueType:1027 - 3
2026-08-16 04:59:35.360 | DEBUG    | androguard.core.axml:getAttributeValueData:1038 - 3
2026-08-16 04:59:35.360 | DEBUG    | androguard.core.axml:__init__:1195 - found an attribute: {http://schemas.android.com/apk/res/android}directBootAware='b'false''
2026-08-16 04:59:35.360 | DEBUG    | androguard.core.axml:is_valid:575 - True
2026-08-16 04:59:35.360 | DEBUG    | androguard.core.axml:_do_next:593 - M_EVENT 2
2026-08-16 04:59:35.360 | DEBUG    | androguard.core.axml:_do_next:608 - NEXT HEADER <ARSCHeader idx='0x00006df0' type='258' header_size='16' size='36'>
2026-08-16 04:59:35.360 | DEBUG    | androguard.core.axml:__init__:1146 - DEBUG ARSC TYPE 2
2026-08-16 04:59:35.360 | DEBUG    | androguard.core.axml:__init__:1167 - START_TAG: intent-filter (line=173)
2026-08-16 04:59:35.360 | DEBUG    | androguard.core.axml:is_valid:575 - True
2026-08-16 04:59:35.360 | DEBUG    | androguard.core.axml:_do_next:593 - M_EVENT 2
2026-08-16 04:59:35.360 | DEBUG    | androguard.core.axml:_do_next:608 - NEXT HEADER <ARSCHeader idx='0x00006e14' type='258' header_size='16' size='56'>
2026-08-16 04:59:35.360 | DEBUG    | androguard.core.axml:__init__:1146 - DEBUG ARSC TYPE 2
2026-08-16 04:59:35.360 | DEBUG    | androguard.core.axml:__init__:1167 - START_TAG: action (line=174)
2026-08-16 04:59:35.360 | DEBUG    | androguard.core.axml:getAttributeNamespace:981 - 0
2026-08-16 04:59:35.360 | DEBUG    | androguard.core.axml:getAttributeUri:968 - 0
2026-08-16 04:59:35.360 | DEBUG    | androguard.core.axml:getAttributeName:997 - 0
2026-08-16 04:59:35.360 | DEBUG    | androguard.core.axml:getAttributeValueType:1027 - 0
2026-08-16 04:59:35.360 | DEBUG    | androguard.core.axml:getAttributeValueData:1038 - 0
2026-08-16 04:59:35.360 | DEBUG    | androguard.core.axml:getAttributeValue:1052 - 0
2026-08-16 04:59:35.360 | DEBUG    | androguard.core.axml:__init__:1195 - found an attribute: {http://schemas.android.com/apk/res/android}name='b'android.intent.action.BOOT_COMPLETED''
2026-08-16 04:59:35.360 | DEBUG    | androguard.core.axml:is_valid:575 - True
2026-08-16 04:59:35.360 | DEBUG    | androguard.core.axml:_do_next:593 - M_EVENT 2
2026-08-16 04:59:35.360 | DEBUG    | androguard.core.axml:_do_next:608 - NEXT HEADER <ARSCHeader idx='0x00006e4c' type='259' header_size='16' size='24'>
2026-08-16 04:59:35.360 | DEBUG    | androguard.core.axml:__init__:1146 - DEBUG ARSC TYPE 3
2026-08-16 04:59:35.360 | DEBUG    | androguard.core.axml:is_valid:575 - True
2026-08-16 04:59:35.360 | DEBUG    | androguard.core.axml:_do_next:593 - M_EVENT 3
2026-08-16 04:59:35.360 | DEBUG    | androguard.core.axml:_do_next:608 - NEXT HEADER <ARSCHeader idx='0x00006e64' type='258' header_size='16' size='56'>
2026-08-16 04:59:35.360 | DEBUG    | androguard.core.axml:__init__:1146 - DEBUG ARSC TYPE 2
2026-08-16 04:59:35.360 | DEBUG    | androguard.core.axml:__init__:1167 - START_TAG: action (line=175)
2026-08-16 04:59:35.360 | DEBUG    | androguard.core.axml:getAttributeNamespace:981 - 0
2026-08-16 04:59:35.360 | DEBUG    | androguard.core.axml:getAttributeUri:968 - 0
2026-08-16 04:59:35.360 | DEBUG    | androguard.core.axml:getAttributeName:997 - 0
2026-08-16 04:59:35.360 | DEBUG    | androguard.core.axml:getAttributeValueType:1027 - 0
2026-08-16 04:59:35.360 | DEBUG    | androguard.core.axml:getAttributeValueData:1038 - 0
2026-08-16 04:59:35.360 | DEBUG    | androguard.core.axml:getAttributeValue:1052 - 0
2026-08-16 04:59:35.360 | DEBUG    | androguard.core.axml:__init__:1195 - found an attribute: {http://schemas.android.com/apk/res/android}name='b'android.intent.action.TIME_SET''
2026-08-16 04:59:35.360 | DEBUG    | androguard.core.axml:is_valid:575 - True
2026-08-16 04:59:35.360 | DEBUG    | androguard.core.axml:_do_next:593 - M_EVENT 2
2026-08-16 04:59:35.361 | DEBUG    | androguard.core.axml:_do_next:608 - NEXT HEADER <ARSCHeader idx='0x00006e9c' type='259' header_size='16' size='24'>
2026-08-16 04:59:35.361 | DEBUG    | androguard.core.axml:__init__:1146 - DEBUG ARSC TYPE 3
2026-08-16 04:59:35.361 | DEBUG    | androguard.core.axml:is_valid:575 - True
2026-08-16 04:59:35.361 | DEBUG    | androguard.core.axml:_do_next:593 - M_EVENT 3
2026-08-16 04:59:35.361 | DEBUG    | androguard.core.axml:_do_next:608 - NEXT HEADER <ARSCHeader idx='0x00006eb4' type='258' header_size='16' size='56'>
2026-08-16 04:59:35.361 | DEBUG    | androguard.core.axml:__init__:1146 - DEBUG ARSC TYPE 2
2026-08-16 04:59:35.361 | DEBUG    | androguard.core.axml:__init__:1167 - START_TAG: action (line=176)
2026-08-16 04:59:35.361 | DEBUG    | androguard.core.axml:getAttributeNamespace:981 - 0
2026-08-16 04:59:35.361 | DEBUG    | androguard.core.axml:getAttributeUri:968 - 0
2026-08-16 04:59:35.361 | DEBUG    | androguard.core.axml:getAttributeName:997 - 0
2026-08-16 04:59:35.361 | DEBUG    | androguard.core.axml:getAttributeValueType:1027 - 0
2026-08-16 04:59:35.361 | DEBUG    | androguard.core.axml:getAttributeValueData:1038 - 0
2026-08-16 04:59:35.361 | DEBUG    | androguard.core.axml:getAttributeValue:1052 - 0
2026-08-16 04:59:35.361 | DEBUG    | androguard.core.axml:__init__:1195 - found an attribute: {http://schemas.android.com/apk/res/android}name='b'android.intent.action.TIMEZONE_CHANGED''
2026-08-16 04:59:35.361 | DEBUG    | androguard.core.axml:is_valid:575 - True
2026-08-16 04:59:35.361 | DEBUG    | androguard.core.axml:_do_next:593 - M_EVENT 2
2026-08-16 04:59:35.361 | DEBUG    | androguard.core.axml:_do_next:608 - NEXT HEADER <ARSCHeader idx='0x00006eec' type='259' header_size='16' size='24'>
2026-08-16 04:59:35.361 | DEBUG    | androguard.core.axml:__init__:1146 - DEBUG ARSC TYPE 3
2026-08-16 04:59:35.361 | DEBUG    | androguard.core.axml:is_valid:575 - True
2026-08-16 04:59:35.361 | DEBUG    | androguard.core.axml:_do_next:593 - M_EVENT 3
2026-08-16 04:59:35.361 | DEBUG    | androguard.core.axml:_do_next:608 - NEXT HEADER <ARSCHeader idx='0x00006f04' type='259' header_size='16' size='24'>
2026-08-16 04:59:35.361 | DEBUG    | androguard.core.axml:__init__:1146 - DEBUG ARSC TYPE 3
2026-08-16 04:59:35.361 | DEBUG    | androguard.core.axml:is_valid:575 - True
2026-08-16 04:59:35.361 | DEBUG    | androguard.core.axml:_do_next:593 - M_EVENT 3
2026-08-16 04:59:35.361 | DEBUG    | androguard.core.axml:_do_next:608 - NEXT HEADER <ARSCHeader idx='0x00006f1c' type='259' header_size='16' size='24'>
2026-08-16 04:59:35.361 | DEBUG    | androguard.core.axml:__init__:1146 - DEBUG ARSC TYPE 3
2026-08-16 04:59:35.361 | DEBUG    | androguard.core.axml:is_valid:575 - True
2026-08-16 04:59:35.361 | DEBUG    | androguard.core.axml:_do_next:593 - M_EVENT 3
2026-08-16 04:59:35.361 | DEBUG    | androguard.core.axml:_do_next:608 - NEXT HEADER <ARSCHeader idx='0x00006f34' type='258' header_size='16' size='116'>
2026-08-16 04:59:35.361 | DEBUG    | androguard.core.axml:__init__:1146 - DEBUG ARSC TYPE 2
2026-08-16 04:59:35.361 | DEBUG    | androguard.core.axml:__init__:1167 - START_TAG: receiver (line=179)
2026-08-16 04:59:35.361 | DEBUG    | androguard.core.axml:getAttributeNamespace:981 - 0
2026-08-16 04:59:35.361 | DEBUG    | androguard.core.axml:getAttributeUri:968 - 0
2026-08-16 04:59:35.361 | DEBUG    | androguard.core.axml:getAttributeName:997 - 0
2026-08-16 04:59:35.361 | DEBUG    | androguard.core.axml:getAttributeValueType:1027 - 0
2026-08-16 04:59:35.361 | DEBUG    | androguard.core.axml:getAttributeValueData:1038 - 0
2026-08-16 04:59:35.361 | DEBUG    | androguard.core.axml:getAttributeValue:1052 - 0
2026-08-16 04:59:35.361 | DEBUG    | androguard.core.axml:__init__:1195 - found an attribute: {http://schemas.android.com/apk/res/android}name='b'androidx.work.impl.background.systemalarm.ConstraintProxyUpdateReceiver''
2026-08-16 04:59:35.361 | DEBUG    | androguard.core.axml:getAttributeNamespace:981 - 1
2026-08-16 04:59:35.361 | DEBUG    | androguard.core.axml:getAttributeUri:968 - 1
2026-08-16 04:59:35.361 | DEBUG    | androguard.core.axml:getAttributeName:997 - 1
2026-08-16 04:59:35.361 | DEBUG    | androguard.core.axml:getAttributeValueType:1027 - 1
2026-08-16 04:59:35.361 | DEBUG    | androguard.core.axml:getAttributeValueData:1038 - 1
2026-08-16 04:59:35.361 | DEBUG    | androguard.core.axml:__init__:1195 - found an attribute: {http://schemas.android.com/apk/res/android}enabled='b'@7F040002''
2026-08-16 04:59:35.361 | DEBUG    | androguard.core.axml:getAttributeNamespace:981 - 2
2026-08-16 04:59:35.361 | DEBUG    | androguard.core.axml:getAttributeUri:968 - 2
2026-08-16 04:59:35.361 | DEBUG    | androguard.core.axml:getAttributeName:997 - 2
2026-08-16 04:59:35.361 | DEBUG    | androguard.core.axml:getAttributeValueType:1027 - 2
2026-08-16 04:59:35.361 | DEBUG    | androguard.core.axml:getAttributeValueData:1038 - 2
2026-08-16 04:59:35.361 | DEBUG    | androguard.core.axml:__init__:1195 - found an attribute: {http://schemas.android.com/apk/res/android}exported='b'false''
2026-08-16 04:59:35.361 | DEBUG    | androguard.core.axml:getAttributeNamespace:981 - 3
2026-08-16 04:59:35.361 | DEBUG    | androguard.core.axml:getAttributeUri:968 - 3
2026-08-16 04:59:35.361 | DEBUG    | androguard.core.axml:getAttributeName:997 - 3
2026-08-16 04:59:35.361 | DEBUG    | androguard.core.axml:getAttributeValueType:1027 - 3
2026-08-16 04:59:35.361 | DEBUG    | androguard.core.axml:getAttributeValueData:1038 - 3
2026-08-16 04:59:35.361 | DEBUG    | androguard.core.axml:__init__:1195 - found an attribute: {http://schemas.android.com/apk/res/android}directBootAware='b'false''
2026-08-16 04:59:35.361 | DEBUG    | androguard.core.axml:is_valid:575 - True
2026-08-16 04:59:35.361 | DEBUG    | androguard.core.axml:_do_next:593 - M_EVENT 2
2026-08-16 04:59:35.361 | DEBUG    | androguard.core.axml:_do_next:608 - NEXT HEADER <ARSCHeader idx='0x00006fa8' type='258' header_size='16' size='36'>
2026-08-16 04:59:35.361 | DEBUG    | androguard.core.axml:__init__:1146 - DEBUG ARSC TYPE 2
2026-08-16 04:59:35.361 | DEBUG    | androguard.core.axml:__init__:1167 - START_TAG: intent-filter (line=180)
2026-08-16 04:59:35.361 | DEBUG    | androguard.core.axml:is_valid:575 - True
2026-08-16 04:59:35.361 | DEBUG    | androguard.core.axml:_do_next:593 - M_EVENT 2
2026-08-16 04:59:35.361 | DEBUG    | androguard.core.axml:_do_next:608 - NEXT HEADER <ARSCHeader idx='0x00006fcc' type='258' header_size='16' size='56'>
2026-08-16 04:59:35.361 | DEBUG    | androguard.core.axml:__init__:1146 - DEBUG ARSC TYPE 2
2026-08-16 04:59:35.361 | DEBUG    | androguard.core.axml:__init__:1167 - START_TAG: action (line=181)
2026-08-16 04:59:35.361 | DEBUG    | androguard.core.axml:getAttributeNamespace:981 - 0
2026-08-16 04:59:35.361 | DEBUG    | androguard.core.axml:getAttributeUri:968 - 0
2026-08-16 04:59:35.361 | DEBUG    | androguard.core.axml:getAttributeName:997 - 0
2026-08-16 04:59:35.361 | DEBUG    | androguard.core.axml:getAttributeValueType:1027 - 0
2026-08-16 04:59:35.361 | DEBUG    | androguard.core.axml:getAttributeValueData:1038 - 0
2026-08-16 04:59:35.361 | DEBUG    | androguard.core.axml:getAttributeValue:1052 - 0
2026-08-16 04:59:35.361 | DEBUG    | androguard.core.axml:__init__:1195 - found an attribute: {http://schemas.android.com/apk/res/android}name='b'androidx.work.impl.background.systemalarm.UpdateProxies''
2026-08-16 04:59:35.361 | DEBUG    | androguard.core.axml:is_valid:575 - True
2026-08-16 04:59:35.361 | DEBUG    | androguard.core.axml:_do_next:593 - M_EVENT 2
2026-08-16 04:59:35.361 | DEBUG    | androguard.core.axml:_do_next:608 - NEXT HEADER <ARSCHeader idx='0x00007004' type='259' header_size='16' size='24'>
2026-08-16 04:59:35.361 | DEBUG    | androguard.core.axml:__init__:1146 - DEBUG ARSC TYPE 3
2026-08-16 04:59:35.361 | DEBUG    | androguard.core.axml:is_valid:575 - True
2026-08-16 04:59:35.361 | DEBUG    | androguard.core.axml:_do_next:593 - M_EVENT 3
2026-08-16 04:59:35.361 | DEBUG    | androguard.core.axml:_do_next:608 - NEXT HEADER <ARSCHeader idx='0x0000701c' type='259' header_size='16' size='24'>
2026-08-16 04:59:35.361 | DEBUG    | androguard.core.axml:__init__:1146 - DEBUG ARSC TYPE 3
2026-08-16 04:59:35.361 | DEBUG    | androguard.core.axml:is_valid:575 - True
2026-08-16 04:59:35.361 | DEBUG    | androguard.core.axml:_do_next:593 - M_EVENT 3
2026-08-16 04:59:35.361 | DEBUG    | androguard.core.axml:_do_next:608 - NEXT HEADER <ARSCHeader idx='0x00007034' type='259' header_size='16' size='24'>
2026-08-16 04:59:35.361 | DEBUG    | androguard.core.axml:__init__:1146 - DEBUG ARSC TYPE 3
2026-08-16 04:59:35.361 | DEBUG    | androguard.core.axml:is_valid:575 - True
2026-08-16 04:59:35.361 | DEBUG    | androguard.core.axml:_do_next:593 - M_EVENT 3
2026-08-16 04:59:35.361 | DEBUG    | androguard.core.axml:_do_next:608 - NEXT HEADER <ARSCHeader idx='0x0000704c' type='258' header_size='16' size='136'>
2026-08-16 04:59:35.361 | DEBUG    | androguard.core.axml:__init__:1146 - DEBUG ARSC TYPE 2
2026-08-16 04:59:35.361 | DEBUG    | androguard.core.axml:__init__:1167 - START_TAG: receiver (line=184)
2026-08-16 04:59:35.361 | DEBUG    | androguard.core.axml:getAttributeNamespace:981 - 0
2026-08-16 04:59:35.361 | DEBUG    | androguard.core.axml:getAttributeUri:968 - 0
2026-08-16 04:59:35.361 | DEBUG    | androguard.core.axml:getAttributeName:997 - 0
2026-08-16 04:59:35.361 | DEBUG    | androguard.core.axml:getAttributeValueType:1027 - 0
2026-08-16 04:59:35.361 | DEBUG    | androguard.core.axml:getAttributeValueData:1038 - 0
2026-08-16 04:59:35.361 | DEBUG    | androguard.core.axml:getAttributeValue:1052 - 0
2026-08-16 04:59:35.361 | DEBUG    | androguard.core.axml:__init__:1195 - found an attribute: {http://schemas.android.com/apk/res/android}name='b'androidx.work.impl.diagnostics.DiagnosticsReceiver''
2026-08-16 04:59:35.361 | DEBUG    | androguard.core.axml:getAttributeNamespace:981 - 1
2026-08-16 04:59:35.361 | DEBUG    | androguard.core.axml:getAttributeUri:968 - 1
2026-08-16 04:59:35.361 | DEBUG    | androguard.core.axml:getAttributeName:997 - 1
2026-08-16 04:59:35.361 | DEBUG    | androguard.core.axml:getAttributeValueType:1027 - 1
2026-08-16 04:59:35.361 | DEBUG    | androguard.core.axml:getAttributeValueData:1038 - 1
2026-08-16 04:59:35.361 | DEBUG    | androguard.core.axml:getAttributeValue:1052 - 1
2026-08-16 04:59:35.361 | DEBUG    | androguard.core.axml:__init__:1195 - found an attribute: {http://schemas.android.com/apk/res/android}permission='b'android.permission.DUMP''
2026-08-16 04:59:35.361 | DEBUG    | androguard.core.axml:getAttributeNamespace:981 - 2
2026-08-16 04:59:35.361 | DEBUG    | androguard.core.axml:getAttributeUri:968 - 2
2026-08-16 04:59:35.361 | DEBUG    | androguard.core.axml:getAttributeName:997 - 2
2026-08-16 04:59:35.361 | DEBUG    | androguard.core.axml:getAttributeValueType:1027 - 2
2026-08-16 04:59:35.361 | DEBUG    | androguard.core.axml:getAttributeValueData:1038 - 2
2026-08-16 04:59:35.361 | DEBUG    | androguard.core.axml:__init__:1195 - found an attribute: {http://schemas.android.com/apk/res/android}enabled='b'true''
2026-08-16 04:59:35.361 | DEBUG    | androguard.core.axml:getAttributeNamespace:981 - 3
2026-08-16 04:59:35.361 | DEBUG    | androguard.core.axml:getAttributeUri:968 - 3
2026-08-16 04:59:35.361 | DEBUG    | androguard.core.axml:getAttributeName:997 - 3
2026-08-16 04:59:35.361 | DEBUG    | androguard.core.axml:getAttributeValueType:1027 - 3
2026-08-16 04:59:35.361 | DEBUG    | androguard.core.axml:getAttributeValueData:1038 - 3
2026-08-16 04:59:35.361 | DEBUG    | androguard.core.axml:__init__:1195 - found an attribute: {http://schemas.android.com/apk/res/android}exported='b'true''
2026-08-16 04:59:35.362 | DEBUG    | androguard.core.axml:getAttributeNamespace:981 - 4
2026-08-16 04:59:35.362 | DEBUG    | androguard.core.axml:getAttributeUri:968 - 4
2026-08-16 04:59:35.362 | DEBUG    | androguard.core.axml:getAttributeName:997 - 4
2026-08-16 04:59:35.362 | DEBUG    | androguard.core.axml:getAttributeValueType:1027 - 4
2026-08-16 04:59:35.362 | DEBUG    | androguard.core.axml:getAttributeValueData:1038 - 4
2026-08-16 04:59:35.362 | DEBUG    | androguard.core.axml:__init__:1195 - found an attribute: {http://schemas.android.com/apk/res/android}directBootAware='b'false''
2026-08-16 04:59:35.362 | DEBUG    | androguard.core.axml:is_valid:575 - True
2026-08-16 04:59:35.362 | DEBUG    | androguard.core.axml:_do_next:593 - M_EVENT 2
2026-08-16 04:59:35.362 | DEBUG    | androguard.core.axml:_do_next:608 - NEXT HEADER <ARSCHeader idx='0x000070d4' type='258' header_size='16' size='36'>
2026-08-16 04:59:35.362 | DEBUG    | androguard.core.axml:__init__:1146 - DEBUG ARSC TYPE 2
2026-08-16 04:59:35.362 | DEBUG    | androguard.core.axml:__init__:1167 - START_TAG: intent-filter (line=185)
2026-08-16 04:59:35.362 | DEBUG    | androguard.core.axml:is_valid:575 - True
2026-08-16 04:59:35.362 | DEBUG    | androguard.core.axml:_do_next:593 - M_EVENT 2
2026-08-16 04:59:35.362 | DEBUG    | androguard.core.axml:_do_next:608 - NEXT HEADER <ARSCHeader idx='0x000070f8' type='258' header_size='16' size='56'>
2026-08-16 04:59:35.362 | DEBUG    | androguard.core.axml:__init__:1146 - DEBUG ARSC TYPE 2
2026-08-16 04:59:35.362 | DEBUG    | androguard.core.axml:__init__:1167 - START_TAG: action (line=186)
2026-08-16 04:59:35.362 | DEBUG    | androguard.core.axml:getAttributeNamespace:981 - 0
2026-08-16 04:59:35.362 | DEBUG    | androguard.core.axml:getAttributeUri:968 - 0
2026-08-16 04:59:35.362 | DEBUG    | androguard.core.axml:getAttributeName:997 - 0
2026-08-16 04:59:35.362 | DEBUG    | androguard.core.axml:getAttributeValueType:1027 - 0
2026-08-16 04:59:35.362 | DEBUG    | androguard.core.axml:getAttributeValueData:1038 - 0
2026-08-16 04:59:35.362 | DEBUG    | androguard.core.axml:getAttributeValue:1052 - 0
2026-08-16 04:59:35.362 | DEBUG    | androguard.core.axml:__init__:1195 - found an attribute: {http://schemas.android.com/apk/res/android}name='b'androidx.work.diagnostics.REQUEST_DIAGNOSTICS''
2026-08-16 04:59:35.362 | DEBUG    | androguard.core.axml:is_valid:575 - True
2026-08-16 04:59:35.362 | DEBUG    | androguard.core.axml:_do_next:593 - M_EVENT 2
2026-08-16 04:59:35.362 | DEBUG    | androguard.core.axml:_do_next:608 - NEXT HEADER <ARSCHeader idx='0x00007130' type='259' header_size='16' size='24'>
2026-08-16 04:59:35.362 | DEBUG    | androguard.core.axml:__init__:1146 - DEBUG ARSC TYPE 3
2026-08-16 04:59:35.362 | DEBUG    | androguard.core.axml:is_valid:575 - True
2026-08-16 04:59:35.362 | DEBUG    | androguard.core.axml:_do_next:593 - M_EVENT 3
2026-08-16 04:59:35.362 | DEBUG    | androguard.core.axml:_do_next:608 - NEXT HEADER <ARSCHeader idx='0x00007148' type='259' header_size='16' size='24'>
2026-08-16 04:59:35.362 | DEBUG    | androguard.core.axml:__init__:1146 - DEBUG ARSC TYPE 3
2026-08-16 04:59:35.362 | DEBUG    | androguard.core.axml:is_valid:575 - True
2026-08-16 04:59:35.362 | DEBUG    | androguard.core.axml:_do_next:593 - M_EVENT 3
2026-08-16 04:59:35.362 | DEBUG    | androguard.core.axml:_do_next:608 - NEXT HEADER <ARSCHeader idx='0x00007160' type='259' header_size='16' size='24'>
2026-08-16 04:59:35.362 | DEBUG    | androguard.core.axml:__init__:1146 - DEBUG ARSC TYPE 3
2026-08-16 04:59:35.362 | DEBUG    | androguard.core.axml:is_valid:575 - True
2026-08-16 04:59:35.362 | DEBUG    | androguard.core.axml:_do_next:593 - M_EVENT 3
2026-08-16 04:59:35.362 | DEBUG    | androguard.core.axml:_do_next:608 - NEXT HEADER <ARSCHeader idx='0x00007178' type='258' header_size='16' size='96'>
2026-08-16 04:59:35.362 | DEBUG    | androguard.core.axml:__init__:1146 - DEBUG ARSC TYPE 2
2026-08-16 04:59:35.362 | DEBUG    | androguard.core.axml:__init__:1167 - START_TAG: service (line=189)
2026-08-16 04:59:35.362 | DEBUG    | androguard.core.axml:getAttributeNamespace:981 - 0
2026-08-16 04:59:35.362 | DEBUG    | androguard.core.axml:getAttributeUri:968 - 0
2026-08-16 04:59:35.362 | DEBUG    | androguard.core.axml:getAttributeName:997 - 0
2026-08-16 04:59:35.362 | DEBUG    | androguard.core.axml:getAttributeValueType:1027 - 0
2026-08-16 04:59:35.362 | DEBUG    | androguard.core.axml:getAttributeValueData:1038 - 0
2026-08-16 04:59:35.362 | DEBUG    | androguard.core.axml:getAttributeValue:1052 - 0
2026-08-16 04:59:35.362 | DEBUG    | androguard.core.axml:__init__:1195 - found an attribute: {http://schemas.android.com/apk/res/android}name='b'androidx.room.MultiInstanceInvalidationService''
2026-08-16 04:59:35.362 | DEBUG    | androguard.core.axml:getAttributeNamespace:981 - 1
2026-08-16 04:59:35.362 | DEBUG    | androguard.core.axml:getAttributeUri:968 - 1
2026-08-16 04:59:35.362 | DEBUG    | androguard.core.axml:getAttributeName:997 - 1
2026-08-16 04:59:35.362 | DEBUG    | androguard.core.axml:getAttributeValueType:1027 - 1
2026-08-16 04:59:35.362 | DEBUG    | androguard.core.axml:getAttributeValueData:1038 - 1
2026-08-16 04:59:35.362 | DEBUG    | androguard.core.axml:__init__:1195 - found an attribute: {http://schemas.android.com/apk/res/android}exported='b'false''
2026-08-16 04:59:35.362 | DEBUG    | androguard.core.axml:getAttributeNamespace:981 - 2
2026-08-16 04:59:35.362 | DEBUG    | androguard.core.axml:getAttributeUri:968 - 2
2026-08-16 04:59:35.362 | DEBUG    | androguard.core.axml:getAttributeName:997 - 2
2026-08-16 04:59:35.362 | DEBUG    | androguard.core.axml:getAttributeValueType:1027 - 2
2026-08-16 04:59:35.362 | DEBUG    | androguard.core.axml:getAttributeValueData:1038 - 2
2026-08-16 04:59:35.362 | DEBUG    | androguard.core.axml:__init__:1195 - found an attribute: {http://schemas.android.com/apk/res/android}directBootAware='b'true''
2026-08-16 04:59:35.362 | DEBUG    | androguard.core.axml:is_valid:575 - True
2026-08-16 04:59:35.362 | DEBUG    | androguard.core.axml:_do_next:593 - M_EVENT 2
2026-08-16 04:59:35.362 | DEBUG    | androguard.core.axml:_do_next:608 - NEXT HEADER <ARSCHeader idx='0x000071d8' type='259' header_size='16' size='24'>
2026-08-16 04:59:35.362 | DEBUG    | androguard.core.axml:__init__:1146 - DEBUG ARSC TYPE 3
2026-08-16 04:59:35.362 | DEBUG    | androguard.core.axml:is_valid:575 - True
2026-08-16 04:59:35.362 | DEBUG    | androguard.core.axml:_do_next:593 - M_EVENT 3
2026-08-16 04:59:35.362 | DEBUG    | androguard.core.axml:_do_next:608 - NEXT HEADER <ARSCHeader idx='0x000071f0' type='258' header_size='16' size='136'>
2026-08-16 04:59:35.362 | DEBUG    | androguard.core.axml:__init__:1146 - DEBUG ARSC TYPE 2
2026-08-16 04:59:35.362 | DEBUG    | androguard.core.axml:__init__:1167 - START_TAG: receiver (line=190)
2026-08-16 04:59:35.362 | DEBUG    | androguard.core.axml:getAttributeNamespace:981 - 0
2026-08-16 04:59:35.362 | DEBUG    | androguard.core.axml:getAttributeUri:968 - 0
2026-08-16 04:59:35.362 | DEBUG    | androguard.core.axml:getAttributeName:997 - 0
2026-08-16 04:59:35.362 | DEBUG    | androguard.core.axml:getAttributeValueType:1027 - 0
2026-08-16 04:59:35.362 | DEBUG    | androguard.core.axml:getAttributeValueData:1038 - 0
2026-08-16 04:59:35.362 | DEBUG    | androguard.core.axml:getAttributeValue:1052 - 0
2026-08-16 04:59:35.362 | DEBUG    | androguard.core.axml:__init__:1195 - found an attribute: {http://schemas.android.com/apk/res/android}name='b'androidx.profileinstaller.ProfileInstallReceiver''
2026-08-16 04:59:35.362 | DEBUG    | androguard.core.axml:getAttributeNamespace:981 - 1
2026-08-16 04:59:35.362 | DEBUG    | androguard.core.axml:getAttributeUri:968 - 1
2026-08-16 04:59:35.362 | DEBUG    | androguard.core.axml:getAttributeName:997 - 1
2026-08-16 04:59:35.362 | DEBUG    | androguard.core.axml:getAttributeValueType:1027 - 1
2026-08-16 04:59:35.362 | DEBUG    | androguard.core.axml:getAttributeValueData:1038 - 1
2026-08-16 04:59:35.362 | DEBUG    | androguard.core.axml:getAttributeValue:1052 - 1
2026-08-16 04:59:35.362 | DEBUG    | androguard.core.axml:__init__:1195 - found an attribute: {http://schemas.android.com/apk/res/android}permission='b'android.permission.DUMP''
2026-08-16 04:59:35.362 | DEBUG    | androguard.core.axml:getAttributeNamespace:981 - 2
2026-08-16 04:59:35.362 | DEBUG    | androguard.core.axml:getAttributeUri:968 - 2
2026-08-16 04:59:35.362 | DEBUG    | androguard.core.axml:getAttributeName:997 - 2
2026-08-16 04:59:35.362 | DEBUG    | androguard.core.axml:getAttributeValueType:1027 - 2
2026-08-16 04:59:35.362 | DEBUG    | androguard.core.axml:getAttributeValueData:1038 - 2
2026-08-16 04:59:35.362 | DEBUG    | androguard.core.axml:__init__:1195 - found an attribute: {http://schemas.android.com/apk/res/android}enabled='b'true''
2026-08-16 04:59:35.362 | DEBUG    | androguard.core.axml:getAttributeNamespace:981 - 3
2026-08-16 04:59:35.362 | DEBUG    | androguard.core.axml:getAttributeUri:968 - 3
2026-08-16 04:59:35.362 | DEBUG    | androguard.core.axml:getAttributeName:997 - 3
2026-08-16 04:59:35.362 | DEBUG    | androguard.core.axml:getAttributeValueType:1027 - 3
2026-08-16 04:59:35.362 | DEBUG    | androguard.core.axml:getAttributeValueData:1038 - 3
2026-08-16 04:59:35.362 | DEBUG    | androguard.core.axml:__init__:1195 - found an attribute: {http://schemas.android.com/apk/res/android}exported='b'true''
2026-08-16 04:59:35.362 | DEBUG    | androguard.core.axml:getAttributeNamespace:981 - 4
2026-08-16 04:59:35.362 | DEBUG    | androguard.core.axml:getAttributeUri:968 - 4
2026-08-16 04:59:35.362 | DEBUG    | androguard.core.axml:getAttributeName:997 - 4
2026-08-16 04:59:35.362 | DEBUG    | androguard.core.axml:getAttributeValueType:1027 - 4
2026-08-16 04:59:35.362 | DEBUG    | androguard.core.axml:getAttributeValueData:1038 - 4
2026-08-16 04:59:35.362 | DEBUG    | androguard.core.axml:__init__:1195 - found an attribute: {http://schemas.android.com/apk/res/android}directBootAware='b'false''
2026-08-16 04:59:35.362 | DEBUG    | androguard.core.axml:is_valid:575 - True
2026-08-16 04:59:35.362 | DEBUG    | androguard.core.axml:_do_next:593 - M_EVENT 2
2026-08-16 04:59:35.362 | DEBUG    | androguard.core.axml:_do_next:608 - NEXT HEADER <ARSCHeader idx='0x00007278' type='258' header_size='16' size='36'>
2026-08-16 04:59:35.362 | DEBUG    | androguard.core.axml:__init__:1146 - DEBUG ARSC TYPE 2
2026-08-16 04:59:35.362 | DEBUG    | androguard.core.axml:__init__:1167 - START_TAG: intent-filter (line=191)
2026-08-16 04:59:35.362 | DEBUG    | androguard.core.axml:is_valid:575 - True
2026-08-16 04:59:35.362 | DEBUG    | androguard.core.axml:_do_next:593 - M_EVENT 2
2026-08-16 04:59:35.362 | DEBUG    | androguard.core.axml:_do_next:608 - NEXT HEADER <ARSCHeader idx='0x0000729c' type='258' header_size='16' size='56'>
2026-08-16 04:59:35.362 | DEBUG    | androguard.core.axml:__init__:1146 - DEBUG ARSC TYPE 2
2026-08-16 04:59:35.362 | DEBUG    | androguard.core.axml:__init__:1167 - START_TAG: action (line=192)
2026-08-16 04:59:35.362 | DEBUG    | androguard.core.axml:getAttributeNamespace:981 - 0
2026-08-16 04:59:35.362 | DEBUG    | androguard.core.axml:getAttributeUri:968 - 0
2026-08-16 04:59:35.362 | DEBUG    | androguard.core.axml:getAttributeName:997 - 0
2026-08-16 04:59:35.362 | DEBUG    | androguard.core.axml:getAttributeValueType:1027 - 0
2026-08-16 04:59:35.362 | DEBUG    | androguard.core.axml:getAttributeValueData:1038 - 0
2026-08-16 04:59:35.362 | DEBUG    | androguard.core.axml:getAttributeValue:1052 - 0
2026-08-16 04:59:35.362 | DEBUG    | androguard.core.axml:__init__:1195 - found an attribute: {http://schemas.android.com/apk/res/android}name='b'androidx.profileinstaller.action.INSTALL_PROFILE''
2026-08-16 04:59:35.362 | DEBUG    | androguard.core.axml:is_valid:575 - True
2026-08-16 04:59:35.363 | DEBUG    | androguard.core.axml:_do_next:593 - M_EVENT 2
2026-08-16 04:59:35.363 | DEBUG    | androguard.core.axml:_do_next:608 - NEXT HEADER <ARSCHeader idx='0x000072d4' type='259' header_size='16' size='24'>
2026-08-16 04:59:35.363 | DEBUG    | androguard.core.axml:__init__:1146 - DEBUG ARSC TYPE 3
2026-08-16 04:59:35.363 | DEBUG    | androguard.core.axml:is_valid:575 - True
2026-08-16 04:59:35.363 | DEBUG    | androguard.core.axml:_do_next:593 - M_EVENT 3
2026-08-16 04:59:35.363 | DEBUG    | androguard.core.axml:_do_next:608 - NEXT HEADER <ARSCHeader idx='0x000072ec' type='259' header_size='16' size='24'>
2026-08-16 04:59:35.363 | DEBUG    | androguard.core.axml:__init__:1146 - DEBUG ARSC TYPE 3
2026-08-16 04:59:35.363 | DEBUG    | androguard.core.axml:is_valid:575 - True
2026-08-16 04:59:35.363 | DEBUG    | androguard.core.axml:_do_next:593 - M_EVENT 3
2026-08-16 04:59:35.363 | DEBUG    | androguard.core.axml:_do_next:608 - NEXT HEADER <ARSCHeader idx='0x00007304' type='258' header_size='16' size='36'>
2026-08-16 04:59:35.363 | DEBUG    | androguard.core.axml:__init__:1146 - DEBUG ARSC TYPE 2
2026-08-16 04:59:35.363 | DEBUG    | androguard.core.axml:__init__:1167 - START_TAG: intent-filter (line=194)
2026-08-16 04:59:35.363 | DEBUG    | androguard.core.axml:is_valid:575 - True
2026-08-16 04:59:35.363 | DEBUG    | androguard.core.axml:_do_next:593 - M_EVENT 2
2026-08-16 04:59:35.363 | DEBUG    | androguard.core.axml:_do_next:608 - NEXT HEADER <ARSCHeader idx='0x00007328' type='258' header_size='16' size='56'>
2026-08-16 04:59:35.363 | DEBUG    | androguard.core.axml:__init__:1146 - DEBUG ARSC TYPE 2
2026-08-16 04:59:35.363 | DEBUG    | androguard.core.axml:__init__:1167 - START_TAG: action (line=195)
2026-08-16 04:59:35.363 | DEBUG    | androguard.core.axml:getAttributeNamespace:981 - 0
2026-08-16 04:59:35.363 | DEBUG    | androguard.core.axml:getAttributeUri:968 - 0
2026-08-16 04:59:35.363 | DEBUG    | androguard.core.axml:getAttributeName:997 - 0
2026-08-16 04:59:35.363 | DEBUG    | androguard.core.axml:getAttributeValueType:1027 - 0
2026-08-16 04:59:35.363 | DEBUG    | androguard.core.axml:getAttributeValueData:1038 - 0
2026-08-16 04:59:35.363 | DEBUG    | androguard.core.axml:getAttributeValue:1052 - 0
2026-08-16 04:59:35.363 | DEBUG    | androguard.core.axml:__init__:1195 - found an attribute: {http://schemas.android.com/apk/res/android}name='b'androidx.profileinstaller.action.SKIP_FILE''
2026-08-16 04:59:35.363 | DEBUG    | androguard.core.axml:is_valid:575 - True
2026-08-16 04:59:35.363 | DEBUG    | androguard.core.axml:_do_next:593 - M_EVENT 2
2026-08-16 04:59:35.363 | DEBUG    | androguard.core.axml:_do_next:608 - NEXT HEADER <ARSCHeader idx='0x00007360' type='259' header_size='16' size='24'>
2026-08-16 04:59:35.363 | DEBUG    | androguard.core.axml:__init__:1146 - DEBUG ARSC TYPE 3
2026-08-16 04:59:35.363 | DEBUG    | androguard.core.axml:is_valid:575 - True
2026-08-16 04:59:35.363 | DEBUG    | androguard.core.axml:_do_next:593 - M_EVENT 3
2026-08-16 04:59:35.363 | DEBUG    | androguard.core.axml:_do_next:608 - NEXT HEADER <ARSCHeader idx='0x00007378' type='259' header_size='16' size='24'>
2026-08-16 04:59:35.363 | DEBUG    | androguard.core.axml:__init__:1146 - DEBUG ARSC TYPE 3
2026-08-16 04:59:35.363 | DEBUG    | androguard.core.axml:is_valid:575 - True
2026-08-16 04:59:35.363 | DEBUG    | androguard.core.axml:_do_next:593 - M_EVENT 3
2026-08-16 04:59:35.363 | DEBUG    | androguard.core.axml:_do_next:608 - NEXT HEADER <ARSCHeader idx='0x00007390' type='258' header_size='16' size='36'>
2026-08-16 04:59:35.363 | DEBUG    | androguard.core.axml:__init__:1146 - DEBUG ARSC TYPE 2
2026-08-16 04:59:35.363 | DEBUG    | androguard.core.axml:__init__:1167 - START_TAG: intent-filter (line=197)
2026-08-16 04:59:35.363 | DEBUG    | androguard.core.axml:is_valid:575 - True
2026-08-16 04:59:35.363 | DEBUG    | androguard.core.axml:_do_next:593 - M_EVENT 2
2026-08-16 04:59:35.363 | DEBUG    | androguard.core.axml:_do_next:608 - NEXT HEADER <ARSCHeader idx='0x000073b4' type='258' header_size='16' size='56'>
2026-08-16 04:59:35.363 | DEBUG    | androguard.core.axml:__init__:1146 - DEBUG ARSC TYPE 2
2026-08-16 04:59:35.363 | DEBUG    | androguard.core.axml:__init__:1167 - START_TAG: action (line=198)
2026-08-16 04:59:35.363 | DEBUG    | androguard.core.axml:getAttributeNamespace:981 - 0
2026-08-16 04:59:35.363 | DEBUG    | androguard.core.axml:getAttributeUri:968 - 0
2026-08-16 04:59:35.363 | DEBUG    | androguard.core.axml:getAttributeName:997 - 0
2026-08-16 04:59:35.363 | DEBUG    | androguard.core.axml:getAttributeValueType:1027 - 0
2026-08-16 04:59:35.363 | DEBUG    | androguard.core.axml:getAttributeValueData:1038 - 0
2026-08-16 04:59:35.363 | DEBUG    | androguard.core.axml:getAttributeValue:1052 - 0
2026-08-16 04:59:35.363 | DEBUG    | androguard.core.axml:__init__:1195 - found an attribute: {http://schemas.android.com/apk/res/android}name='b'androidx.profileinstaller.action.SAVE_PROFILE''
2026-08-16 04:59:35.363 | DEBUG    | androguard.core.axml:is_valid:575 - True
2026-08-16 04:59:35.363 | DEBUG    | androguard.core.axml:_do_next:593 - M_EVENT 2
2026-08-16 04:59:35.363 | DEBUG    | androguard.core.axml:_do_next:608 - NEXT HEADER <ARSCHeader idx='0x000073ec' type='259' header_size='16' size='24'>
2026-08-16 04:59:35.363 | DEBUG    | androguard.core.axml:__init__:1146 - DEBUG ARSC TYPE 3
2026-08-16 04:59:35.363 | DEBUG    | androguard.core.axml:is_valid:575 - True
2026-08-16 04:59:35.363 | DEBUG    | androguard.core.axml:_do_next:593 - M_EVENT 3
2026-08-16 04:59:35.363 | DEBUG    | androguard.core.axml:_do_next:608 - NEXT HEADER <ARSCHeader idx='0x00007404' type='259' header_size='16' size='24'>
2026-08-16 04:59:35.363 | DEBUG    | androguard.core.axml:__init__:1146 - DEBUG ARSC TYPE 3
2026-08-16 04:59:35.363 | DEBUG    | androguard.core.axml:is_valid:575 - True
2026-08-16 04:59:35.363 | DEBUG    | androguard.core.axml:_do_next:593 - M_EVENT 3
2026-08-16 04:59:35.363 | DEBUG    | androguard.core.axml:_do_next:608 - NEXT HEADER <ARSCHeader idx='0x0000741c' type='258' header_size='16' size='36'>
2026-08-16 04:59:35.363 | DEBUG    | androguard.core.axml:__init__:1146 - DEBUG ARSC TYPE 2
2026-08-16 04:59:35.363 | DEBUG    | androguard.core.axml:__init__:1167 - START_TAG: intent-filter (line=200)
2026-08-16 04:59:35.363 | DEBUG    | androguard.core.axml:is_valid:575 - True
2026-08-16 04:59:35.363 | DEBUG    | androguard.core.axml:_do_next:593 - M_EVENT 2
2026-08-16 04:59:35.363 | DEBUG    | androguard.core.axml:_do_next:608 - NEXT HEADER <ARSCHeader idx='0x00007440' type='258' header_size='16' size='56'>
2026-08-16 04:59:35.363 | DEBUG    | androguard.core.axml:__init__:1146 - DEBUG ARSC TYPE 2
2026-08-16 04:59:35.363 | DEBUG    | androguard.core.axml:__init__:1167 - START_TAG: action (line=201)
2026-08-16 04:59:35.363 | DEBUG    | androguard.core.axml:getAttributeNamespace:981 - 0
2026-08-16 04:59:35.363 | DEBUG    | androguard.core.axml:getAttributeUri:968 - 0
2026-08-16 04:59:35.363 | DEBUG    | androguard.core.axml:getAttributeName:997 - 0
2026-08-16 04:59:35.363 | DEBUG    | androguard.core.axml:getAttributeValueType:1027 - 0
2026-08-16 04:59:35.363 | DEBUG    | androguard.core.axml:getAttributeValueData:1038 - 0
2026-08-16 04:59:35.363 | DEBUG    | androguard.core.axml:getAttributeValue:1052 - 0
2026-08-16 04:59:35.363 | DEBUG    | androguard.core.axml:__init__:1195 - found an attribute: {http://schemas.android.com/apk/res/android}name='b'androidx.profileinstaller.action.BENCHMARK_OPERATION''
2026-08-16 04:59:35.363 | DEBUG    | androguard.core.axml:is_valid:575 - True
2026-08-16 04:59:35.363 | DEBUG    | androguard.core.axml:_do_next:593 - M_EVENT 2
2026-08-16 04:59:35.363 | DEBUG    | androguard.core.axml:_do_next:608 - NEXT HEADER <ARSCHeader idx='0x00007478' type='259' header_size='16' size='24'>
2026-08-16 04:59:35.363 | DEBUG    | androguard.core.axml:__init__:1146 - DEBUG ARSC TYPE 3
2026-08-16 04:59:35.363 | DEBUG    | androguard.core.axml:is_valid:575 - True
2026-08-16 04:59:35.363 | DEBUG    | androguard.core.axml:_do_next:593 - M_EVENT 3
2026-08-16 04:59:35.363 | DEBUG    | androguard.core.axml:_do_next:608 - NEXT HEADER <ARSCHeader idx='0x00007490' type='259' header_size='16' size='24'>
2026-08-16 04:59:35.363 | DEBUG    | androguard.core.axml:__init__:1146 - DEBUG ARSC TYPE 3
2026-08-16 04:59:35.363 | DEBUG    | androguard.core.axml:is_valid:575 - True
2026-08-16 04:59:35.363 | DEBUG    | androguard.core.axml:_do_next:593 - M_EVENT 3
2026-08-16 04:59:35.363 | DEBUG    | androguard.core.axml:_do_next:608 - NEXT HEADER <ARSCHeader idx='0x000074a8' type='259' header_size='16' size='24'>
2026-08-16 04:59:35.363 | DEBUG    | androguard.core.axml:__init__:1146 - DEBUG ARSC TYPE 3
2026-08-16 04:59:35.363 | DEBUG    | androguard.core.axml:is_valid:575 - True
2026-08-16 04:59:35.363 | DEBUG    | androguard.core.axml:_do_next:593 - M_EVENT 3
2026-08-16 04:59:35.363 | DEBUG    | androguard.core.axml:_do_next:608 - NEXT HEADER <ARSCHeader idx='0x000074c0' type='258' header_size='16' size='96'>
2026-08-16 04:59:35.363 | DEBUG    | androguard.core.axml:__init__:1146 - DEBUG ARSC TYPE 2
2026-08-16 04:59:35.363 | DEBUG    | androguard.core.axml:__init__:1167 - START_TAG: activity (line=204)
2026-08-16 04:59:35.363 | DEBUG    | androguard.core.axml:getAttributeNamespace:981 - 0
2026-08-16 04:59:35.363 | DEBUG    | androguard.core.axml:getAttributeUri:968 - 0
2026-08-16 04:59:35.363 | DEBUG    | androguard.core.axml:getAttributeName:997 - 0
2026-08-16 04:59:35.363 | DEBUG    | androguard.core.axml:getAttributeValueType:1027 - 0
2026-08-16 04:59:35.363 | DEBUG    | androguard.core.axml:getAttributeValueData:1038 - 0
2026-08-16 04:59:35.363 | DEBUG    | androguard.core.axml:getAttributeValue:1052 - 0
2026-08-16 04:59:35.363 | DEBUG    | androguard.core.axml:__init__:1195 - found an attribute: {http://schemas.android.com/apk/res/android}name='b'edodpwmfjeji.efxosm.dkjskemd''
2026-08-16 04:59:35.363 | DEBUG    | androguard.core.axml:getAttributeNamespace:981 - 1
2026-08-16 04:59:35.363 | DEBUG    | androguard.core.axml:getAttributeUri:968 - 1
2026-08-16 04:59:35.363 | DEBUG    | androguard.core.axml:getAttributeName:997 - 1
2026-08-16 04:59:35.363 | DEBUG    | androguard.core.axml:getAttributeValueType:1027 - 1
2026-08-16 04:59:35.363 | DEBUG    | androguard.core.axml:getAttributeValueData:1038 - 1
2026-08-16 04:59:35.363 | DEBUG    | androguard.core.axml:__init__:1195 - found an attribute: {http://schemas.android.com/apk/res/android}enabled='b'false''
2026-08-16 04:59:35.363 | DEBUG    | androguard.core.axml:getAttributeNamespace:981 - 2
2026-08-16 04:59:35.363 | DEBUG    | androguard.core.axml:getAttributeUri:968 - 2
2026-08-16 04:59:35.363 | DEBUG    | androguard.core.axml:getAttributeName:997 - 2
2026-08-16 04:59:35.363 | DEBUG    | androguard.core.axml:getAttributeValueType:1027 - 2
2026-08-16 04:59:35.363 | DEBUG    | androguard.core.axml:getAttributeValueData:1038 - 2
2026-08-16 04:59:35.363 | DEBUG    | androguard.core.axml:__init__:1195 - found an attribute: {http://schemas.android.com/apk/res/android}screenOrientation='b'1''
2026-08-16 04:59:35.363 | DEBUG    | androguard.core.axml:is_valid:575 - True
2026-08-16 04:59:35.363 | DEBUG    | androguard.core.axml:_do_next:593 - M_EVENT 2
2026-08-16 04:59:35.364 | DEBUG    | androguard.core.axml:_do_next:608 - NEXT HEADER <ARSCHeader idx='0x00007520' type='259' header_size='16' size='24'>
2026-08-16 04:59:35.364 | DEBUG    | androguard.core.axml:__init__:1146 - DEBUG ARSC TYPE 3
2026-08-16 04:59:35.364 | DEBUG    | androguard.core.axml:is_valid:575 - True
2026-08-16 04:59:35.364 | DEBUG    | androguard.core.axml:_do_next:593 - M_EVENT 3
2026-08-16 04:59:35.364 | DEBUG    | androguard.core.axml:_do_next:608 - NEXT HEADER <ARSCHeader idx='0x00007538' type='258' header_size='16' size='116'>
2026-08-16 04:59:35.364 | DEBUG    | androguard.core.axml:__init__:1146 - DEBUG ARSC TYPE 2
2026-08-16 04:59:35.364 | DEBUG    | androguard.core.axml:__init__:1167 - START_TAG: activity (line=205)
2026-08-16 04:59:35.364 | DEBUG    | androguard.core.axml:getAttributeNamespace:981 - 0
2026-08-16 04:59:35.364 | DEBUG    | androguard.core.axml:getAttributeUri:968 - 0
2026-08-16 04:59:35.364 | DEBUG    | androguard.core.axml:getAttributeName:997 - 0
2026-08-16 04:59:35.364 | DEBUG    | androguard.core.axml:getAttributeValueType:1027 - 0
2026-08-16 04:59:35.364 | DEBUG    | androguard.core.axml:getAttributeValueData:1038 - 0
2026-08-16 04:59:35.364 | DEBUG    | androguard.core.axml:getAttributeValue:1052 - 0
2026-08-16 04:59:35.364 | DEBUG    | androguard.core.axml:__init__:1195 - found an attribute: {http://schemas.android.com/apk/res/android}name='b'oqzfksq.pqlqf.mrky''
2026-08-16 04:59:35.364 | DEBUG    | androguard.core.axml:getAttributeNamespace:981 - 1
2026-08-16 04:59:35.364 | DEBUG    | androguard.core.axml:getAttributeUri:968 - 1
2026-08-16 04:59:35.364 | DEBUG    | androguard.core.axml:getAttributeName:997 - 1
2026-08-16 04:59:35.364 | DEBUG    | androguard.core.axml:getAttributeValueType:1027 - 1
2026-08-16 04:59:35.364 | DEBUG    | androguard.core.axml:getAttributeValueData:1038 - 1
2026-08-16 04:59:35.364 | DEBUG    | androguard.core.axml:__init__:1195 - found an attribute: {http://schemas.android.com/apk/res/android}enabled='b'false''
2026-08-16 04:59:35.364 | DEBUG    | androguard.core.axml:getAttributeNamespace:981 - 2
2026-08-16 04:59:35.364 | DEBUG    | androguard.core.axml:getAttributeUri:968 - 2
2026-08-16 04:59:35.364 | DEBUG    | androguard.core.axml:getAttributeName:997 - 2
2026-08-16 04:59:35.364 | DEBUG    | androguard.core.axml:getAttributeValueType:1027 - 2
2026-08-16 04:59:35.364 | DEBUG    | androguard.core.axml:getAttributeValueData:1038 - 2
2026-08-16 04:59:35.364 | DEBUG    | androguard.core.axml:__init__:1195 - found an attribute: {http://schemas.android.com/apk/res/android}screenOrientation='b'1''
2026-08-16 04:59:35.364 | DEBUG    | androguard.core.axml:getAttributeNamespace:981 - 3
2026-08-16 04:59:35.364 | DEBUG    | androguard.core.axml:getAttributeUri:968 - 3
2026-08-16 04:59:35.364 | DEBUG    | androguard.core.axml:getAttributeName:997 - 3
2026-08-16 04:59:35.364 | DEBUG    | androguard.core.axml:getAttributeValueType:1027 - 3
2026-08-16 04:59:35.364 | DEBUG    | androguard.core.axml:getAttributeValueData:1038 - 3
2026-08-16 04:59:35.364 | DEBUG    | androguard.core.axml:__init__:1195 - found an attribute: {http://schemas.android.com/apk/res/android}windowSoftInputMode='b'0x00000010''
2026-08-16 04:59:35.364 | DEBUG    | androguard.core.axml:is_valid:575 - True
2026-08-16 04:59:35.364 | DEBUG    | androguard.core.axml:_do_next:593 - M_EVENT 2
2026-08-16 04:59:35.364 | DEBUG    | androguard.core.axml:_do_next:608 - NEXT HEADER <ARSCHeader idx='0x000075ac' type='259' header_size='16' size='24'>
2026-08-16 04:59:35.364 | DEBUG    | androguard.core.axml:__init__:1146 - DEBUG ARSC TYPE 3
2026-08-16 04:59:35.364 | DEBUG    | androguard.core.axml:is_valid:575 - True
2026-08-16 04:59:35.364 | DEBUG    | androguard.core.axml:_do_next:593 - M_EVENT 3
2026-08-16 04:59:35.364 | DEBUG    | androguard.core.axml:_do_next:608 - NEXT HEADER <ARSCHeader idx='0x000075c4' type='258' header_size='16' size='76'>
2026-08-16 04:59:35.364 | DEBUG    | androguard.core.axml:__init__:1146 - DEBUG ARSC TYPE 2
2026-08-16 04:59:35.364 | DEBUG    | androguard.core.axml:__init__:1167 - START_TAG: receiver (line=206)
2026-08-16 04:59:35.364 | DEBUG    | androguard.core.axml:getAttributeNamespace:981 - 0
2026-08-16 04:59:35.364 | DEBUG    | androguard.core.axml:getAttributeUri:968 - 0
2026-08-16 04:59:35.364 | DEBUG    | androguard.core.axml:getAttributeName:997 - 0
2026-08-16 04:59:35.364 | DEBUG    | androguard.core.axml:getAttributeValueType:1027 - 0
2026-08-16 04:59:35.364 | DEBUG    | androguard.core.axml:getAttributeValueData:1038 - 0
2026-08-16 04:59:35.364 | DEBUG    | androguard.core.axml:getAttributeValue:1052 - 0
2026-08-16 04:59:35.364 | DEBUG    | androguard.core.axml:__init__:1195 - found an attribute: {http://schemas.android.com/apk/res/android}name='b'rfjdjdk.djfifjekkd.ciciidkdkf''
2026-08-16 04:59:35.364 | DEBUG    | androguard.core.axml:getAttributeNamespace:981 - 1
2026-08-16 04:59:35.364 | DEBUG    | androguard.core.axml:getAttributeUri:968 - 1
2026-08-16 04:59:35.364 | DEBUG    | androguard.core.axml:getAttributeName:997 - 1
2026-08-16 04:59:35.364 | DEBUG    | androguard.core.axml:getAttributeValueType:1027 - 1
2026-08-16 04:59:35.364 | DEBUG    | androguard.core.axml:getAttributeValueData:1038 - 1
2026-08-16 04:59:35.364 | DEBUG    | androguard.core.axml:__init__:1195 - found an attribute: {http://schemas.android.com/apk/res/android}enabled='b'false''
2026-08-16 04:59:35.364 | DEBUG    | androguard.core.axml:is_valid:575 - True
2026-08-16 04:59:35.364 | DEBUG    | androguard.core.axml:_do_next:593 - M_EVENT 2
2026-08-16 04:59:35.364 | DEBUG    | androguard.core.axml:_do_next:608 - NEXT HEADER <ARSCHeader idx='0x00007610' type='259' header_size='16' size='24'>
2026-08-16 04:59:35.364 | DEBUG    | androguard.core.axml:__init__:1146 - DEBUG ARSC TYPE 3
2026-08-16 04:59:35.364 | DEBUG    | androguard.core.axml:is_valid:575 - True
2026-08-16 04:59:35.364 | DEBUG    | androguard.core.axml:_do_next:593 - M_EVENT 3
2026-08-16 04:59:35.364 | DEBUG    | androguard.core.axml:_do_next:608 - NEXT HEADER <ARSCHeader idx='0x00007628' type='258' header_size='16' size='96'>
2026-08-16 04:59:35.364 | DEBUG    | androguard.core.axml:__init__:1146 - DEBUG ARSC TYPE 2
2026-08-16 04:59:35.364 | DEBUG    | androguard.core.axml:__init__:1167 - START_TAG: receiver (line=207)
2026-08-16 04:59:35.364 | DEBUG    | androguard.core.axml:getAttributeNamespace:981 - 0
2026-08-16 04:59:35.364 | DEBUG    | androguard.core.axml:getAttributeUri:968 - 0
2026-08-16 04:59:35.364 | DEBUG    | androguard.core.axml:getAttributeName:997 - 0
2026-08-16 04:59:35.364 | DEBUG    | androguard.core.axml:getAttributeValueType:1027 - 0
2026-08-16 04:59:35.364 | DEBUG    | androguard.core.axml:getAttributeValueData:1038 - 0
2026-08-16 04:59:35.364 | DEBUG    | androguard.core.axml:getAttributeValue:1052 - 0
2026-08-16 04:59:35.364 | DEBUG    | androguard.core.axml:__init__:1195 - found an attribute: {http://schemas.android.com/apk/res/android}name='b'rfjfidikdf.jfifid.fjfid.fjer''
2026-08-16 04:59:35.364 | DEBUG    | androguard.core.axml:getAttributeNamespace:981 - 1
2026-08-16 04:59:35.364 | DEBUG    | androguard.core.axml:getAttributeUri:968 - 1
2026-08-16 04:59:35.364 | DEBUG    | androguard.core.axml:getAttributeName:997 - 1
2026-08-16 04:59:35.364 | DEBUG    | androguard.core.axml:getAttributeValueType:1027 - 1
2026-08-16 04:59:35.364 | DEBUG    | androguard.core.axml:getAttributeValueData:1038 - 1
2026-08-16 04:59:35.364 | DEBUG    | androguard.core.axml:__init__:1195 - found an attribute: {http://schemas.android.com/apk/res/android}enabled='b'false''
2026-08-16 04:59:35.364 | DEBUG    | androguard.core.axml:getAttributeNamespace:981 - 2
2026-08-16 04:59:35.364 | DEBUG    | androguard.core.axml:getAttributeUri:968 - 2
2026-08-16 04:59:35.364 | DEBUG    | androguard.core.axml:getAttributeName:997 - 2
2026-08-16 04:59:35.364 | DEBUG    | androguard.core.axml:getAttributeValueType:1027 - 2
2026-08-16 04:59:35.364 | DEBUG    | androguard.core.axml:getAttributeValueData:1038 - 2
2026-08-16 04:59:35.364 | DEBUG    | androguard.core.axml:__init__:1195 - found an attribute: {http://schemas.android.com/apk/res/android}exported='b'false''
2026-08-16 04:59:35.364 | DEBUG    | androguard.core.axml:is_valid:575 - True
2026-08-16 04:59:35.364 | DEBUG    | androguard.core.axml:_do_next:593 - M_EVENT 2
2026-08-16 04:59:35.364 | DEBUG    | androguard.core.axml:_do_next:608 - NEXT HEADER <ARSCHeader idx='0x00007688' type='258' header_size='16' size='36'>
2026-08-16 04:59:35.364 | DEBUG    | androguard.core.axml:__init__:1146 - DEBUG ARSC TYPE 2
2026-08-16 04:59:35.364 | DEBUG    | androguard.core.axml:__init__:1167 - START_TAG: intent-filter (line=208)
2026-08-16 04:59:35.364 | DEBUG    | androguard.core.axml:is_valid:575 - True
2026-08-16 04:59:35.364 | DEBUG    | androguard.core.axml:_do_next:593 - M_EVENT 2
2026-08-16 04:59:35.364 | DEBUG    | androguard.core.axml:_do_next:608 - NEXT HEADER <ARSCHeader idx='0x000076ac' type='258' header_size='16' size='56'>
2026-08-16 04:59:35.364 | DEBUG    | androguard.core.axml:__init__:1146 - DEBUG ARSC TYPE 2
2026-08-16 04:59:35.364 | DEBUG    | androguard.core.axml:__init__:1167 - START_TAG: action (line=209)
2026-08-16 04:59:35.364 | DEBUG    | androguard.core.axml:getAttributeNamespace:981 - 0
2026-08-16 04:59:35.364 | DEBUG    | androguard.core.axml:getAttributeUri:968 - 0
2026-08-16 04:59:35.364 | DEBUG    | androguard.core.axml:getAttributeName:997 - 0
2026-08-16 04:59:35.364 | DEBUG    | androguard.core.axml:getAttributeValueType:1027 - 0
2026-08-16 04:59:35.364 | DEBUG    | androguard.core.axml:getAttributeValueData:1038 - 0
2026-08-16 04:59:35.364 | DEBUG    | androguard.core.axml:getAttributeValue:1052 - 0
2026-08-16 04:59:35.364 | DEBUG    | androguard.core.axml:__init__:1195 - found an attribute: {http://schemas.android.com/apk/res/android}name='b'android.intent.action.BOOT_COMPLETED''
2026-08-16 04:59:35.364 | DEBUG    | androguard.core.axml:is_valid:575 - True
2026-08-16 04:59:35.364 | DEBUG    | androguard.core.axml:_do_next:593 - M_EVENT 2
2026-08-16 04:59:35.364 | DEBUG    | androguard.core.axml:_do_next:608 - NEXT HEADER <ARSCHeader idx='0x000076e4' type='259' header_size='16' size='24'>
2026-08-16 04:59:35.364 | DEBUG    | androguard.core.axml:__init__:1146 - DEBUG ARSC TYPE 3
2026-08-16 04:59:35.364 | DEBUG    | androguard.core.axml:is_valid:575 - True
2026-08-16 04:59:35.364 | DEBUG    | androguard.core.axml:_do_next:593 - M_EVENT 3
2026-08-16 04:59:35.364 | DEBUG    | androguard.core.axml:_do_next:608 - NEXT HEADER <ARSCHeader idx='0x000076fc' type='258' header_size='16' size='56'>
2026-08-16 04:59:35.364 | DEBUG    | androguard.core.axml:__init__:1146 - DEBUG ARSC TYPE 2
2026-08-16 04:59:35.364 | DEBUG    | androguard.core.axml:__init__:1167 - START_TAG: action (line=210)
2026-08-16 04:59:35.364 | DEBUG    | androguard.core.axml:getAttributeNamespace:981 - 0
2026-08-16 04:59:35.364 | DEBUG    | androguard.core.axml:getAttributeUri:968 - 0
2026-08-16 04:59:35.364 | DEBUG    | androguard.core.axml:getAttributeName:997 - 0
2026-08-16 04:59:35.364 | DEBUG    | androguard.core.axml:getAttributeValueType:1027 - 0
2026-08-16 04:59:35.364 | DEBUG    | androguard.core.axml:getAttributeValueData:1038 - 0
2026-08-16 04:59:35.364 | DEBUG    | androguard.core.axml:getAttributeValue:1052 - 0
2026-08-16 04:59:35.364 | DEBUG    | androguard.core.axml:__init__:1195 - found an attribute: {http://schemas.android.com/apk/res/android}name='b'android.intent.action.QUICKBOOT_POWERON''
2026-08-16 04:59:35.364 | DEBUG    | androguard.core.axml:is_valid:575 - True
2026-08-16 04:59:35.364 | DEBUG    | androguard.core.axml:_do_next:593 - M_EVENT 2
2026-08-16 04:59:35.364 | DEBUG    | androguard.core.axml:_do_next:608 - NEXT HEADER <ARSCHeader idx='0x00007734' type='259' header_size='16' size='24'>
2026-08-16 04:59:35.364 | DEBUG    | androguard.core.axml:__init__:1146 - DEBUG ARSC TYPE 3
2026-08-16 04:59:35.364 | DEBUG    | androguard.core.axml:is_valid:575 - True
2026-08-16 04:59:35.364 | DEBUG    | androguard.core.axml:_do_next:593 - M_EVENT 3
2026-08-16 04:59:35.364 | DEBUG    | androguard.core.axml:_do_next:608 - NEXT HEADER <ARSCHeader idx='0x0000774c' type='258' header_size='16' size='56'>
2026-08-16 04:59:35.365 | DEBUG    | androguard.core.axml:__init__:1146 - DEBUG ARSC TYPE 2
2026-08-16 04:59:35.365 | DEBUG    | androguard.core.axml:__init__:1167 - START_TAG: action (line=211)
2026-08-16 04:59:35.365 | DEBUG    | androguard.core.axml:getAttributeNamespace:981 - 0
2026-08-16 04:59:35.365 | DEBUG    | androguard.core.axml:getAttributeUri:968 - 0
2026-08-16 04:59:35.365 | DEBUG    | androguard.core.axml:getAttributeName:997 - 0
2026-08-16 04:59:35.365 | DEBUG    | androguard.core.axml:getAttributeValueType:1027 - 0
2026-08-16 04:59:35.365 | DEBUG    | androguard.core.axml:getAttributeValueData:1038 - 0
2026-08-16 04:59:35.365 | DEBUG    | androguard.core.axml:getAttributeValue:1052 - 0
2026-08-16 04:59:35.365 | DEBUG    | androguard.core.axml:__init__:1195 - found an attribute: {http://schemas.android.com/apk/res/android}name='b'com.htc.intent.action.QUICKBOOT_POWERON''
2026-08-16 04:59:35.365 | DEBUG    | androguard.core.axml:is_valid:575 - True
2026-08-16 04:59:35.365 | DEBUG    | androguard.core.axml:_do_next:593 - M_EVENT 2
2026-08-16 04:59:35.365 | DEBUG    | androguard.core.axml:_do_next:608 - NEXT HEADER <ARSCHeader idx='0x00007784' type='259' header_size='16' size='24'>
2026-08-16 04:59:35.365 | DEBUG    | androguard.core.axml:__init__:1146 - DEBUG ARSC TYPE 3
2026-08-16 04:59:35.365 | DEBUG    | androguard.core.axml:is_valid:575 - True
2026-08-16 04:59:35.365 | DEBUG    | androguard.core.axml:_do_next:593 - M_EVENT 3
2026-08-16 04:59:35.365 | DEBUG    | androguard.core.axml:_do_next:608 - NEXT HEADER <ARSCHeader idx='0x0000779c' type='259' header_size='16' size='24'>
2026-08-16 04:59:35.365 | DEBUG    | androguard.core.axml:__init__:1146 - DEBUG ARSC TYPE 3
2026-08-16 04:59:35.365 | DEBUG    | androguard.core.axml:is_valid:575 - True
2026-08-16 04:59:35.365 | DEBUG    | androguard.core.axml:_do_next:593 - M_EVENT 3
2026-08-16 04:59:35.365 | DEBUG    | androguard.core.axml:_do_next:608 - NEXT HEADER <ARSCHeader idx='0x000077b4' type='259' header_size='16' size='24'>
2026-08-16 04:59:35.365 | DEBUG    | androguard.core.axml:__init__:1146 - DEBUG ARSC TYPE 3
2026-08-16 04:59:35.365 | DEBUG    | androguard.core.axml:is_valid:575 - True
2026-08-16 04:59:35.365 | DEBUG    | androguard.core.axml:_do_next:593 - M_EVENT 3
2026-08-16 04:59:35.365 | DEBUG    | androguard.core.axml:_do_next:608 - NEXT HEADER <ARSCHeader idx='0x000077cc' type='258' header_size='16' size='76'>
2026-08-16 04:59:35.365 | DEBUG    | androguard.core.axml:__init__:1146 - DEBUG ARSC TYPE 2
2026-08-16 04:59:35.365 | DEBUG    | androguard.core.axml:__init__:1167 - START_TAG: receiver (line=214)
2026-08-16 04:59:35.365 | DEBUG    | androguard.core.axml:getAttributeNamespace:981 - 0
2026-08-16 04:59:35.365 | DEBUG    | androguard.core.axml:getAttributeUri:968 - 0
2026-08-16 04:59:35.365 | DEBUG    | androguard.core.axml:getAttributeName:997 - 0
2026-08-16 04:59:35.365 | DEBUG    | androguard.core.axml:getAttributeValueType:1027 - 0
2026-08-16 04:59:35.365 | DEBUG    | androguard.core.axml:getAttributeValueData:1038 - 0
2026-08-16 04:59:35.365 | DEBUG    | androguard.core.axml:getAttributeValue:1052 - 0
2026-08-16 04:59:35.365 | DEBUG    | androguard.core.axml:__init__:1195 - found an attribute: {http://schemas.android.com/apk/res/android}name='b'ofpfpdlekdjxj.wjdjd.ejdjf.ididr''
2026-08-16 04:59:35.365 | DEBUG    | androguard.core.axml:getAttributeNamespace:981 - 1
2026-08-16 04:59:35.365 | DEBUG    | androguard.core.axml:getAttributeUri:968 - 1
2026-08-16 04:59:35.365 | DEBUG    | androguard.core.axml:getAttributeName:997 - 1
2026-08-16 04:59:35.365 | DEBUG    | androguard.core.axml:getAttributeValueType:1027 - 1
2026-08-16 04:59:35.365 | DEBUG    | androguard.core.axml:getAttributeValueData:1038 - 1
2026-08-16 04:59:35.365 | DEBUG    | androguard.core.axml:__init__:1195 - found an attribute: {http://schemas.android.com/apk/res/android}enabled='b'false''
2026-08-16 04:59:35.365 | DEBUG    | androguard.core.axml:is_valid:575 - True
2026-08-16 04:59:35.365 | DEBUG    | androguard.core.axml:_do_next:593 - M_EVENT 2
2026-08-16 04:59:35.365 | DEBUG    | androguard.core.axml:_do_next:608 - NEXT HEADER <ARSCHeader idx='0x00007818' type='259' header_size='16' size='24'>
2026-08-16 04:59:35.365 | DEBUG    | androguard.core.axml:__init__:1146 - DEBUG ARSC TYPE 3
2026-08-16 04:59:35.365 | DEBUG    | androguard.core.axml:is_valid:575 - True
2026-08-16 04:59:35.365 | DEBUG    | androguard.core.axml:_do_next:593 - M_EVENT 3
2026-08-16 04:59:35.365 | DEBUG    | androguard.core.axml:_do_next:608 - NEXT HEADER <ARSCHeader idx='0x00007830' type='258' header_size='16' size='96'>
2026-08-16 04:59:35.365 | DEBUG    | androguard.core.axml:__init__:1146 - DEBUG ARSC TYPE 2
2026-08-16 04:59:35.365 | DEBUG    | androguard.core.axml:__init__:1167 - START_TAG: receiver (line=215)
2026-08-16 04:59:35.365 | DEBUG    | androguard.core.axml:getAttributeNamespace:981 - 0
2026-08-16 04:59:35.365 | DEBUG    | androguard.core.axml:getAttributeUri:968 - 0
2026-08-16 04:59:35.365 | DEBUG    | androguard.core.axml:getAttributeName:997 - 0
2026-08-16 04:59:35.365 | DEBUG    | androguard.core.axml:getAttributeValueType:1027 - 0
2026-08-16 04:59:35.365 | DEBUG    | androguard.core.axml:getAttributeValueData:1038 - 0
2026-08-16 04:59:35.365 | DEBUG    | androguard.core.axml:getAttributeValue:1052 - 0
2026-08-16 04:59:35.365 | DEBUG    | androguard.core.axml:__init__:1195 - found an attribute: {http://schemas.android.com/apk/res/android}name='b'cfidkd.djjdj.dkdkeiver''
2026-08-16 04:59:35.365 | DEBUG    | androguard.core.axml:getAttributeNamespace:981 - 1
2026-08-16 04:59:35.365 | DEBUG    | androguard.core.axml:getAttributeUri:968 - 1
2026-08-16 04:59:35.365 | DEBUG    | androguard.core.axml:getAttributeName:997 - 1
2026-08-16 04:59:35.365 | DEBUG    | androguard.core.axml:getAttributeValueType:1027 - 1
2026-08-16 04:59:35.365 | DEBUG    | androguard.core.axml:getAttributeValueData:1038 - 1
2026-08-16 04:59:35.365 | DEBUG    | androguard.core.axml:__init__:1195 - found an attribute: {http://schemas.android.com/apk/res/android}enabled='b'false''
2026-08-16 04:59:35.365 | DEBUG    | androguard.core.axml:getAttributeNamespace:981 - 2
2026-08-16 04:59:35.365 | DEBUG    | androguard.core.axml:getAttributeUri:968 - 2
2026-08-16 04:59:35.365 | DEBUG    | androguard.core.axml:getAttributeName:997 - 2
2026-08-16 04:59:35.365 | DEBUG    | androguard.core.axml:getAttributeValueType:1027 - 2
2026-08-16 04:59:35.365 | DEBUG    | androguard.core.axml:getAttributeValueData:1038 - 2
2026-08-16 04:59:35.365 | DEBUG    | androguard.core.axml:__init__:1195 - found an attribute: {http://schemas.android.com/apk/res/android}exported='b'true''
2026-08-16 04:59:35.365 | DEBUG    | androguard.core.axml:is_valid:575 - True
2026-08-16 04:59:35.365 | DEBUG    | androguard.core.axml:_do_next:593 - M_EVENT 2
2026-08-16 04:59:35.365 | DEBUG    | androguard.core.axml:_do_next:608 - NEXT HEADER <ARSCHeader idx='0x00007890' type='258' header_size='16' size='36'>
2026-08-16 04:59:35.365 | DEBUG    | androguard.core.axml:__init__:1146 - DEBUG ARSC TYPE 2
2026-08-16 04:59:35.365 | DEBUG    | androguard.core.axml:__init__:1167 - START_TAG: intent-filter (line=216)
2026-08-16 04:59:35.365 | DEBUG    | androguard.core.axml:is_valid:575 - True
2026-08-16 04:59:35.365 | DEBUG    | androguard.core.axml:_do_next:593 - M_EVENT 2
2026-08-16 04:59:35.365 | DEBUG    | androguard.core.axml:_do_next:608 - NEXT HEADER <ARSCHeader idx='0x000078b4' type='258' header_size='16' size='56'>
2026-08-16 04:59:35.365 | DEBUG    | androguard.core.axml:__init__:1146 - DEBUG ARSC TYPE 2
2026-08-16 04:59:35.365 | DEBUG    | androguard.core.axml:__init__:1167 - START_TAG: action (line=217)
2026-08-16 04:59:35.365 | DEBUG    | androguard.core.axml:getAttributeNamespace:981 - 0
2026-08-16 04:59:35.365 | DEBUG    | androguard.core.axml:getAttributeUri:968 - 0
2026-08-16 04:59:35.365 | DEBUG    | androguard.core.axml:getAttributeName:997 - 0
2026-08-16 04:59:35.365 | DEBUG    | androguard.core.axml:getAttributeValueType:1027 - 0
2026-08-16 04:59:35.365 | DEBUG    | androguard.core.axml:getAttributeValueData:1038 - 0
2026-08-16 04:59:35.365 | DEBUG    | androguard.core.axml:getAttributeValue:1052 - 0
2026-08-16 04:59:35.365 | DEBUG    | androguard.core.axml:__init__:1195 - found an attribute: {http://schemas.android.com/apk/res/android}name='b'android.intent.action.PACKAGE_ADDED''
2026-08-16 04:59:35.365 | DEBUG    | androguard.core.axml:is_valid:575 - True
2026-08-16 04:59:35.365 | DEBUG    | androguard.core.axml:_do_next:593 - M_EVENT 2
2026-08-16 04:59:35.365 | DEBUG    | androguard.core.axml:_do_next:608 - NEXT HEADER <ARSCHeader idx='0x000078ec' type='259' header_size='16' size='24'>
2026-08-16 04:59:35.365 | DEBUG    | androguard.core.axml:__init__:1146 - DEBUG ARSC TYPE 3
2026-08-16 04:59:35.365 | DEBUG    | androguard.core.axml:is_valid:575 - True
2026-08-16 04:59:35.365 | DEBUG    | androguard.core.axml:_do_next:593 - M_EVENT 3
2026-08-16 04:59:35.365 | DEBUG    | androguard.core.axml:_do_next:608 - NEXT HEADER <ARSCHeader idx='0x00007904' type='258' header_size='16' size='56'>
2026-08-16 04:59:35.365 | DEBUG    | androguard.core.axml:__init__:1146 - DEBUG ARSC TYPE 2
2026-08-16 04:59:35.365 | DEBUG    | androguard.core.axml:__init__:1167 - START_TAG: data (line=218)
2026-08-16 04:59:35.365 | DEBUG    | androguard.core.axml:getAttributeNamespace:981 - 0
2026-08-16 04:59:35.365 | DEBUG    | androguard.core.axml:getAttributeUri:968 - 0
2026-08-16 04:59:35.365 | DEBUG    | androguard.core.axml:getAttributeName:997 - 0
2026-08-16 04:59:35.365 | DEBUG    | androguard.core.axml:getAttributeValueType:1027 - 0
2026-08-16 04:59:35.365 | DEBUG    | androguard.core.axml:getAttributeValueData:1038 - 0
2026-08-16 04:59:35.365 | DEBUG    | androguard.core.axml:getAttributeValue:1052 - 0
2026-08-16 04:59:35.365 | DEBUG    | androguard.core.axml:__init__:1195 - found an attribute: {http://schemas.android.com/apk/res/android}scheme='b'package''
2026-08-16 04:59:35.365 | DEBUG    | androguard.core.axml:is_valid:575 - True
2026-08-16 04:59:35.365 | DEBUG    | androguard.core.axml:_do_next:593 - M_EVENT 2
2026-08-16 04:59:35.365 | DEBUG    | androguard.core.axml:_do_next:608 - NEXT HEADER <ARSCHeader idx='0x0000793c' type='259' header_size='16' size='24'>
2026-08-16 04:59:35.365 | DEBUG    | androguard.core.axml:__init__:1146 - DEBUG ARSC TYPE 3
2026-08-16 04:59:35.365 | DEBUG    | androguard.core.axml:is_valid:575 - True
2026-08-16 04:59:35.365 | DEBUG    | androguard.core.axml:_do_next:593 - M_EVENT 3
2026-08-16 04:59:35.365 | DEBUG    | androguard.core.axml:_do_next:608 - NEXT HEADER <ARSCHeader idx='0x00007954' type='259' header_size='16' size='24'>
2026-08-16 04:59:35.365 | DEBUG    | androguard.core.axml:__init__:1146 - DEBUG ARSC TYPE 3
2026-08-16 04:59:35.365 | DEBUG    | androguard.core.axml:is_valid:575 - True
2026-08-16 04:59:35.365 | DEBUG    | androguard.core.axml:_do_next:593 - M_EVENT 3
2026-08-16 04:59:35.365 | DEBUG    | androguard.core.axml:_do_next:608 - NEXT HEADER <ARSCHeader idx='0x0000796c' type='259' header_size='16' size='24'>
2026-08-16 04:59:35.365 | DEBUG    | androguard.core.axml:__init__:1146 - DEBUG ARSC TYPE 3
2026-08-16 04:59:35.365 | DEBUG    | androguard.core.axml:is_valid:575 - True
2026-08-16 04:59:35.365 | DEBUG    | androguard.core.axml:_do_next:593 - M_EVENT 3
2026-08-16 04:59:35.365 | DEBUG    | androguard.core.axml:_do_next:608 - NEXT HEADER <ARSCHeader idx='0x00007984' type='258' header_size='16' size='136'>
2026-08-16 04:59:35.365 | DEBUG    | androguard.core.axml:__init__:1146 - DEBUG ARSC TYPE 2
2026-08-16 04:59:35.365 | DEBUG    | androguard.core.axml:__init__:1167 - START_TAG: receiver (line=221)
2026-08-16 04:59:35.365 | DEBUG    | androguard.core.axml:getAttributeNamespace:981 - 0
2026-08-16 04:59:35.365 | DEBUG    | androguard.core.axml:getAttributeUri:968 - 0
2026-08-16 04:59:35.365 | DEBUG    | androguard.core.axml:getAttributeName:997 - 0
2026-08-16 04:59:35.366 | DEBUG    | androguard.core.axml:getAttributeValueType:1027 - 0
2026-08-16 04:59:35.366 | DEBUG    | androguard.core.axml:getAttributeValueData:1038 - 0
2026-08-16 04:59:35.366 | DEBUG    | androguard.core.axml:getAttributeValue:1052 - 0
2026-08-16 04:59:35.366 | DEBUG    | androguard.core.axml:__init__:1195 - found an attribute: {http://schemas.android.com/apk/res/android}name='b'anfjfjfidkd.fkkfkdmde.ivfjfjfer''
2026-08-16 04:59:35.366 | DEBUG    | androguard.core.axml:getAttributeNamespace:981 - 1
2026-08-16 04:59:35.366 | DEBUG    | androguard.core.axml:getAttributeUri:968 - 1
2026-08-16 04:59:35.366 | DEBUG    | androguard.core.axml:getAttributeName:997 - 1
2026-08-16 04:59:35.366 | DEBUG    | androguard.core.axml:getAttributeValueType:1027 - 1
2026-08-16 04:59:35.366 | DEBUG    | androguard.core.axml:getAttributeValueData:1038 - 1
2026-08-16 04:59:35.366 | DEBUG    | androguard.core.axml:getAttributeValue:1052 - 1
2026-08-16 04:59:35.366 | DEBUG    | androguard.core.axml:__init__:1195 - found an attribute: {http://schemas.android.com/apk/res/android}permission='b'android.permission.DUMP''
2026-08-16 04:59:35.366 | DEBUG    | androguard.core.axml:getAttributeNamespace:981 - 2
2026-08-16 04:59:35.366 | DEBUG    | androguard.core.axml:getAttributeUri:968 - 2
2026-08-16 04:59:35.366 | DEBUG    | androguard.core.axml:getAttributeName:997 - 2
2026-08-16 04:59:35.366 | DEBUG    | androguard.core.axml:getAttributeValueType:1027 - 2
2026-08-16 04:59:35.366 | DEBUG    | androguard.core.axml:getAttributeValueData:1038 - 2
2026-08-16 04:59:35.366 | DEBUG    | androguard.core.axml:__init__:1195 - found an attribute: {http://schemas.android.com/apk/res/android}enabled='b'false''
2026-08-16 04:59:35.366 | DEBUG    | androguard.core.axml:getAttributeNamespace:981 - 3
2026-08-16 04:59:35.366 | DEBUG    | androguard.core.axml:getAttributeUri:968 - 3
2026-08-16 04:59:35.366 | DEBUG    | androguard.core.axml:getAttributeName:997 - 3
2026-08-16 04:59:35.366 | DEBUG    | androguard.core.axml:getAttributeValueType:1027 - 3
2026-08-16 04:59:35.366 | DEBUG    | androguard.core.axml:getAttributeValueData:1038 - 3
2026-08-16 04:59:35.366 | DEBUG    | androguard.core.axml:__init__:1195 - found an attribute: {http://schemas.android.com/apk/res/android}exported='b'true''
2026-08-16 04:59:35.366 | DEBUG    | androguard.core.axml:getAttributeNamespace:981 - 4
2026-08-16 04:59:35.366 | DEBUG    | androguard.core.axml:getAttributeUri:968 - 4
2026-08-16 04:59:35.366 | DEBUG    | androguard.core.axml:getAttributeName:997 - 4
2026-08-16 04:59:35.366 | DEBUG    | androguard.core.axml:getAttributeValueType:1027 - 4
2026-08-16 04:59:35.366 | DEBUG    | androguard.core.axml:getAttributeValueData:1038 - 4
2026-08-16 04:59:35.366 | DEBUG    | androguard.core.axml:__init__:1195 - found an attribute: {http://schemas.android.com/apk/res/android}directBootAware='b'false''
2026-08-16 04:59:35.366 | DEBUG    | androguard.core.axml:is_valid:575 - True
2026-08-16 04:59:35.366 | DEBUG    | androguard.core.axml:_do_next:593 - M_EVENT 2
2026-08-16 04:59:35.366 | DEBUG    | androguard.core.axml:_do_next:608 - NEXT HEADER <ARSCHeader idx='0x00007a0c' type='258' header_size='16' size='36'>
2026-08-16 04:59:35.366 | DEBUG    | androguard.core.axml:__init__:1146 - DEBUG ARSC TYPE 2
2026-08-16 04:59:35.366 | DEBUG    | androguard.core.axml:__init__:1167 - START_TAG: intent-filter (line=222)
2026-08-16 04:59:35.366 | DEBUG    | androguard.core.axml:is_valid:575 - True
2026-08-16 04:59:35.366 | DEBUG    | androguard.core.axml:_do_next:593 - M_EVENT 2
2026-08-16 04:59:35.366 | DEBUG    | androguard.core.axml:_do_next:608 - NEXT HEADER <ARSCHeader idx='0x00007a30' type='258' header_size='16' size='56'>
2026-08-16 04:59:35.366 | DEBUG    | androguard.core.axml:__init__:1146 - DEBUG ARSC TYPE 2
2026-08-16 04:59:35.366 | DEBUG    | androguard.core.axml:__init__:1167 - START_TAG: action (line=223)
2026-08-16 04:59:35.366 | DEBUG    | androguard.core.axml:getAttributeNamespace:981 - 0
2026-08-16 04:59:35.366 | DEBUG    | androguard.core.axml:getAttributeUri:968 - 0
2026-08-16 04:59:35.366 | DEBUG    | androguard.core.axml:getAttributeName:997 - 0
2026-08-16 04:59:35.366 | DEBUG    | androguard.core.axml:getAttributeValueType:1027 - 0
2026-08-16 04:59:35.366 | DEBUG    | androguard.core.axml:getAttributeValueData:1038 - 0
2026-08-16 04:59:35.366 | DEBUG    | androguard.core.axml:getAttributeValue:1052 - 0
2026-08-16 04:59:35.366 | DEBUG    | androguard.core.axml:__init__:1195 - found an attribute: {http://schemas.android.com/apk/res/android}name='b'androidx.work.diagnostics.REQUEST_DIAGNOSTICS''
2026-08-16 04:59:35.366 | DEBUG    | androguard.core.axml:is_valid:575 - True
2026-08-16 04:59:35.366 | DEBUG    | androguard.core.axml:_do_next:593 - M_EVENT 2
2026-08-16 04:59:35.366 | DEBUG    | androguard.core.axml:_do_next:608 - NEXT HEADER <ARSCHeader idx='0x00007a68' type='259' header_size='16' size='24'>
2026-08-16 04:59:35.366 | DEBUG    | androguard.core.axml:__init__:1146 - DEBUG ARSC TYPE 3
2026-08-16 04:59:35.366 | DEBUG    | androguard.core.axml:is_valid:575 - True
2026-08-16 04:59:35.366 | DEBUG    | androguard.core.axml:_do_next:593 - M_EVENT 3
2026-08-16 04:59:35.366 | DEBUG    | androguard.core.axml:_do_next:608 - NEXT HEADER <ARSCHeader idx='0x00007a80' type='259' header_size='16' size='24'>
2026-08-16 04:59:35.366 | DEBUG    | androguard.core.axml:__init__:1146 - DEBUG ARSC TYPE 3
2026-08-16 04:59:35.366 | DEBUG    | androguard.core.axml:is_valid:575 - True
2026-08-16 04:59:35.366 | DEBUG    | androguard.core.axml:_do_next:593 - M_EVENT 3
2026-08-16 04:59:35.366 | DEBUG    | androguard.core.axml:_do_next:608 - NEXT HEADER <ARSCHeader idx='0x00007a98' type='259' header_size='16' size='24'>
2026-08-16 04:59:35.366 | DEBUG    | androguard.core.axml:__init__:1146 - DEBUG ARSC TYPE 3
2026-08-16 04:59:35.366 | DEBUG    | androguard.core.axml:is_valid:575 - True
2026-08-16 04:59:35.366 | DEBUG    | androguard.core.axml:_do_next:593 - M_EVENT 3
2026-08-16 04:59:35.366 | DEBUG    | androguard.core.axml:_do_next:608 - NEXT HEADER <ARSCHeader idx='0x00007ab0' type='258' header_size='16' size='76'>
2026-08-16 04:59:35.366 | DEBUG    | androguard.core.axml:__init__:1146 - DEBUG ARSC TYPE 2
2026-08-16 04:59:35.366 | DEBUG    | androguard.core.axml:__init__:1167 - START_TAG: meta-data (line=226)
2026-08-16 04:59:35.366 | DEBUG    | androguard.core.axml:getAttributeNamespace:981 - 0
2026-08-16 04:59:35.367 | DEBUG    | androguard.core.axml:getAttributeUri:968 - 0
2026-08-16 04:59:35.367 | DEBUG    | androguard.core.axml:getAttributeName:997 - 0
2026-08-16 04:59:35.367 | DEBUG    | androguard.core.axml:getAttributeValueType:1027 - 0
2026-08-16 04:59:35.367 | DEBUG    | androguard.core.axml:getAttributeValueData:1038 - 0
2026-08-16 04:59:35.367 | DEBUG    | androguard.core.axml:getAttributeValue:1052 - 0
2026-08-16 04:59:35.367 | DEBUG    | androguard.core.axml:__init__:1195 - found an attribute: {http://schemas.android.com/apk/res/android}name='b'com.kaspersky.security.KsConnectService''
2026-08-16 04:59:35.367 | DEBUG    | androguard.core.axml:getAttributeNamespace:981 - 1
2026-08-16 04:59:35.367 | DEBUG    | androguard.core.axml:getAttributeUri:968 - 1
2026-08-16 04:59:35.367 | DEBUG    | androguard.core.axml:getAttributeName:997 - 1
2026-08-16 04:59:35.367 | DEBUG    | androguard.core.axml:getAttributeValueType:1027 - 1
2026-08-16 04:59:35.367 | DEBUG    | androguard.core.axml:getAttributeValueData:1038 - 1
2026-08-16 04:59:35.367 | DEBUG    | androguard.core.axml:getAttributeValue:1052 - 1
2026-08-16 04:59:35.367 | DEBUG    | androguard.core.axml:__init__:1195 - found an attribute: {http://schemas.android.com/apk/res/android}value='b'mfWJRrkd.uh''
2026-08-16 04:59:35.367 | DEBUG    | androguard.core.axml:is_valid:575 - True
2026-08-16 04:59:35.367 | DEBUG    | androguard.core.axml:_do_next:593 - M_EVENT 2
2026-08-16 04:59:35.367 | DEBUG    | androguard.core.axml:_do_next:608 - NEXT HEADER <ARSCHeader idx='0x00007afc' type='259' header_size='16' size='24'>
2026-08-16 04:59:35.367 | DEBUG    | androguard.core.axml:__init__:1146 - DEBUG ARSC TYPE 3
2026-08-16 04:59:35.367 | DEBUG    | androguard.core.axml:is_valid:575 - True
2026-08-16 04:59:35.367 | DEBUG    | androguard.core.axml:_do_next:593 - M_EVENT 3
2026-08-16 04:59:35.367 | DEBUG    | androguard.core.axml:_do_next:608 - NEXT HEADER <ARSCHeader idx='0x00007b14' type='258' header_size='16' size='76'>
2026-08-16 04:59:35.367 | DEBUG    | androguard.core.axml:__init__:1146 - DEBUG ARSC TYPE 2
2026-08-16 04:59:35.367 | DEBUG    | androguard.core.axml:__init__:1167 - START_TAG: meta-data (line=227)
2026-08-16 04:59:35.367 | DEBUG    | androguard.core.axml:getAttributeNamespace:981 - 0
2026-08-16 04:59:35.367 | DEBUG    | androguard.core.axml:getAttributeUri:968 - 0
2026-08-16 04:59:35.367 | DEBUG    | androguard.core.axml:getAttributeName:997 - 0
2026-08-16 04:59:35.367 | DEBUG    | androguard.core.axml:getAttributeValueType:1027 - 0
2026-08-16 04:59:35.367 | DEBUG    | androguard.core.axml:getAttributeValueData:1038 - 0
2026-08-16 04:59:35.367 | DEBUG    | androguard.core.axml:getAttributeValue:1052 - 0
2026-08-16 04:59:35.367 | DEBUG    | androguard.core.axml:__init__:1195 - found an attribute: {http://schemas.android.com/apk/res/android}name='b'com.kaspersky.security.NewKsConnectService''
2026-08-16 04:59:35.367 | DEBUG    | androguard.core.axml:getAttributeNamespace:981 - 1
2026-08-16 04:59:35.367 | DEBUG    | androguard.core.axml:getAttributeUri:968 - 1
2026-08-16 04:59:35.367 | DEBUG    | androguard.core.axml:getAttributeName:997 - 1
2026-08-16 04:59:35.367 | DEBUG    | androguard.core.axml:getAttributeValueType:1027 - 1
2026-08-16 04:59:35.367 | DEBUG    | androguard.core.axml:getAttributeValueData:1038 - 1
2026-08-16 04:59:35.367 | DEBUG    | androguard.core.axml:getAttributeValue:1052 - 1
2026-08-16 04:59:35.367 | DEBUG    | androguard.core.axml:__init__:1195 - found an attribute: {http://schemas.android.com/apk/res/android}value='b'.uh''
2026-08-16 04:59:35.367 | DEBUG    | androguard.core.axml:is_valid:575 - True
2026-08-16 04:59:35.367 | DEBUG    | androguard.core.axml:_do_next:593 - M_EVENT 2
2026-08-16 04:59:35.367 | DEBUG    | androguard.core.axml:_do_next:608 - NEXT HEADER <ARSCHeader idx='0x00007b60' type='259' header_size='16' size='24'>
2026-08-16 04:59:35.367 | DEBUG    | androguard.core.axml:__init__:1146 - DEBUG ARSC TYPE 3
2026-08-16 04:59:35.367 | DEBUG    | androguard.core.axml:is_valid:575 - True
2026-08-16 04:59:35.367 | DEBUG    | androguard.core.axml:_do_next:593 - M_EVENT 3
2026-08-16 04:59:35.367 | DEBUG    | androguard.core.axml:_do_next:608 - NEXT HEADER <ARSCHeader idx='0x00007b78' type='258' header_size='16' size='76'>
2026-08-16 04:59:35.367 | DEBUG    | androguard.core.axml:__init__:1146 - DEBUG ARSC TYPE 2
2026-08-16 04:59:35.367 | DEBUG    | androguard.core.axml:__init__:1167 - START_TAG: meta-data (line=228)
2026-08-16 04:59:35.367 | DEBUG    | androguard.core.axml:getAttributeNamespace:981 - 0
2026-08-16 04:59:35.367 | DEBUG    | androguard.core.axml:getAttributeUri:968 - 0
2026-08-16 04:59:35.367 | DEBUG    | androguard.core.axml:getAttributeName:997 - 0
2026-08-16 04:59:35.367 | DEBUG    | androguard.core.axml:getAttributeValueType:1027 - 0
2026-08-16 04:59:35.367 | DEBUG    | androguard.core.axml:getAttributeValueData:1038 - 0
2026-08-16 04:59:35.367 | DEBUG    | androguard.core.axml:getAttributeValue:1052 - 0
2026-08-16 04:59:35.367 | DEBUG    | androguard.core.axml:__init__:1195 - found an attribute: {http://schemas.android.com/apk/res/android}name='b'android.app.shortcuts''
2026-08-16 04:59:35.367 | DEBUG    | androguard.core.axml:getAttributeNamespace:981 - 1
2026-08-16 04:59:35.367 | DEBUG    | androguard.core.axml:getAttributeUri:968 - 1
2026-08-16 04:59:35.367 | DEBUG    | androguard.core.axml:getAttributeName:997 - 1
2026-08-16 04:59:35.367 | DEBUG    | androguard.core.axml:getAttributeValueType:1027 - 1
2026-08-16 04:59:35.367 | DEBUG    | androguard.core.axml:getAttributeValueData:1038 - 1
2026-08-16 04:59:35.367 | DEBUG    | androguard.core.axml:getAttributeValue:1052 - 1
2026-08-16 04:59:35.367 | DEBUG    | androguard.core.axml:__init__:1195 - found an attribute: {http://schemas.android.com/apk/res/android}value='b'ReplaceThisWithWorkerName''
2026-08-16 04:59:35.367 | DEBUG    | androguard.core.axml:is_valid:575 - True
2026-08-16 04:59:35.367 | DEBUG    | androguard.core.axml:_do_next:593 - M_EVENT 2
2026-08-16 04:59:35.367 | DEBUG    | androguard.core.axml:_do_next:608 - NEXT HEADER <ARSCHeader idx='0x00007bc4' type='259' header_size='16' size='24'>
2026-08-16 04:59:35.367 | DEBUG    | androguard.core.axml:__init__:1146 - DEBUG ARSC TYPE 3
2026-08-16 04:59:35.367 | DEBUG    | androguard.core.axml:is_valid:575 - True
2026-08-16 04:59:35.367 | DEBUG    | androguard.core.axml:_do_next:593 - M_EVENT 3
2026-08-16 04:59:35.367 | DEBUG    | androguard.core.axml:_do_next:608 - NEXT HEADER <ARSCHeader idx='0x00007bdc' type='259' header_size='16' size='24'>
2026-08-16 04:59:35.367 | DEBUG    | androguard.core.axml:__init__:1146 - DEBUG ARSC TYPE 3
2026-08-16 04:59:35.367 | DEBUG    | androguard.core.axml:is_valid:575 - True
2026-08-16 04:59:35.367 | DEBUG    | androguard.core.axml:_do_next:593 - M_EVENT 3
2026-08-16 04:59:35.367 | DEBUG    | androguard.core.axml:_do_next:608 - NEXT HEADER <ARSCHeader idx='0x00007bf4' type='258' header_size='16' size='56'>
2026-08-16 04:59:35.367 | DEBUG    | androguard.core.axml:__init__:1146 - DEBUG ARSC TYPE 2
2026-08-16 04:59:35.367 | DEBUG    | androguard.core.axml:__init__:1167 - START_TAG: uses-permission (line=230)
2026-08-16 04:59:35.367 | DEBUG    | androguard.core.axml:getAttributeNamespace:981 - 0
2026-08-16 04:59:35.367 | DEBUG    | androguard.core.axml:getAttributeUri:968 - 0
2026-08-16 04:59:35.367 | DEBUG    | androguard.core.axml:getAttributeName:997 - 0
2026-08-16 04:59:35.367 | DEBUG    | androguard.core.axml:getAttributeValueType:1027 - 0
2026-08-16 04:59:35.367 | DEBUG    | androguard.core.axml:getAttributeValueData:1038 - 0
2026-08-16 04:59:35.367 | DEBUG    | androguard.core.axml:getAttributeValue:1052 - 0
2026-08-16 04:59:35.367 | DEBUG    | androguard.core.axml:__init__:1195 - found an attribute: {http://schemas.android.com/apk/res/android}name='b'android.permission.WRITE_SETTINGS''
2026-08-16 04:59:35.367 | DEBUG    | androguard.core.axml:is_valid:575 - True
2026-08-16 04:59:35.367 | DEBUG    | androguard.core.axml:_do_next:593 - M_EVENT 2
2026-08-16 04:59:35.367 | DEBUG    | androguard.core.axml:_do_next:608 - NEXT HEADER <ARSCHeader idx='0x00007c2c' type='259' header_size='16' size='24'>
2026-08-16 04:59:35.367 | DEBUG    | androguard.core.axml:__init__:1146 - DEBUG ARSC TYPE 3
2026-08-16 04:59:35.367 | DEBUG    | androguard.core.axml:is_valid:575 - True
2026-08-16 04:59:35.367 | DEBUG    | androguard.core.axml:_do_next:593 - M_EVENT 3
2026-08-16 04:59:35.367 | DEBUG    | androguard.core.axml:_do_next:608 - NEXT HEADER <ARSCHeader idx='0x00007c44' type='258' header_size='16' size='56'>
2026-08-16 04:59:35.367 | DEBUG    | androguard.core.axml:__init__:1146 - DEBUG ARSC TYPE 2
2026-08-16 04:59:35.367 | DEBUG    | androguard.core.axml:__init__:1167 - START_TAG: uses-permission (line=231)
2026-08-16 04:59:35.367 | DEBUG    | androguard.core.axml:getAttributeNamespace:981 - 0
2026-08-16 04:59:35.367 | DEBUG    | androguard.core.axml:getAttributeUri:968 - 0
2026-08-16 04:59:35.367 | DEBUG    | androguard.core.axml:getAttributeName:997 - 0
2026-08-16 04:59:35.367 | DEBUG    | androguard.core.axml:getAttributeValueType:1027 - 0
2026-08-16 04:59:35.367 | DEBUG    | androguard.core.axml:getAttributeValueData:1038 - 0
2026-08-16 04:59:35.367 | DEBUG    | androguard.core.axml:getAttributeValue:1052 - 0
2026-08-16 04:59:35.367 | DEBUG    | androguard.core.axml:__init__:1195 - found an attribute: {http://schemas.android.com/apk/res/android}name='b'android.permission.FOREGROUND_SERVICE_MICROPHONE''
2026-08-16 04:59:35.367 | DEBUG    | androguard.core.axml:is_valid:575 - True
2026-08-16 04:59:35.367 | DEBUG    | androguard.core.axml:_do_next:593 - M_EVENT 2
2026-08-16 04:59:35.367 | DEBUG    | androguard.core.axml:_do_next:608 - NEXT HEADER <ARSCHeader idx='0x00007c7c' type='259' header_size='16' size='24'>
2026-08-16 04:59:35.367 | DEBUG    | androguard.core.axml:__init__:1146 - DEBUG ARSC TYPE 3
2026-08-16 04:59:35.367 | DEBUG    | androguard.core.axml:is_valid:575 - True
2026-08-16 04:59:35.367 | DEBUG    | androguard.core.axml:_do_next:593 - M_EVENT 3
2026-08-16 04:59:35.368 | DEBUG    | androguard.core.axml:_do_next:608 - NEXT HEADER <ARSCHeader idx='0x00007c94' type='258' header_size='16' size='56'>
2026-08-16 04:59:35.368 | DEBUG    | androguard.core.axml:__init__:1146 - DEBUG ARSC TYPE 2
2026-08-16 04:59:35.368 | DEBUG    | androguard.core.axml:__init__:1167 - START_TAG: uses-permission (line=232)
2026-08-16 04:59:35.368 | DEBUG    | androguard.core.axml:getAttributeNamespace:981 - 0
2026-08-16 04:59:35.368 | DEBUG    | androguard.core.axml:getAttributeUri:968 - 0
2026-08-16 04:59:35.368 | DEBUG    | androguard.core.axml:getAttributeName:997 - 0
2026-08-16 04:59:35.368 | DEBUG    | androguard.core.axml:getAttributeValueType:1027 - 0
2026-08-16 04:59:35.368 | DEBUG    | androguard.core.axml:getAttributeValueData:1038 - 0
2026-08-16 04:59:35.368 | DEBUG    | androguard.core.axml:getAttributeValue:1052 - 0
2026-08-16 04:59:35.368 | DEBUG    | androguard.core.axml:__init__:1195 - found an attribute: {http://schemas.android.com/apk/res/android}name='b'android.permission.BLUETOOTH_CONNECT''
2026-08-16 04:59:35.368 | DEBUG    | androguard.core.axml:is_valid:575 - True
2026-08-16 04:59:35.368 | DEBUG    | androguard.core.axml:_do_next:593 - M_EVENT 2
2026-08-16 04:59:35.368 | DEBUG    | androguard.core.axml:_do_next:608 - NEXT HEADER <ARSCHeader idx='0x00007ccc' type='259' header_size='16' size='24'>
2026-08-16 04:59:35.368 | DEBUG    | androguard.core.axml:__init__:1146 - DEBUG ARSC TYPE 3
2026-08-16 04:59:35.368 | DEBUG    | androguard.core.axml:is_valid:575 - True
2026-08-16 04:59:35.368 | DEBUG    | androguard.core.axml:_do_next:593 - M_EVENT 3
2026-08-16 04:59:35.368 | DEBUG    | androguard.core.axml:_do_next:608 - NEXT HEADER <ARSCHeader idx='0x00007ce4' type='258' header_size='16' size='56'>
2026-08-16 04:59:35.368 | DEBUG    | androguard.core.axml:__init__:1146 - DEBUG ARSC TYPE 2
2026-08-16 04:59:35.368 | DEBUG    | androguard.core.axml:__init__:1167 - START_TAG: uses-permission (line=233)
2026-08-16 04:59:35.368 | DEBUG    | androguard.core.axml:getAttributeNamespace:981 - 0
2026-08-16 04:59:35.368 | DEBUG    | androguard.core.axml:getAttributeUri:968 - 0
2026-08-16 04:59:35.368 | DEBUG    | androguard.core.axml:getAttributeName:997 - 0
2026-08-16 04:59:35.368 | DEBUG    | androguard.core.axml:getAttributeValueType:1027 - 0
2026-08-16 04:59:35.368 | DEBUG    | androguard.core.axml:getAttributeValueData:1038 - 0
2026-08-16 04:59:35.368 | DEBUG    | androguard.core.axml:getAttributeValue:1052 - 0
2026-08-16 04:59:35.368 | DEBUG    | androguard.core.axml:__init__:1195 - found an attribute: {http://schemas.android.com/apk/res/android}name='b'android.permission.READ_APP_BADGE''
2026-08-16 04:59:35.368 | DEBUG    | androguard.core.axml:is_valid:575 - True
2026-08-16 04:59:35.368 | DEBUG    | androguard.core.axml:_do_next:593 - M_EVENT 2
2026-08-16 04:59:35.368 | DEBUG    | androguard.core.axml:_do_next:608 - NEXT HEADER <ARSCHeader idx='0x00007d1c' type='259' header_size='16' size='24'>
2026-08-16 04:59:35.368 | DEBUG    | androguard.core.axml:__init__:1146 - DEBUG ARSC TYPE 3
2026-08-16 04:59:35.368 | DEBUG    | androguard.core.axml:is_valid:575 - True
2026-08-16 04:59:35.368 | DEBUG    | androguard.core.axml:_do_next:593 - M_EVENT 3
2026-08-16 04:59:35.368 | DEBUG    | androguard.core.axml:_do_next:608 - NEXT HEADER <ARSCHeader idx='0x00007d34' type='258' header_size='16' size='56'>
2026-08-16 04:59:35.368 | DEBUG    | androguard.core.axml:__init__:1146 - DEBUG ARSC TYPE 2
2026-08-16 04:59:35.368 | DEBUG    | androguard.core.axml:__init__:1167 - START_TAG: uses-permission (line=234)
2026-08-16 04:59:35.368 | DEBUG    | androguard.core.axml:getAttributeNamespace:981 - 0
2026-08-16 04:59:35.368 | DEBUG    | androguard.core.axml:getAttributeUri:968 - 0
2026-08-16 04:59:35.368 | DEBUG    | androguard.core.axml:getAttributeName:997 - 0
2026-08-16 04:59:35.368 | DEBUG    | androguard.core.axml:getAttributeValueType:1027 - 0
2026-08-16 04:59:35.368 | DEBUG    | androguard.core.axml:getAttributeValueData:1038 - 0
2026-08-16 04:59:35.368 | DEBUG    | androguard.core.axml:getAttributeValue:1052 - 0
2026-08-16 04:59:35.368 | DEBUG    | androguard.core.axml:__init__:1195 - found an attribute: {http://schemas.android.com/apk/res/android}name='b'android.permission.BLUETOOTH_SCAN''
2026-08-16 04:59:35.368 | DEBUG    | androguard.core.axml:is_valid:575 - True
2026-08-16 04:59:35.368 | DEBUG    | androguard.core.axml:_do_next:593 - M_EVENT 2
2026-08-16 04:59:35.368 | DEBUG    | androguard.core.axml:_do_next:608 - NEXT HEADER <ARSCHeader idx='0x00007d6c' type='259' header_size='16' size='24'>
2026-08-16 04:59:35.368 | DEBUG    | androguard.core.axml:__init__:1146 - DEBUG ARSC TYPE 3
2026-08-16 04:59:35.368 | DEBUG    | androguard.core.axml:is_valid:575 - True
2026-08-16 04:59:35.368 | DEBUG    | androguard.core.axml:_do_next:593 - M_EVENT 3
2026-08-16 04:59:35.368 | DEBUG    | androguard.core.axml:_do_next:608 - NEXT HEADER <ARSCHeader idx='0x00007d84' type='258' header_size='16' size='56'>
2026-08-16 04:59:35.368 | DEBUG    | androguard.core.axml:__init__:1146 - DEBUG ARSC TYPE 2
2026-08-16 04:59:35.368 | DEBUG    | androguard.core.axml:__init__:1167 - START_TAG: uses-permission (line=235)
2026-08-16 04:59:35.368 | DEBUG    | androguard.core.axml:getAttributeNamespace:981 - 0
2026-08-16 04:59:35.368 | DEBUG    | androguard.core.axml:getAttributeUri:968 - 0
2026-08-16 04:59:35.368 | DEBUG    | androguard.core.axml:getAttributeName:997 - 0
2026-08-16 04:59:35.368 | DEBUG    | androguard.core.axml:getAttributeValueType:1027 - 0
2026-08-16 04:59:35.368 | DEBUG    | androguard.core.axml:getAttributeValueData:1038 - 0
2026-08-16 04:59:35.368 | DEBUG    | androguard.core.axml:getAttributeValue:1052 - 0
2026-08-16 04:59:35.368 | DEBUG    | androguard.core.axml:__init__:1195 - found an attribute: {http://schemas.android.com/apk/res/android}name='b'com.oppo.launcher.permission.READ_SETTINGS''
2026-08-16 04:59:35.368 | DEBUG    | androguard.core.axml:is_valid:575 - True
2026-08-16 04:59:35.368 | DEBUG    | androguard.core.axml:_do_next:593 - M_EVENT 2
2026-08-16 04:59:35.368 | DEBUG    | androguard.core.axml:_do_next:608 - NEXT HEADER <ARSCHeader idx='0x00007dbc' type='259' header_size='16' size='24'>
2026-08-16 04:59:35.368 | DEBUG    | androguard.core.axml:__init__:1146 - DEBUG ARSC TYPE 3
2026-08-16 04:59:35.368 | DEBUG    | androguard.core.axml:is_valid:575 - True
2026-08-16 04:59:35.368 | DEBUG    | androguard.core.axml:_do_next:593 - M_EVENT 3
2026-08-16 04:59:35.368 | DEBUG    | androguard.core.axml:_do_next:608 - NEXT HEADER <ARSCHeader idx='0x00007dd4' type='259' header_size='16' size='24'>
2026-08-16 04:59:35.368 | DEBUG    | androguard.core.axml:__init__:1146 - DEBUG ARSC TYPE 3
2026-08-16 04:59:35.368 | DEBUG    | androguard.core.axml:is_valid:575 - True
2026-08-16 04:59:35.368 | DEBUG    | androguard.core.axml:_do_next:593 - M_EVENT 3
2026-08-16 04:59:35.368 | DEBUG    | androguard.core.axml:_do_next:608 - NEXT HEADER <ARSCHeader idx='0x00007dec' type='257' header_size='16' size='24'>
2026-08-16 04:59:35.368 | DEBUG    | androguard.core.axml:__init__:1146 - DEBUG ARSC TYPE 1
